[03:24:32 Msk] [TX_3] Фасилити: 0 | Интент: init | Назначение (P1): 0 | Статус TX: READY | Трасса ORIGINS: []
[03:24:32 Msk] [TX_1] Фасилити: 9 | Интент: TRIGGER_RESIZE | Назначение (P1): 9 | Статус TX: READY | Трасса ORIGINS: []
[03:24:32 Msk] [TX_2] Фасилити: 11 | Интент: BOOT_LAYOUT_TREE | Назначение (P1): 11 | Статус TX: READY | Трасса ORIGINS: []
[03:24:32 Msk] [TX_6] Фасилити: 0 | Интент: SYNCHRONIZE_DYNAMIC_SLOT | Назначение (P1): 0 | Статус TX: READY | Трасса ORIGINS: [11]
[03:24:32 Msk] [TX_17] Фасилити: 12 | Интент: REGISTRATION_TAB_SPACE | Назначение (P1): 12 | Статус TX: READY | Трасса ORIGINS: []
[03:24:32 Msk] [TX_24] Фасилити: 14 | Интент: SYNC_SCROLLBAR_METRICS | Назначение (P1): 14 | Статус TX: READY | Трасса ORIGINS: [106]
[03:24:32 Msk] [TX_22] Фасилити: 108 | Интент: ADD_LOG_ENTRY | Назначение (P1): 108 | Статус TX: READY | Трасса ORIGINS: [1]
[03:24:32 Msk] [TX_35] Фасилити: 9 | Интент: INJECT_GEO_MAP | Назначение (P1): 9 | Статус TX: READY | Трасса ORIGINS: [9]
[03:24:32 Msk] [TX_27] Фасилити: 108 | Интент: ADD_LOG_ENTRY | Назначение (P1): 108 | Статус TX: READY | Трасса ORIGINS: [102]
[03:24:32 Msk] [TX_30] Фасилити: 103 | Интент: INJECT_VFS_DATA | Назначение (P1): 103 | Статус TX: READY | Трасса ORIGINS: [103]
[03:24:32 Msk] [TX_28] Фасилити: 102 | Интент: INJECT_VFS_DATA | Назначение (P1): 102 | Статус TX: READY | Трасса ORIGINS: [102]
[03:24:32 Msk] [TX_43] Фасилити: 14 | Интент: SYNC_SCROLLBAR_METRICS | Назначение (P1): 14 | Статус TX: READY | Трасса ORIGINS: [103]
[03:24:32 Msk] [TX_44] Фасилити: 14 | Интент: SYNC_SCROLLBAR_METRICS | Назначение (P1): 14 | Статус TX: READY | Трасса ORIGINS: [103]
[03:24:32 Msk] [TX_45] Фасилити: 14 | Интент: SYNC_SCROLLBAR_METRICS | Назначение (P1): 14 | Статус TX: READY | Трасса ORIGINS: [102]
[03:24:32 Msk] [TX_46] Фасилити: 14 | Интент: SYNC_SCROLLBAR_METRICS | Назначение (P1): 14 | Статус TX: READY | Трасса ORIGINS: [102]
[03:24:35 Msk] [TX_52] Фасилити: 108 | Интент: ADD_LOG_ENTRY | Назначение (P1): 108 | Статус TX: READY | Трасса ORIGINS: []
[03:24:39 Msk] [TX_64] Фасилити: 14 | Интент: SCROLL_CONTENT_DOWN | Назначение (P1): 14 | Статус TX: READY | Трасса ORIGINS: [10]
[03:24:39 Msk] [TX_65] Фасилити: 108 | Интент: NOTIFY_SCROLL_MUTATED | Назначение (P1): 108 | Статус TX: READY | Трасса ORIGINS: [14]
[03:24:40 Msk] [TX_70] Фасилити: 14 | Интент: SCROLL_CONTENT_UP | Назначение (P1): 14 | Статус TX: READY | Трасса ORIGINS: [10]
[03:24:41 Msk] [TX_73] Фасилити: 14 | Интент: SCROLL_CONTENT_UP | Назначение (P1): 14 | Статус TX: READY | Трасса ORIGINS: [10]
[03:24:42 Msk] [TX_76] Фасилити: 14 | Интент: SCROLL_CONTENT_UP | Назначение (P1): 14 | Статус TX: READY | Трасса ORIGINS: [10]
[03:24:42 Msk] [TX_79] Фасилити: 14 | Интент: SCROLL_CONTENT_UP | Назначение (P1): 14 | Статус TX: READY | Трасса ORIGINS: [10]
[03:24:42 Msk] [TX_82] Фасилити: 14 | Интент: SCROLL_CONTENT_DOWN | Назначение (P1): 14 | Статус TX: READY | Трасса ORIGINS: [10]
[03:24:42 Msk] [TX_85] Фасилити: 14 | Интент: SCROLL_CONTENT_DOWN | Назначение (P1): 14 | Статус TX: READY | Трасса ORIGINS: [10]
[03:24:42 Msk] [TX_88] Фасилити: 14 | Интент: SCROLL_CONTENT_DOWN | Назначение (P1): 14 | Статус TX: READY | Трасса ORIGINS: [10]
[03:24:42 Msk] [TX_91] Фасилити: 14 | Интент: SCROLL_CONTENT_DOWN | Назначение (P1): 14 | Статус TX: READY | Трасса ORIGINS: [10]
[03:24:42 Msk] [TX_94] Фасилити: 14 | Интент: SCROLL_CONTENT_DOWN | Назначение (P1): 14 | Статус TX: READY | Трасса ORIGINS: [10]
[03:24:42 Msk] [TX_97] Фасилити: 14 | Интент: SCROLL_CONTENT_UP | Назначение (P1): 14 | Статус TX: READY | Трасса ORIGINS: [10]
[03:24:42 Msk] [TX_100] Фасилити: 14 | Интент: SCROLL_CONTENT_UP | Назначение (P1): 14 | Статус TX: READY | Трасса ORIGINS: [10]
[03:24:42 Msk] [TX_103] Фасилити: 14 | Интент: SCROLL_CONTENT_UP | Назначение (P1): 14 | Статус TX: READY | Трасса ORIGINS: [10]
[03:24:42 Msk] [TX_106] Фасилити: 14 | Интент: SCROLL_CONTENT_UP | Назначение (P1): 14 | Статус TX: READY | Трасса ORIGINS: [10]
[03:24:42 Msk] [TX_109] Фасилити: 14 | Интент: SCROLL_CONTENT_UP | Назначение (P1): 14 | Статус TX: READY | Трасса ORIGINS: [10]
[03:24:56 Msk] [TX_112] Фасилити: 14 | Интент: SCROLL_CONTENT_DOWN | Назначение (P1): 14 | Статус TX: READY | Трасса ORIGINS: [10]
[03:24:56 Msk] [TX_115] Фасилити: 14 | Интент: SCROLL_CONTENT_DOWN | Назначение (P1): 14 | Статус TX: READY | Трасса ORIGINS: [10]
[03:24:56 Msk] [TX_118] Фасилити: 14 | Интент: SCROLL_CONTENT_DOWN | Назначение (P1): 14 | Статус TX: READY | Трасса ORIGINS: [10]
[03:24:57 Msk] [TOP_GEN] Целевой Канал Шины: 0 | Интент: SET_SLOT_FOCUS | Конечная цель фокуса: 108
[03:24:57 Msk] [TX_121] Фасилити: 0 | Интент: SET_SLOT_FOCUS | Назначение (P1): 0 | Статус TX: READY | Трасса ORIGINS: [10]
[03:24:58 Msk] [TX_126] Фасилити: 14 | Интент: SCROLL_CONTENT_DOWN | Назначение (P1): 14 | Статус TX: READY | Трасса ORIGINS: [10]
[03:24:58 Msk] [TX_129] Фасилити: 14 | Интент: SCROLL_CONTENT_DOWN | Назначение (P1): 14 | Статус TX: READY | Трасса ORIGINS: [10]
[03:24:58 Msk] [TX_132] Фасилити: 14 | Интент: SCROLL_CONTENT_DOWN | Назначение (P1): 14 | Статус TX: READY | Трасса ORIGINS: [10]
[03:24:58 Msk] [TX_135] Фасилити: 14 | Интент: SCROLL_CONTENT_DOWN | Назначение (P1): 14 | Статус TX: READY | Трасса ORIGINS: [10]
[03:24:58 Msk] [TX_138] Фасилити: 14 | Интент: SCROLL_CONTENT_UP | Назначение (P1): 14 | Статус TX: READY | Трасса ORIGINS: [10]
[03:24:58 Msk] [TX_141] Фасилити: 14 | Интент: SCROLL_CONTENT_UP | Назначение (P1): 14 | Статус TX: READY | Трасса ORIGINS: [10]
[03:24:58 Msk] [TX_144] Фасилити: 14 | Интент: SCROLL_CONTENT_UP | Назначение (P1): 14 | Статус TX: READY | Трасса ORIGINS: [10]
[03:24:58 Msk] [TX_147] Фасилити: 14 | Интент: SCROLL_CONTENT_UP | Назначение (P1): 14 | Статус TX: READY | Трасса ORIGINS: [10]
[03:24:58 Msk] [TX_150] Фасилити: 14 | Интент: SCROLL_CONTENT_UP | Назначение (P1): 14 | Статус TX: READY | Трасса ORIGINS: [10]
[03:24:58 Msk] [TX_153] Фасилити: 14 | Интент: SCROLL_CONTENT_UP | Назначение (P1): 14 | Статус TX: READY | Трасса ORIGINS: [10]
[03:24:59 Msk] [TX_156] Фасилити: 14 | Интент: SCROLL_CONTENT_DOWN | Назначение (P1): 14 | Статус TX: READY | Трасса ORIGINS: [10]
[03:24:59 Msk] [TX_159] Фасилити: 14 | Интент: SCROLL_CONTENT_DOWN | Назначение (P1): 14 | Статус TX: READY | Трасса ORIGINS: [10]
[03:24:59 Msk] [TX_162] Фасилити: 14 | Интент: SCROLL_CONTENT_DOWN | Назначение (P1): 14 | Статус TX: READY | Трасса ORIGINS: [10]
[03:24:59 Msk] [TX_165] Фасилити: 108 | Интент: MOUSE_CLICK | Назначение (P1): 108 | Статус TX: READY | Трасса ORIGINS: [10]
[03:25:00 Msk] [TX_168] Фасилити: 14 | Интент: SCROLL_CONTENT_DOWN | Назначение (P1): 14 | Статус TX: READY | Трасса ORIGINS: [10]
[03:25:00 Msk] [TX_171] Фасилити: 14 | Интент: SCROLL_CONTENT_DOWN | Назначение (P1): 14 | Статус TX: READY | Трасса ORIGINS: [10]
[03:25:00 Msk] [TX_174] Фасилити: 14 | Интент: SCROLL_CONTENT_UP | Назначение (P1): 14 | Статус TX: READY | Трасса ORIGINS: [10]
[03:25:00 Msk] [TX_177] Фасилити: 14 | Интент: SCROLL_CONTENT_UP | Назначение (P1): 14 | Статус TX: READY | Трасса ORIGINS: [10]
[03:25:00 Msk] [TX_180] Фасилити: 14 | Интент: SCROLL_CONTENT_UP | Назначение (P1): 14 | Статус TX: READY | Трасса ORIGINS: [10]
[03:25:00 Msk] [TX_183] Фасилити: 14 | Интент: SCROLL_CONTENT_UP | Назначение (P1): 14 | Статус TX: READY | Трасса ORIGINS: [10]
[03:25:00 Msk] [TX_186] Фасилити: 14 | Интент: SCROLL_CONTENT_UP | Назначение (P1): 14 | Статус TX: READY | Трасса ORIGINS: [10]
[03:29:17 Msk] [TX_3] Фасилити: 0 | Интент: init | Назначение (P1): 0 | Статус TX: READY | Трасса ORIGINS: []
[03:29:17 Msk] [TX_1] Фасилити: 9 | Интент: TRIGGER_RESIZE | Назначение (P1): 9 | Статус TX: READY | Трасса ORIGINS: []
[03:29:17 Msk] [TX_2] Фасилити: 11 | Интент: BOOT_LAYOUT_TREE | Назначение (P1): 11 | Статус TX: READY | Трасса ORIGINS: []
[03:29:17 Msk] [TX_6] Фасилити: 0 | Интент: SYNCHRONIZE_DYNAMIC_SLOT | Назначение (P1): 0 | Статус TX: READY | Трасса ORIGINS: [11]
[03:29:17 Msk] [TX_17] Фасилити: 12 | Интент: REGISTRATION_TAB_SPACE | Назначение (P1): 12 | Статус TX: READY | Трасса ORIGINS: []
[03:29:17 Msk] [TX_24] Фасилити: 14 | Интент: SYNC_SCROLLBAR_METRICS | Назначение (P1): 14 | Статус TX: READY | Трасса ORIGINS: [106]
[03:29:17 Msk] [TX_22] Фасилити: 108 | Интент: ADD_LOG_ENTRY | Назначение (P1): 108 | Статус TX: READY | Трасса ORIGINS: [1]
[03:29:17 Msk] [TX_35] Фасилити: 9 | Интент: INJECT_GEO_MAP | Назначение (P1): 9 | Статус TX: READY | Трасса ORIGINS: [9]
[03:29:17 Msk] [TX_27] Фасилити: 108 | Интент: ADD_LOG_ENTRY | Назначение (P1): 108 | Статус TX: READY | Трасса ORIGINS: [102]
[03:29:17 Msk] [TX_30] Фасилити: 103 | Интент: INJECT_VFS_DATA | Назначение (P1): 103 | Статус TX: READY | Трасса ORIGINS: [103]
[03:29:17 Msk] [TX_28] Фасилити: 102 | Интент: INJECT_VFS_DATA | Назначение (P1): 102 | Статус TX: READY | Трасса ORIGINS: [102]
[03:29:17 Msk] [TX_43] Фасилити: 14 | Интент: SYNC_SCROLLBAR_METRICS | Назначение (P1): 14 | Статус TX: READY | Трасса ORIGINS: [103]
[03:29:17 Msk] [TX_44] Фасилити: 14 | Интент: SYNC_SCROLLBAR_METRICS | Назначение (P1): 14 | Статус TX: READY | Трасса ORIGINS: [103]
[03:29:17 Msk] [TX_45] Фасилити: 14 | Интент: SYNC_SCROLLBAR_METRICS | Назначение (P1): 14 | Статус TX: READY | Трасса ORIGINS: [102]
[03:29:17 Msk] [TX_46] Фасилити: 14 | Интент: SYNC_SCROLLBAR_METRICS | Назначение (P1): 14 | Статус TX: READY | Трасса ORIGINS: [102]
[03:31:04 Msk] [TX_3] Фасилити: 0 | Интент: init | Назначение (P1): 0 | Статус TX: READY | Трасса ORIGINS: []
[03:31:04 Msk] [TX_1] Фасилити: 9 | Интент: TRIGGER_RESIZE | Назначение (P1): 9 | Статус TX: READY | Трасса ORIGINS: []
[03:31:04 Msk] [TX_2] Фасилити: 11 | Интент: BOOT_LAYOUT_TREE | Назначение (P1): 11 | Статус TX: READY | Трасса ORIGINS: []
[03:31:04 Msk] [TX_6] Фасилити: 0 | Интент: SYNCHRONIZE_DYNAMIC_SLOT | Назначение (P1): 0 | Статус TX: READY | Трасса ORIGINS: [11]
[03:31:04 Msk] [TX_17] Фасилити: 12 | Интент: REGISTRATION_TAB_SPACE | Назначение (P1): 12 | Статус TX: READY | Трасса ORIGINS: []
[03:31:04 Msk] [TX_24] Фасилити: 14 | Интент: SYNC_SCROLLBAR_METRICS | Назначение (P1): 14 | Статус TX: READY | Трасса ORIGINS: [106]
[03:31:04 Msk] [TX_22] Фасилити: 108 | Интент: ADD_LOG_ENTRY | Назначение (P1): 108 | Статус TX: READY | Трасса ORIGINS: [1]
[03:31:04 Msk] [TX_35] Фасилити: 9 | Интент: INJECT_GEO_MAP | Назначение (P1): 9 | Статус TX: READY | Трасса ORIGINS: [9]
[03:31:04 Msk] [TX_27] Фасилити: 108 | Интент: ADD_LOG_ENTRY | Назначение (P1): 108 | Статус TX: READY | Трасса ORIGINS: [102]
[03:31:04 Msk] [TX_30] Фасилити: 103 | Интент: INJECT_VFS_DATA | Назначение (P1): 103 | Статус TX: READY | Трасса ORIGINS: [103]
[03:31:04 Msk] [TX_28] Фасилити: 102 | Интент: INJECT_VFS_DATA | Назначение (P1): 102 | Статус TX: READY | Трасса ORIGINS: [102]
[03:31:04 Msk] [TX_43] Фасилити: 14 | Интент: SYNC_SCROLLBAR_METRICS | Назначение (P1): 14 | Статус TX: READY | Трасса ORIGINS: [103]
[03:31:04 Msk] [TX_44] Фасилити: 14 | Интент: SYNC_SCROLLBAR_METRICS | Назначение (P1): 14 | Статус TX: READY | Трасса ORIGINS: [103]
[03:31:04 Msk] [TX_45] Фасилити: 14 | Интент: SYNC_SCROLLBAR_METRICS | Назначение (P1): 14 | Статус TX: READY | Трасса ORIGINS: [102]
[03:31:04 Msk] [TX_46] Фасилити: 14 | Интент: SYNC_SCROLLBAR_METRICS | Назначение (P1): 14 | Статус TX: READY | Трасса ORIGINS: [102]
[03:44:22 Msk] [TX_3] Фасилити: 0 | Интент: init | Назначение (P1): 0 | Статус TX: READY | Трасса ORIGINS: []
[03:44:22 Msk] [TX_1] Фасилити: 9 | Интент: TRIGGER_RESIZE | Назначение (P1): 9 | Статус TX: READY | Трасса ORIGINS: []
[03:44:22 Msk] [TX_2] Фасилити: 11 | Интент: BOOT_LAYOUT_TREE | Назначение (P1): 11 | Статус TX: READY | Трасса ORIGINS: []
[03:44:22 Msk] [TX_6] Фасилити: 0 | Интент: SYNCHRONIZE_DYNAMIC_SLOT | Назначение (P1): 0 | Статус TX: READY | Трасса ORIGINS: [11]
[03:44:22 Msk] [TX_17] Фасилити: 12 | Интент: REGISTRATION_TAB_SPACE | Назначение (P1): 12 | Статус TX: READY | Трасса ORIGINS: []
[03:44:22 Msk] [TX_24] Фасилити: 14 | Интент: SYNC_SCROLLBAR_METRICS | Назначение (P1): 14 | Статус TX: READY | Трасса ORIGINS: [106]
[03:44:22 Msk] [TX_22] Фасилити: 108 | Интент: ADD_LOG_ENTRY | Назначение (P1): 108 | Статус TX: READY | Трасса ORIGINS: [1]
[03:44:22 Msk] [TX_35] Фасилити: 9 | Интент: INJECT_GEO_MAP | Назначение (P1): 9 | Статус TX: READY | Трасса ORIGINS: [9]
[03:44:22 Msk] [TX_27] Фасилити: 108 | Интент: ADD_LOG_ENTRY | Назначение (P1): 108 | Статус TX: READY | Трасса ORIGINS: [102]
[03:44:22 Msk] [TX_30] Фасилити: 103 | Интент: INJECT_VFS_DATA | Назначение (P1): 103 | Статус TX: READY | Трасса ORIGINS: [103]
[03:44:22 Msk] [TX_28] Фасилити: 102 | Интент: INJECT_VFS_DATA | Назначение (P1): 102 | Статус TX: READY | Трасса ORIGINS: [102]
[03:44:22 Msk] [TX_43] Фасилити: 14 | Интент: SYNC_SCROLLBAR_METRICS | Назначение (P1): 14 | Статус TX: READY | Трасса ORIGINS: [103]
[03:44:22 Msk] [TX_44] Фасилити: 14 | Интент: SYNC_SCROLLBAR_METRICS | Назначение (P1): 14 | Статус TX: READY | Трасса ORIGINS: [103]
[03:44:22 Msk] [TX_45] Фасилити: 14 | Интент: SYNC_SCROLLBAR_METRICS | Назначение (P1): 14 | Статус TX: READY | Трасса ORIGINS: [102]
[03:44:22 Msk] [TX_46] Фасилити: 14 | Интент: SYNC_SCROLLBAR_METRICS | Назначение (P1): 14 | Статус TX: READY | Трасса ORIGINS: [102]
[03:44:26 Msk] [TOP_GEN] Целевой Канал Шины: 0 | Интент: SET_SLOT_FOCUS | Конечная цель фокуса: 102
[03:44:26 Msk] [TX_55] Фасилити: 102 | Интент: MOUSE_CLICK | Назначение (P1): 102 | Статус TX: READY | Трасса ORIGINS: [10]
[03:44:26 Msk] [TX_54] Фасилити: 0 | Интент: SET_SLOT_FOCUS | Назначение (P1): 0 | Статус TX: READY | Трасса ORIGINS: [10]
[03:44:27 Msk] [TOP_GEN] Целевой Канал Шины: 0 | Интент: SET_SLOT_FOCUS | Конечная цель фокуса: 103
[03:44:27 Msk] [TX_61] Фасилити: 103 | Интент: MOUSE_CLICK | Назначение (P1): 103 | Статус TX: READY | Трасса ORIGINS: [10]
[03:44:27 Msk] [TX_60] Фасилити: 0 | Интент: SET_SLOT_FOCUS | Назначение (P1): 0 | Статус TX: READY | Трасса ORIGINS: [10]
[03:44:28 Msk] [TX_66] Фасилити: 14 | Интент: SCROLL_CONTENT_DOWN | Назначение (P1): 14 | Статус TX: READY | Трасса ORIGINS: [10]
[03:44:28 Msk] [TX_69] Фасилити: 14 | Интент: SCROLL_CONTENT_DOWN | Назначение (P1): 14 | Статус TX: READY | Трасса ORIGINS: [10]
[03:44:28 Msk] [TX_72] Фасилити: 14 | Интент: SCROLL_CONTENT_DOWN | Назначение (P1): 14 | Статус TX: READY | Трасса ORIGINS: [10]
[03:44:28 Msk] [TX_75] Фасилити: 14 | Интент: SCROLL_CONTENT_UP | Назначение (P1): 14 | Статус TX: READY | Трасса ORIGINS: [10]
[03:44:28 Msk] [TX_78] Фасилити: 14 | Интент: SCROLL_CONTENT_UP | Назначение (P1): 14 | Статус TX: READY | Трасса ORIGINS: [10]
[03:44:28 Msk] [TX_81] Фасилити: 14 | Интент: SCROLL_CONTENT_UP | Назначение (P1): 14 | Статус TX: READY | Трасса ORIGINS: [10]
[03:44:28 Msk] [TX_84] Фасилити: 14 | Интент: SCROLL_CONTENT_UP | Назначение (P1): 14 | Статус TX: READY | Трасса ORIGINS: [10]
[03:44:28 Msk] [TX_87] Фасилити: 14 | Интент: SCROLL_CONTENT_DOWN | Назначение (P1): 14 | Статус TX: READY | Трасса ORIGINS: [10]
[03:44:28 Msk] [TX_90] Фасилити: 14 | Интент: SCROLL_CONTENT_DOWN | Назначение (P1): 14 | Статус TX: READY | Трасса ORIGINS: [10]
[03:44:29 Msk] [TOP_GEN] Целевой Канал Шины: 0 | Интент: SET_SLOT_FOCUS | Конечная цель фокуса: 102
[03:44:29 Msk] [TX_94] Фасилити: 12 | Интент: TAB_CLICKED | Назначение (P1): 12 | Статус TX: READY | Трасса ORIGINS: [10]
[03:44:29 Msk] [TX_96] Фасилити: 108 | Интент: ADD_LOG_ENTRY | Назначение (P1): 108 | Статус TX: READY | Трасса ORIGINS: [10]
[03:44:29 Msk] [TX_95] Фасилити: 102 | Интент: SWITCH_SLOT_TAB | Назначение (P1): 102 | Статус TX: READY | Трасса ORIGINS: [12]
[03:44:29 Msk] [TX_93] Фасилити: 0 | Интент: SET_SLOT_FOCUS | Назначение (P1): 0 | Статус TX: READY | Трасса ORIGINS: [10]
[03:44:29 Msk] [TX_100] Фасилити: 108 | Интент: ADD_LOG_ENTRY | Назначение (P1): 108 | Статус TX: READY | Трасса ORIGINS: [102]
[03:44:29 Msk] [TX_101] Фасилити: 102 | Интент: INJECT_VFS_DATA | Назначение (P1): 102 | Статус TX: READY | Трасса ORIGINS: [102]
[03:44:29 Msk] [TX_104] Фасилити: 14 | Интент: SYNC_SCROLLBAR_METRICS | Назначение (P1): 14 | Статус TX: READY | Трасса ORIGINS: [102]
[03:44:29 Msk] [TX_108] Фасилити: 14 | Интент: SCROLL_CONTENT_DOWN | Назначение (P1): 14 | Статус TX: READY | Трасса ORIGINS: [10]
[03:44:29 Msk] [TX_111] Фасилити: 14 | Интент: SCROLL_CONTENT_DOWN | Назначение (P1): 14 | Статус TX: READY | Трасса ORIGINS: [10]
[03:44:29 Msk] [TX_114] Фасилити: 14 | Интент: SCROLL_CONTENT_DOWN | Назначение (P1): 14 | Статус TX: READY | Трасса ORIGINS: [10]
[03:44:30 Msk] [TX_117] Фасилити: 14 | Интент: SCROLL_CONTENT_UP | Назначение (P1): 14 | Статус TX: READY | Трасса ORIGINS: [10]
[03:44:30 Msk] [TX_120] Фасилити: 14 | Интент: SCROLL_CONTENT_UP | Назначение (P1): 14 | Статус TX: READY | Трасса ORIGINS: [10]
[03:44:31 Msk] [TX_123] Фасилити: 12 | Интент: TAB_CLICKED | Назначение (P1): 12 | Статус TX: READY | Трасса ORIGINS: [10]
[03:44:31 Msk] [TX_125] Фасилити: 108 | Интент: ADD_LOG_ENTRY | Назначение (P1): 108 | Статус TX: READY | Трасса ORIGINS: [10]
[03:44:31 Msk] [TX_124] Фасилити: 102 | Интент: SWITCH_SLOT_TAB | Назначение (P1): 102 | Статус TX: READY | Трасса ORIGINS: [12]
[03:44:31 Msk] [TX_129] Фасилити: 108 | Интент: ADD_LOG_ENTRY | Назначение (P1): 108 | Статус TX: READY | Трасса ORIGINS: [102]
[03:44:31 Msk] [TX_130] Фасилити: 102 | Интент: INJECT_VFS_DATA | Назначение (P1): 102 | Статус TX: READY | Трасса ORIGINS: [102]
[03:44:31 Msk] [TX_132] Фасилити: 14 | Интент: SYNC_SCROLLBAR_METRICS | Назначение (P1): 14 | Статус TX: READY | Трасса ORIGINS: [102]
[03:44:32 Msk] [TX_136] Фасилити: 12 | Интент: TAB_CLICKED | Назначение (P1): 12 | Статус TX: READY | Трасса ORIGINS: [10]
[03:44:32 Msk] [TX_138] Фасилити: 108 | Интент: ADD_LOG_ENTRY | Назначение (P1): 108 | Статус TX: READY | Трасса ORIGINS: [10]
[03:44:32 Msk] [TX_137] Фасилити: 102 | Интент: SWITCH_SLOT_TAB | Назначение (P1): 102 | Статус TX: READY | Трасса ORIGINS: [12]
[03:44:32 Msk] [TX_142] Фасилити: 108 | Интент: ADD_LOG_ENTRY | Назначение (P1): 108 | Статус TX: READY | Трасса ORIGINS: [102]
[03:44:32 Msk] [TX_143] Фасилити: 102 | Интент: INJECT_VFS_DATA | Назначение (P1): 102 | Статус TX: READY | Трасса ORIGINS: [102]
[03:44:32 Msk] [TX_145] Фасилити: 14 | Интент: SYNC_SCROLLBAR_METRICS | Назначение (P1): 14 | Статус TX: READY | Трасса ORIGINS: [102]
[03:44:33 Msk] [TX_149] Фасилити: 12 | Интент: TAB_CLICKED | Назначение (P1): 12 | Статус TX: READY | Трасса ORIGINS: [10]
[03:44:33 Msk] [TX_150] Фасилити: 104 | Интент: KEYBOARD_MODIFIER_CHANGED | Назначение (P1): 104 | Статус TX: READY | Трасса ORIGINS: [10]
[03:44:33 Msk] [TX_151] Фасилити: 108 | Интент: ADD_LOG_ENTRY | Назначение (P1): 108 | Статус TX: READY | Трасса ORIGINS: [10]
[03:44:33 Msk] [TX_158] Фасилити: 12 | Интент: TAB_CLICKED | Назначение (P1): 12 | Статус TX: READY | Трасса ORIGINS: [10]
[03:44:35 Msk] [TOP_GEN] Целевой Канал Шины: 0 | Интент: SET_SLOT_FOCUS | Конечная цель фокуса: 102
[03:44:35 Msk] [TX_162] Фасилити: 12 | Интент: TAB_CLICKED | Назначение (P1): 12 | Статус TX: READY | Трасса ORIGINS: [10]
[03:44:35 Msk] [TX_164] Фасилити: 108 | Интент: ADD_LOG_ENTRY | Назначение (P1): 108 | Статус TX: READY | Трасса ORIGINS: [10]
[03:44:35 Msk] [TX_163] Фасилити: 102 | Интент: SWITCH_SLOT_TAB | Назначение (P1): 102 | Статус TX: READY | Трасса ORIGINS: [12]
[03:44:35 Msk] [TX_161] Фасилити: 0 | Интент: SET_SLOT_FOCUS | Назначение (P1): 0 | Статус TX: READY | Трасса ORIGINS: [10]
[03:44:35 Msk] [TX_168] Фасилити: 108 | Интент: ADD_LOG_ENTRY | Назначение (P1): 108 | Статус TX: READY | Трасса ORIGINS: [102]
[03:44:35 Msk] [TX_169] Фасилити: 102 | Интент: INJECT_VFS_DATA | Назначение (P1): 102 | Статус TX: READY | Трасса ORIGINS: [102]
[03:44:35 Msk] [TX_172] Фасилити: 14 | Интент: SYNC_SCROLLBAR_METRICS | Назначение (P1): 14 | Статус TX: READY | Трасса ORIGINS: [102]
[03:44:36 Msk] [TX_176] Фасилити: 12 | Интент: TAB_CLICKED | Назначение (P1): 12 | Статус TX: READY | Трасса ORIGINS: [10]
[03:44:36 Msk] [TX_178] Фасилити: 108 | Интент: ADD_LOG_ENTRY | Назначение (P1): 108 | Статус TX: READY | Трасса ORIGINS: [10]
[03:44:36 Msk] [TX_177] Фасилити: 102 | Интент: SWITCH_SLOT_TAB | Назначение (P1): 102 | Статус TX: READY | Трасса ORIGINS: [12]
[03:44:36 Msk] [TX_182] Фасилити: 108 | Интент: ADD_LOG_ENTRY | Назначение (P1): 108 | Статус TX: READY | Трасса ORIGINS: [102]
[03:44:36 Msk] [TX_183] Фасилити: 102 | Интент: INJECT_VFS_DATA | Назначение (P1): 102 | Статус TX: READY | Трасса ORIGINS: [102]
[03:44:36 Msk] [TX_185] Фасилити: 14 | Интент: SYNC_SCROLLBAR_METRICS | Назначение (P1): 14 | Статус TX: READY | Трасса ORIGINS: [102]
[03:44:36 Msk] [TX_189] Фасилити: 12 | Интент: TAB_CLICKED | Назначение (P1): 12 | Статус TX: READY | Трасса ORIGINS: [10]
[03:44:38 Msk] [TX_192] Фасилити: 12 | Интент: TAB_CLICKED | Назначение (P1): 12 | Статус TX: READY | Трасса ORIGINS: [10]
[03:44:38 Msk] [TX_194] Фасилити: 108 | Интент: ADD_LOG_ENTRY | Назначение (P1): 108 | Статус TX: READY | Трасса ORIGINS: [10]
[03:44:38 Msk] [TX_193] Фасилити: 102 | Интент: SWITCH_SLOT_TAB | Назначение (P1): 102 | Статус TX: READY | Трасса ORIGINS: [12]
[03:44:38 Msk] [TX_198] Фасилити: 108 | Интент: ADD_LOG_ENTRY | Назначение (P1): 108 | Статус TX: READY | Трасса ORIGINS: [102]
[03:44:38 Msk] [TX_199] Фасилити: 102 | Интент: INJECT_VFS_DATA | Назначение (P1): 102 | Статус TX: READY | Трасса ORIGINS: [102]
[03:44:38 Msk] [TX_201] Фасилити: 14 | Интент: SYNC_SCROLLBAR_METRICS | Назначение (P1): 14 | Статус TX: READY | Трасса ORIGINS: [102]
[03:44:39 Msk] [TX_205] Фасилити: 12 | Интент: TAB_CLICKED | Назначение (P1): 12 | Статус TX: READY | Трасса ORIGINS: [10]
[03:44:39 Msk] [TX_207] Фасилити: 108 | Интент: ADD_LOG_ENTRY | Назначение (P1): 108 | Статус TX: READY | Трасса ORIGINS: [10]
[03:44:39 Msk] [TX_206] Фасилити: 102 | Интент: SWITCH_SLOT_TAB | Назначение (P1): 102 | Статус TX: READY | Трасса ORIGINS: [12]
[03:44:39 Msk] [TX_211] Фасилити: 108 | Интент: ADD_LOG_ENTRY | Назначение (P1): 108 | Статус TX: READY | Трасса ORIGINS: [102]
[03:44:39 Msk] [TX_212] Фасилити: 102 | Интент: INJECT_VFS_DATA | Назначение (P1): 102 | Статус TX: READY | Трасса ORIGINS: [102]
[03:44:39 Msk] [TX_214] Фасилити: 14 | Интент: SYNC_SCROLLBAR_METRICS | Назначение (P1): 14 | Статус TX: READY | Трасса ORIGINS: [102]
[03:44:39 Msk] [TX_218] Фасилити: 12 | Интент: TAB_CLICKED | Назначение (P1): 12 | Статус TX: READY | Трасса ORIGINS: [10]
[03:44:39 Msk] [TX_220] Фасилити: 108 | Интент: ADD_LOG_ENTRY | Назначение (P1): 108 | Статус TX: READY | Трасса ORIGINS: [10]
[03:44:39 Msk] [TX_219] Фасилити: 102 | Интент: SWITCH_SLOT_TAB | Назначение (P1): 102 | Статус TX: READY | Трасса ORIGINS: [12]
[03:44:39 Msk] [TX_224] Фасилити: 108 | Интент: ADD_LOG_ENTRY | Назначение (P1): 108 | Статус TX: READY | Трасса ORIGINS: [102]
[03:44:39 Msk] [TX_225] Фасилити: 102 | Интент: INJECT_VFS_DATA | Назначение (P1): 102 | Статус TX: READY | Трасса ORIGINS: [102]
[03:44:39 Msk] [TX_227] Фасилити: 14 | Интент: SYNC_SCROLLBAR_METRICS | Назначение (P1): 14 | Статус TX: READY | Трасса ORIGINS: [102]
[03:44:40 Msk] [TX_231] Фасилити: 12 | Интент: TAB_CLICKED | Назначение (P1): 12 | Статус TX: READY | Трасса ORIGINS: [10]
[03:44:40 Msk] [TX_233] Фасилити: 108 | Интент: ADD_LOG_ENTRY | Назначение (P1): 108 | Статус TX: READY | Трасса ORIGINS: [10]
[03:44:40 Msk] [TX_232] Фасилити: 102 | Интент: SWITCH_SLOT_TAB | Назначение (P1): 102 | Статус TX: READY | Трасса ORIGINS: [12]
[03:44:40 Msk] [TX_237] Фасилити: 108 | Интент: ADD_LOG_ENTRY | Назначение (P1): 108 | Статус TX: READY | Трасса ORIGINS: [102]
[03:44:40 Msk] [TX_238] Фасилити: 102 | Интент: INJECT_VFS_DATA | Назначение (P1): 102 | Статус TX: READY | Трасса ORIGINS: [102]
[03:44:40 Msk] [TX_240] Фасилити: 14 | Интент: SYNC_SCROLLBAR_METRICS | Назначение (P1): 14 | Статус TX: READY | Трасса ORIGINS: [102]
[03:44:41 Msk] [TX_244] Фасилити: 14 | Интент: SCROLL_CONTENT_DOWN | Назначение (P1): 14 | Статус TX: READY | Трасса ORIGINS: [10]
[03:44:41 Msk] [TX_247] Фасилити: 14 | Интент: SCROLL_CONTENT_DOWN | Назначение (P1): 14 | Статус TX: READY | Трасса ORIGINS: [10]
[03:44:41 Msk] [TX_250] Фасилити: 14 | Интент: SCROLL_CONTENT_DOWN | Назначение (P1): 14 | Статус TX: READY | Трасса ORIGINS: [10]
[03:44:41 Msk] [TX_253] Фасилити: 14 | Интент: SCROLL_CONTENT_DOWN | Назначение (P1): 14 | Статус TX: READY | Трасса ORIGINS: [10]
[03:44:41 Msk] [TX_256] Фасилити: 14 | Интент: SCROLL_CONTENT_UP | Назначение (P1): 14 | Статус TX: READY | Трасса ORIGINS: [10]
[03:44:41 Msk] [TX_259] Фасилити: 14 | Интент: SCROLL_CONTENT_UP | Назначение (P1): 14 | Статус TX: READY | Трасса ORIGINS: [10]
[03:44:41 Msk] [TX_262] Фасилити: 14 | Интент: SCROLL_CONTENT_UP | Назначение (P1): 14 | Статус TX: READY | Трасса ORIGINS: [10]
[03:44:41 Msk] [TX_265] Фасилити: 14 | Интент: SCROLL_CONTENT_UP | Назначение (P1): 14 | Статус TX: READY | Трасса ORIGINS: [10]
[03:44:41 Msk] [TX_268] Фасилити: 14 | Интент: SCROLL_CONTENT_UP | Назначение (P1): 14 | Статус TX: READY | Трасса ORIGINS: [10]
[03:44:41 Msk] [TX_271] Фасилити: 14 | Интент: SCROLL_CONTENT_DOWN | Назначение (P1): 14 | Статус TX: READY | Трасса ORIGINS: [10]
[03:44:41 Msk] [TX_274] Фасилити: 14 | Интент: SCROLL_CONTENT_DOWN | Назначение (P1): 14 | Статус TX: READY | Трасса ORIGINS: [10]
[03:44:41 Msk] [TX_277] Фасилити: 14 | Интент: SCROLL_CONTENT_DOWN | Назначение (P1): 14 | Статус TX: READY | Трасса ORIGINS: [10]
[03:44:43 Msk] [TX_280] Фасилити: 102 | Интент: MOUSE_CLICK | Назначение (P1): 102 | Статус TX: READY | Трасса ORIGINS: [10]
[03:44:45 Msk] [TOP_GEN] Целевой Канал Шины: 0 | Интент: SET_SLOT_FOCUS | Конечная цель фокуса: 105
[03:44:45 Msk] [TX_283] Фасилити: 0 | Интент: SET_SLOT_FOCUS | Назначение (P1): 0 | Статус TX: READY | Трасса ORIGINS: [10]
[03:44:47 Msk] [TOP_GEN] Целевой Канал Шины: 0 | Интент: SET_SLOT_FOCUS | Конечная цель фокуса: 102
[03:44:47 Msk] [TX_296] Фасилити: 102 | Интент: MOUSE_CLICK | Назначение (P1): 102 | Статус TX: READY | Трасса ORIGINS: [10]
[03:44:47 Msk] [TX_295] Фасилити: 0 | Интент: SET_SLOT_FOCUS | Назначение (P1): 0 | Статус TX: READY | Трасса ORIGINS: [10]
[03:44:51 Msk] [TX_301] Фасилити: 12 | Интент: TAB_CLICKED | Назначение (P1): 12 | Статус TX: READY | Трасса ORIGINS: [10]
[03:44:51 Msk] [TX_304] Фасилити: 12 | Интент: TAB_CLICKED | Назначение (P1): 12 | Статус TX: READY | Трасса ORIGINS: [10]
[03:44:52 Msk] [TX_307] Фасилити: 12 | Интент: TAB_CLICKED | Назначение (P1): 12 | Статус TX: READY | Трасса ORIGINS: [10]
[03:44:52 Msk] [TX_310] Фасилити: 12 | Интент: TAB_CLICKED | Назначение (P1): 12 | Статус TX: READY | Трасса ORIGINS: [10]
[03:44:52 Msk] [TX_311] Фасилити: 104 | Интент: KEYBOARD_MODIFIER_CHANGED | Назначение (P1): 104 | Статус TX: READY | Трасса ORIGINS: [10]
[03:44:52 Msk] [TX_312] Фасилити: 108 | Интент: ADD_LOG_ENTRY | Назначение (P1): 108 | Статус TX: READY | Трасса ORIGINS: [10]
[03:44:54 Msk] [TOP_GEN] Целевой Канал Шины: 0 | Интент: SET_SLOT_FOCUS | Конечная цель фокуса: 102
[03:44:54 Msk] [TX_320] Фасилити: 12 | Интент: TAB_CLICKED | Назначение (P1): 12 | Статус TX: READY | Трасса ORIGINS: [10]
[03:44:54 Msk] [TX_322] Фасилити: 108 | Интент: ADD_LOG_ENTRY | Назначение (P1): 108 | Статус TX: READY | Трасса ORIGINS: [10]
[03:44:54 Msk] [TX_321] Фасилити: 102 | Интент: SWITCH_SLOT_TAB | Назначение (P1): 102 | Статус TX: READY | Трасса ORIGINS: [12]
[03:44:54 Msk] [TX_319] Фасилити: 0 | Интент: SET_SLOT_FOCUS | Назначение (P1): 0 | Статус TX: READY | Трасса ORIGINS: [10]
[03:44:54 Msk] [TX_326] Фасилити: 108 | Интент: ADD_LOG_ENTRY | Назначение (P1): 108 | Статус TX: READY | Трасса ORIGINS: [102]
[03:44:54 Msk] [TX_327] Фасилити: 102 | Интент: INJECT_VFS_DATA | Назначение (P1): 102 | Статус TX: READY | Трасса ORIGINS: [102]
[03:44:54 Msk] [TX_330] Фасилити: 14 | Интент: SYNC_SCROLLBAR_METRICS | Назначение (P1): 14 | Статус TX: READY | Трасса ORIGINS: [102]
[03:44:55 Msk] [TX_334] Фасилити: 12 | Интент: TAB_CLICKED | Назначение (P1): 12 | Статус TX: READY | Трасса ORIGINS: [10]
[03:44:55 Msk] [TX_336] Фасилити: 108 | Интент: ADD_LOG_ENTRY | Назначение (P1): 108 | Статус TX: READY | Трасса ORIGINS: [10]
[03:44:55 Msk] [TX_335] Фасилити: 102 | Интент: SWITCH_SLOT_TAB | Назначение (P1): 102 | Статус TX: READY | Трасса ORIGINS: [12]
[03:44:55 Msk] [TX_340] Фасилити: 108 | Интент: ADD_LOG_ENTRY | Назначение (P1): 108 | Статус TX: READY | Трасса ORIGINS: [102]
[03:44:55 Msk] [TX_341] Фасилити: 102 | Интент: INJECT_VFS_DATA | Назначение (P1): 102 | Статус TX: READY | Трасса ORIGINS: [102]
[03:44:55 Msk] [TX_343] Фасилити: 14 | Интент: SYNC_SCROLLBAR_METRICS | Назначение (P1): 14 | Статус TX: READY | Трасса ORIGINS: [102]
[03:44:56 Msk] [TX_347] Фасилити: 12 | Интент: TAB_CLICKED | Назначение (P1): 12 | Статус TX: READY | Трасса ORIGINS: [10]
[03:44:56 Msk] [TX_348] Фасилити: 104 | Интент: KEYBOARD_MODIFIER_CHANGED | Назначение (P1): 104 | Статус TX: READY | Трасса ORIGINS: [10]
[03:44:56 Msk] [TX_349] Фасилити: 108 | Интент: ADD_LOG_ENTRY | Назначение (P1): 108 | Статус TX: READY | Трасса ORIGINS: [10]
[03:44:57 Msk] [TX_356] Фасилити: 104 | Интент: ROTATE_STACK_DOWN | Назначение (P1): 104 | Статус TX: READY | Трасса ORIGINS: [10]
[03:44:57 Msk] [TX_359] Фасилити: 104 | Интент: ROTATE_STACK_DOWN | Назначение (P1): 104 | Статус TX: READY | Трасса ORIGINS: [10]
[03:44:57 Msk] [TX_362] Фасилити: 104 | Интент: ROTATE_STACK_DOWN | Назначение (P1): 104 | Статус TX: READY | Трасса ORIGINS: [10]
[03:44:57 Msk] [TX_365] Фасилити: 104 | Интент: ROTATE_STACK_DOWN | Назначение (P1): 104 | Статус TX: READY | Трасса ORIGINS: [10]
[03:44:57 Msk] [TX_368] Фасилити: 104 | Интент: ROTATE_STACK_UP | Назначение (P1): 104 | Статус TX: READY | Трасса ORIGINS: [10]
[03:44:57 Msk] [TX_371] Фасилити: 104 | Интент: ROTATE_STACK_UP | Назначение (P1): 104 | Статус TX: READY | Трасса ORIGINS: [10]
[03:44:57 Msk] [TX_374] Фасилити: 104 | Интент: ROTATE_STACK_UP | Назначение (P1): 104 | Статус TX: READY | Трасса ORIGINS: [10]
[03:44:57 Msk] [TX_377] Фасилити: 104 | Интент: ROTATE_STACK_UP | Назначение (P1): 104 | Статус TX: READY | Трасса ORIGINS: [10]
[03:45:52 Msk] [TOP_GEN] Целевой Канал Шины: 0 | Интент: SET_SLOT_FOCUS | Конечная цель фокуса: 102
[03:45:52 Msk] [TX_381] Фасилити: 102 | Интент: MOUSE_CLICK | Назначение (P1): 102 | Статус TX: READY | Трасса ORIGINS: [10]
[03:45:52 Msk] [TX_380] Фасилити: 0 | Интент: SET_SLOT_FOCUS | Назначение (P1): 0 | Статус TX: READY | Трасса ORIGINS: [10]
[03:45:53 Msk] [TX_386] Фасилити: 14 | Интент: SCROLL_CONTENT_DOWN | Назначение (P1): 14 | Статус TX: READY | Трасса ORIGINS: [10]
[03:45:53 Msk] [TX_389] Фасилити: 14 | Интент: SCROLL_CONTENT_DOWN | Назначение (P1): 14 | Статус TX: READY | Трасса ORIGINS: [10]
[03:45:53 Msk] [TX_392] Фасилити: 14 | Интент: SCROLL_CONTENT_DOWN | Назначение (P1): 14 | Статус TX: READY | Трасса ORIGINS: [10]
[03:45:53 Msk] [TX_395] Фасилити: 14 | Интент: SCROLL_CONTENT_UP | Назначение (P1): 14 | Статус TX: READY | Трасса ORIGINS: [10]
[03:45:53 Msk] [TX_398] Фасилити: 14 | Интент: SCROLL_CONTENT_UP | Назначение (P1): 14 | Статус TX: READY | Трасса ORIGINS: [10]
[03:45:53 Msk] [TX_401] Фасилити: 14 | Интент: SCROLL_CONTENT_UP | Назначение (P1): 14 | Статус TX: READY | Трасса ORIGINS: [10]
[03:45:53 Msk] [TX_404] Фасилити: 14 | Интент: SCROLL_CONTENT_DOWN | Назначение (P1): 14 | Статус TX: READY | Трасса ORIGINS: [10]
[03:45:53 Msk] [TX_407] Фасилити: 14 | Интент: SCROLL_CONTENT_DOWN | Назначение (P1): 14 | Статус TX: READY | Трасса ORIGINS: [10]
[03:45:53 Msk] [TX_410] Фасилити: 14 | Интент: SCROLL_CONTENT_DOWN | Назначение (P1): 14 | Статус TX: READY | Трасса ORIGINS: [10]
[03:45:53 Msk] [TX_413] Фасилити: 14 | Интент: SCROLL_CONTENT_UP | Назначение (P1): 14 | Статус TX: READY | Трасса ORIGINS: [10]
[03:45:53 Msk] [TX_416] Фасилити: 14 | Интент: SCROLL_CONTENT_UP | Назначение (P1): 14 | Статус TX: READY | Трасса ORIGINS: [10]
[03:45:53 Msk] [TX_419] Фасилити: 14 | Интент: SCROLL_CONTENT_UP | Назначение (P1): 14 | Статус TX: READY | Трасса ORIGINS: [10]
[03:45:55 Msk] [TX_422] Фасилити: 12 | Интент: TAB_CLICKED | Назначение (P1): 12 | Статус TX: READY | Трасса ORIGINS: [10]
[03:45:55 Msk] [TX_424] Фасилити: 108 | Интент: ADD_LOG_ENTRY | Назначение (P1): 108 | Статус TX: READY | Трасса ORIGINS: [10]
[03:45:55 Msk] [TX_423] Фасилити: 102 | Интент: SWITCH_SLOT_TAB | Назначение (P1): 102 | Статус TX: READY | Трасса ORIGINS: [12]
[03:45:55 Msk] [TX_428] Фасилити: 108 | Интент: ADD_LOG_ENTRY | Назначение (P1): 108 | Статус TX: READY | Трасса ORIGINS: [102]
[03:45:55 Msk] [TX_429] Фасилити: 102 | Интент: INJECT_VFS_DATA | Назначение (P1): 102 | Статус TX: READY | Трасса ORIGINS: [102]
[03:45:55 Msk] [TX_431] Фасилити: 14 | Интент: SYNC_SCROLLBAR_METRICS | Назначение (P1): 14 | Статус TX: READY | Трасса ORIGINS: [102]
[03:52:51 Msk] [TX_3] Фасилити: 0 | Интент: init | Назначение (P1): 0 | Статус TX: READY | Трасса ORIGINS: []
[03:52:51 Msk] [TX_1] Фасилити: 9 | Интент: TRIGGER_RESIZE | Назначение (P1): 9 | Статус TX: READY | Трасса ORIGINS: []
[03:52:51 Msk] [TX_2] Фасилити: 11 | Интент: BOOT_LAYOUT_TREE | Назначение (P1): 11 | Статус TX: READY | Трасса ORIGINS: []
[03:52:52 Msk] [TX_6] Фасилити: 0 | Интент: SYNCHRONIZE_DYNAMIC_SLOT | Назначение (P1): 0 | Статус TX: READY | Трасса ORIGINS: [11]
[03:52:52 Msk] [TX_17] Фасилити: 12 | Интент: REGISTRATION_TAB_SPACE | Назначение (P1): 12 | Статус TX: READY | Трасса ORIGINS: []
[03:54:28 Msk] [TX_3] Фасилити: 0 | Интент: init | Назначение (P1): 0 | Статус TX: READY | Трасса ORIGINS: []
[03:54:28 Msk] [TX_1] Фасилити: 9 | Интент: TRIGGER_RESIZE | Назначение (P1): 9 | Статус TX: READY | Трасса ORIGINS: []
[03:54:28 Msk] [TX_2] Фасилити: 11 | Интент: BOOT_LAYOUT_TREE | Назначение (P1): 11 | Статус TX: READY | Трасса ORIGINS: []
[03:54:28 Msk] [TX_6] Фасилити: 0 | Интент: SYNCHRONIZE_DYNAMIC_SLOT | Назначение (P1): 0 | Статус TX: READY | Трасса ORIGINS: [11]
[03:54:28 Msk] [TX_17] Фасилити: 12 | Интент: REGISTRATION_TAB_SPACE | Назначение (P1): 12 | Статус TX: READY | Трасса ORIGINS: []
[03:56:08 Msk] [TX_3] Фасилити: 0 | Интент: init | Назначение (P1): 0 | Статус TX: READY | Трасса ORIGINS: []
[03:56:08 Msk] [TX_1] Фасилити: 9 | Интент: TRIGGER_RESIZE | Назначение (P1): 9 | Статус TX: READY | Трасса ORIGINS: []
[03:56:08 Msk] [TX_2] Фасилити: 11 | Интент: BOOT_LAYOUT_TREE | Назначение (P1): 11 | Статус TX: READY | Трасса ORIGINS: []
[03:56:08 Msk] [TX_6] Фасилити: 0 | Интент: SYNCHRONIZE_DYNAMIC_SLOT | Назначение (P1): 0 | Статус TX: READY | Трасса ORIGINS: [11]
[03:56:08 Msk] [TX_17] Фасилити: 12 | Интент: REGISTRATION_TAB_SPACE | Назначение (P1): 12 | Статус TX: READY | Трасса ORIGINS: []
[04:00:37 Msk] [TX_3] Фасилити: 0 | Интент: init | Назначение (P1): 0 | Статус TX: READY | Трасса ORIGINS: []
[04:00:37 Msk] [TX_1] Фасилити: 9 | Интент: TRIGGER_RESIZE | Назначение (P1): 9 | Статус TX: READY | Трасса ORIGINS: []
[04:00:37 Msk] [TX_2] Фасилити: 11 | Интент: BOOT_LAYOUT_TREE | Назначение (P1): 11 | Статус TX: READY | Трасса ORIGINS: []
[04:00:37 Msk] [TX_6] Фасилити: 0 | Интент: SYNCHRONIZE_DYNAMIC_SLOT | Назначение (P1): 0 | Статус TX: READY | Трасса ORIGINS: [11]
[04:00:38 Msk] [TX_17] Фасилити: 12 | Интент: REGISTRATION_TAB_SPACE | Назначение (P1): 12 | Статус TX: READY | Трасса ORIGINS: []
[04:00:38 Msk] [TX_24] Фасилити: 14 | Интент: SYNC_SCROLLBAR_METRICS | Назначение (P1): 14 | Статус TX: READY | Трасса ORIGINS: [106]
[04:00:38 Msk] [TX_22] Фасилити: 108 | Интент: ADD_LOG_ENTRY | Назначение (P1): 108 | Статус TX: READY | Трасса ORIGINS: [1]
[04:00:38 Msk] [TX_35] Фасилити: 9 | Интент: INJECT_GEO_MAP | Назначение (P1): 9 | Статус TX: READY | Трасса ORIGINS: [9]
[04:00:38 Msk] [TX_27] Фасилити: 108 | Интент: ADD_LOG_ENTRY | Назначение (P1): 108 | Статус TX: READY | Трасса ORIGINS: [102]
[04:00:38 Msk] [TX_30] Фасилити: 103 | Интент: INJECT_VFS_DATA | Назначение (P1): 103 | Статус TX: READY | Трасса ORIGINS: [103]
[04:00:38 Msk] [TX_28] Фасилити: 102 | Интент: INJECT_VFS_DATA | Назначение (P1): 102 | Статус TX: READY | Трасса ORIGINS: [102]
[04:00:38 Msk] [TX_43] Фасилити: 14 | Интент: SYNC_SCROLLBAR_METRICS | Назначение (P1): 14 | Статус TX: READY | Трасса ORIGINS: [103]
[04:00:38 Msk] [TX_44] Фасилити: 14 | Интент: SYNC_SCROLLBAR_METRICS | Назначение (P1): 14 | Статус TX: READY | Трасса ORIGINS: [103]
[04:00:38 Msk] [TX_45] Фасилити: 14 | Интент: SYNC_SCROLLBAR_METRICS | Назначение (P1): 14 | Статус TX: READY | Трасса ORIGINS: [102]
[04:00:38 Msk] [TX_46] Фасилити: 14 | Интент: SYNC_SCROLLBAR_METRICS | Назначение (P1): 14 | Статус TX: READY | Трасса ORIGINS: [102]
[04:00:56 Msk] [TX_3] Фасилити: 0 | Интент: init | Назначение (P1): 0 | Статус TX: READY | Трасса ORIGINS: []
[04:00:56 Msk] [TX_1] Фасилити: 9 | Интент: TRIGGER_RESIZE | Назначение (P1): 9 | Статус TX: READY | Трасса ORIGINS: []
[04:00:56 Msk] [TX_2] Фасилити: 11 | Интент: BOOT_LAYOUT_TREE | Назначение (P1): 11 | Статус TX: READY | Трасса ORIGINS: []
[04:00:56 Msk] [TX_6] Фасилити: 0 | Интент: SYNCHRONIZE_DYNAMIC_SLOT | Назначение (P1): 0 | Статус TX: READY | Трасса ORIGINS: [11]
[04:00:56 Msk] [TX_17] Фасилити: 12 | Интент: REGISTRATION_TAB_SPACE | Назначение (P1): 12 | Статус TX: READY | Трасса ORIGINS: []
[04:02:52 Msk] [TX_3] Фасилити: 0 | Интент: init | Назначение (P1): 0 | Статус TX: READY | Трасса ORIGINS: []
[04:02:52 Msk] [TX_1] Фасилити: 9 | Интент: TRIGGER_RESIZE | Назначение (P1): 9 | Статус TX: READY | Трасса ORIGINS: []
[04:02:52 Msk] [TX_2] Фасилити: 11 | Интент: BOOT_LAYOUT_TREE | Назначение (P1): 11 | Статус TX: READY | Трасса ORIGINS: []
[04:02:52 Msk] [TX_6] Фасилити: 0 | Интент: SYNCHRONIZE_DYNAMIC_SLOT | Назначение (P1): 0 | Статус TX: READY | Трасса ORIGINS: [11]
[04:02:52 Msk] [TX_17] Фасилити: 12 | Интент: REGISTRATION_TAB_SPACE | Назначение (P1): 12 | Статус TX: READY | Трасса ORIGINS: []
[04:02:52 Msk] [TX_22] Фасилити: 108 | Интент: ADD_LOG_ENTRY | Назначение (P1): 108 | Статус TX: READY | Трасса ORIGINS: [1]
[04:02:52 Msk] [TX_26] Фасилити: 9 | Интент: INJECT_GEO_MAP | Назначение (P1): 9 | Статус TX: READY | Трасса ORIGINS: [9]
[04:02:52 Msk] [TX_27] Фасилити: 108 | Интент: ADD_LOG_ENTRY | Назначение (P1): 108 | Статус TX: READY | Трасса ORIGINS: [102]
[04:02:52 Msk] [TX_30] Фасилити: 103 | Интент: INJECT_VFS_DATA | Назначение (P1): 103 | Статус TX: READY | Трасса ORIGINS: [103]
[04:02:52 Msk] [TX_28] Фасилити: 102 | Интент: INJECT_VFS_DATA | Назначение (P1): 102 | Статус TX: READY | Трасса ORIGINS: [102]
[04:02:52 Msk] [TX_42] Фасилити: 14 | Интент: SYNC_SCROLLBAR_METRICS | Назначение (P1): 14 | Статус TX: READY | Трасса ORIGINS: [103]
[04:02:52 Msk] [TX_43] Фасилити: 14 | Интент: SYNC_SCROLLBAR_METRICS | Назначение (P1): 14 | Статус TX: READY | Трасса ORIGINS: [103]
[04:02:52 Msk] [TX_44] Фасилити: 14 | Интент: SYNC_SCROLLBAR_METRICS | Назначение (P1): 14 | Статус TX: READY | Трасса ORIGINS: [102]
[04:02:52 Msk] [TX_45] Фасилити: 14 | Интент: SYNC_SCROLLBAR_METRICS | Назначение (P1): 14 | Статус TX: READY | Трасса ORIGINS: [102]
[04:03:48 Msk] [TX_3] Фасилити: 0 | Интент: init | Назначение (P1): 0 | Статус TX: READY | Трасса ORIGINS: []
[04:03:48 Msk] [TX_1] Фасилити: 9 | Интент: TRIGGER_RESIZE | Назначение (P1): 9 | Статус TX: READY | Трасса ORIGINS: []
[04:03:48 Msk] [TX_2] Фасилити: 11 | Интент: BOOT_LAYOUT_TREE | Назначение (P1): 11 | Статус TX: READY | Трасса ORIGINS: []
[04:03:48 Msk] [TX_6] Фасилити: 0 | Интент: SYNCHRONIZE_DYNAMIC_SLOT | Назначение (P1): 0 | Статус TX: READY | Трасса ORIGINS: [11]
[04:03:48 Msk] [TX_17] Фасилити: 12 | Интент: REGISTRATION_TAB_SPACE | Назначение (P1): 12 | Статус TX: READY | Трасса ORIGINS: []
[04:05:30 Msk] [TX_3] Фасилити: 0 | Интент: init | Назначение (P1): 0 | Статус TX: READY | Трасса ORIGINS: []
[04:05:30 Msk] [TX_1] Фасилити: 9 | Интент: TRIGGER_RESIZE | Назначение (P1): 9 | Статус TX: READY | Трасса ORIGINS: []
[04:05:30 Msk] [TX_2] Фасилити: 11 | Интент: BOOT_LAYOUT_TREE | Назначение (P1): 11 | Статус TX: READY | Трасса ORIGINS: []
[04:05:30 Msk] [TX_6] Фасилити: 0 | Интент: SYNCHRONIZE_DYNAMIC_SLOT | Назначение (P1): 0 | Статус TX: READY | Трасса ORIGINS: [11]
[04:05:30 Msk] [TX_17] Фасилити: 12 | Интент: REGISTRATION_TAB_SPACE | Назначение (P1): 12 | Статус TX: READY | Трасса ORIGINS: []
[04:05:30 Msk] [TX_22] Фасилити: 108 | Интент: ADD_LOG_ENTRY | Назначение (P1): 108 | Статус TX: READY | Трасса ORIGINS: [1]
[04:05:30 Msk] [TX_34] Фасилити: 9 | Интент: INJECT_GEO_MAP | Назначение (P1): 9 | Статус TX: READY | Трасса ORIGINS: [9]
[04:05:30 Msk] [TX_26] Фасилити: 108 | Интент: ADD_LOG_ENTRY | Назначение (P1): 108 | Статус TX: READY | Трасса ORIGINS: [102]
[04:05:30 Msk] [TX_29] Фасилити: 103 | Интент: INJECT_VFS_DATA | Назначение (P1): 103 | Статус TX: READY | Трасса ORIGINS: [103]
[04:05:30 Msk] [TX_27] Фасилити: 102 | Интент: INJECT_VFS_DATA | Назначение (P1): 102 | Статус TX: READY | Трасса ORIGINS: [102]
[04:05:30 Msk] [TX_42] Фасилити: 14 | Интент: SYNC_SCROLLBAR_METRICS | Назначение (P1): 14 | Статус TX: READY | Трасса ORIGINS: [103]
[04:05:30 Msk] [TX_43] Фасилити: 14 | Интент: SYNC_SCROLLBAR_METRICS | Назначение (P1): 14 | Статус TX: READY | Трасса ORIGINS: [103]
[04:05:30 Msk] [TX_44] Фасилити: 14 | Интент: SYNC_SCROLLBAR_METRICS | Назначение (P1): 14 | Статус TX: READY | Трасса ORIGINS: [102]
[04:05:30 Msk] [TX_45] Фасилити: 14 | Интент: SYNC_SCROLLBAR_METRICS | Назначение (P1): 14 | Статус TX: READY | Трасса ORIGINS: [102]
[04:07:01 Msk] [TX_3] Фасилити: 0 | Интент: init | Назначение (P1): 0 | Статус TX: READY | Трасса ORIGINS: []
[04:07:01 Msk] [TX_1] Фасилити: 9 | Интент: TRIGGER_RESIZE | Назначение (P1): 9 | Статус TX: READY | Трасса ORIGINS: []
[04:07:01 Msk] [TX_2] Фасилити: 11 | Интент: BOOT_LAYOUT_TREE | Назначение (P1): 11 | Статус TX: READY | Трасса ORIGINS: []
[04:07:01 Msk] [TX_6] Фасилити: 0 | Интент: SYNCHRONIZE_DYNAMIC_SLOT | Назначение (P1): 0 | Статус TX: READY | Трасса ORIGINS: [11]
[04:07:01 Msk] [TX_17] Фасилити: 12 | Интент: REGISTRATION_TAB_SPACE | Назначение (P1): 12 | Статус TX: READY | Трасса ORIGINS: []
[04:07:01 Msk] [TX_22] Фасилити: 108 | Интент: ADD_LOG_ENTRY | Назначение (P1): 108 | Статус TX: READY | Трасса ORIGINS: [1]
[04:07:01 Msk] [TX_34] Фасилити: 9 | Интент: INJECT_GEO_MAP | Назначение (P1): 9 | Статус TX: READY | Трасса ORIGINS: [9]
[04:07:01 Msk] [TX_26] Фасилити: 108 | Интент: ADD_LOG_ENTRY | Назначение (P1): 108 | Статус TX: READY | Трасса ORIGINS: [102]
[04:07:01 Msk] [TX_29] Фасилити: 103 | Интент: INJECT_VFS_DATA | Назначение (P1): 103 | Статус TX: READY | Трасса ORIGINS: [103]
[04:07:01 Msk] [TX_27] Фасилити: 102 | Интент: INJECT_VFS_DATA | Назначение (P1): 102 | Статус TX: READY | Трасса ORIGINS: [102]
[04:07:01 Msk] [TX_42] Фасилити: 14 | Интент: SYNC_SCROLLBAR_METRICS | Назначение (P1): 14 | Статус TX: READY | Трасса ORIGINS: [103]
[04:07:01 Msk] [TX_43] Фасилити: 14 | Интент: SYNC_SCROLLBAR_METRICS | Назначение (P1): 14 | Статус TX: READY | Трасса ORIGINS: [103]
[04:07:01 Msk] [TX_44] Фасилити: 14 | Интент: SYNC_SCROLLBAR_METRICS | Назначение (P1): 14 | Статус TX: READY | Трасса ORIGINS: [102]
[04:07:01 Msk] [TX_45] Фасилити: 14 | Интент: SYNC_SCROLLBAR_METRICS | Назначение (P1): 14 | Статус TX: READY | Трасса ORIGINS: [102]
[04:10:02 Msk] [TX_3] Фасилити: 0 | Интент: init | Назначение (P1): 0 | Статус TX: READY | Трасса ORIGINS: []
[04:10:02 Msk] [TX_1] Фасилити: 9 | Интент: TRIGGER_RESIZE | Назначение (P1): 9 | Статус TX: READY | Трасса ORIGINS: []
[04:10:02 Msk] [TX_2] Фасилити: 11 | Интент: BOOT_LAYOUT_TREE | Назначение (P1): 11 | Статус TX: READY | Трасса ORIGINS: []
[04:10:02 Msk] [TX_6] Фасилити: 0 | Интент: SYNCHRONIZE_DYNAMIC_SLOT | Назначение (P1): 0 | Статус TX: READY | Трасса ORIGINS: [11]
[04:10:02 Msk] [TX_17] Фасилити: 12 | Интент: REGISTRATION_TAB_SPACE | Назначение (P1): 12 | Статус TX: READY | Трасса ORIGINS: []
[04:10:02 Msk] [TX_22] Фасилити: 108 | Интент: ADD_LOG_ENTRY | Назначение (P1): 108 | Статус TX: READY | Трасса ORIGINS: [1]
[04:10:02 Msk] [TX_34] Фасилити: 9 | Интент: INJECT_GEO_MAP | Назначение (P1): 9 | Статус TX: READY | Трасса ORIGINS: [9]
[04:10:02 Msk] [TX_26] Фасилити: 108 | Интент: ADD_LOG_ENTRY | Назначение (P1): 108 | Статус TX: READY | Трасса ORIGINS: [102]
[04:10:02 Msk] [TX_29] Фасилити: 103 | Интент: INJECT_VFS_DATA | Назначение (P1): 103 | Статус TX: READY | Трасса ORIGINS: [103]
[04:10:02 Msk] [TX_27] Фасилити: 102 | Интент: INJECT_VFS_DATA | Назначение (P1): 102 | Статус TX: READY | Трасса ORIGINS: [102]
[04:10:02 Msk] [TX_42] Фасилити: 14 | Интент: SYNC_SCROLLBAR_METRICS | Назначение (P1): 14 | Статус TX: READY | Трасса ORIGINS: [103]
[04:10:02 Msk] [TX_43] Фасилити: 14 | Интент: SYNC_SCROLLBAR_METRICS | Назначение (P1): 14 | Статус TX: READY | Трасса ORIGINS: [103]
[04:10:02 Msk] [TX_44] Фасилити: 14 | Интент: SYNC_SCROLLBAR_METRICS | Назначение (P1): 14 | Статус TX: READY | Трасса ORIGINS: [102]
[04:10:02 Msk] [TX_45] Фасилити: 14 | Интент: SYNC_SCROLLBAR_METRICS | Назначение (P1): 14 | Статус TX: READY | Трасса ORIGINS: [102]
[04:12:48 Msk] [TX_3] Фасилити: 0 | Интент: init | Назначение (P1): 0 | Статус TX: READY | Трасса ORIGINS: []
[04:12:48 Msk] [TX_1] Фасилити: 9 | Интент: TRIGGER_RESIZE | Назначение (P1): 9 | Статус TX: READY | Трасса ORIGINS: []
[04:12:48 Msk] [TX_2] Фасилити: 11 | Интент: BOOT_LAYOUT_TREE | Назначение (P1): 11 | Статус TX: READY | Трасса ORIGINS: []
[04:12:49 Msk] [TX_6] Фасилити: 0 | Интент: SYNCHRONIZE_DYNAMIC_SLOT | Назначение (P1): 0 | Статус TX: READY | Трасса ORIGINS: [11]
[04:12:49 Msk] [TX_17] Фасилити: 12 | Интент: REGISTRATION_TAB_SPACE | Назначение (P1): 12 | Статус TX: READY | Трасса ORIGINS: []
[04:12:49 Msk] [TX_22] Фасилити: 108 | Интент: ADD_LOG_ENTRY | Назначение (P1): 108 | Статус TX: READY | Трасса ORIGINS: [1]
[04:12:49 Msk] [TX_34] Фасилити: 9 | Интент: INJECT_GEO_MAP | Назначение (P1): 9 | Статус TX: READY | Трасса ORIGINS: [9]
[04:12:49 Msk] [TX_26] Фасилити: 108 | Интент: ADD_LOG_ENTRY | Назначение (P1): 108 | Статус TX: READY | Трасса ORIGINS: [102]
[04:12:49 Msk] [TX_29] Фасилити: 103 | Интент: INJECT_VFS_DATA | Назначение (P1): 103 | Статус TX: READY | Трасса ORIGINS: [103]
[04:12:49 Msk] [TX_27] Фасилити: 102 | Интент: INJECT_VFS_DATA | Назначение (P1): 102 | Статус TX: READY | Трасса ORIGINS: [102]
[04:12:49 Msk] [TX_42] Фасилити: 14 | Интент: SYNC_SCROLLBAR_METRICS | Назначение (P1): 14 | Статус TX: READY | Трасса ORIGINS: [103]
[04:12:49 Msk] [TX_43] Фасилити: 14 | Интент: SYNC_SCROLLBAR_METRICS | Назначение (P1): 14 | Статус TX: READY | Трасса ORIGINS: [103]
[04:12:49 Msk] [TX_44] Фасилити: 14 | Интент: SYNC_SCROLLBAR_METRICS | Назначение (P1): 14 | Статус TX: READY | Трасса ORIGINS: [102]
[04:12:49 Msk] [TX_45] Фасилити: 14 | Интент: SYNC_SCROLLBAR_METRICS | Назначение (P1): 14 | Статус TX: READY | Трасса ORIGINS: [102]
[04:18:43 Msk] [TX_3] Фасилити: 0 | Интент: init | Назначение (P1): 0 | Статус TX: READY | Трасса ORIGINS: []
[04:18:43 Msk] [TX_1] Фасилити: 9 | Интент: TRIGGER_RESIZE | Назначение (P1): 9 | Статус TX: READY | Трасса ORIGINS: []
[04:18:43 Msk] [TX_2] Фасилити: 11 | Интент: BOOT_LAYOUT_TREE | Назначение (P1): 11 | Статус TX: READY | Трасса ORIGINS: []
[04:18:43 Msk] [TX_6] Фасилити: 0 | Интент: SYNCHRONIZE_DYNAMIC_SLOT | Назначение (P1): 0 | Статус TX: READY | Трасса ORIGINS: [11]
[04:18:43 Msk] [TX_17] Фасилити: 12 | Интент: REGISTRATION_TAB_SPACE | Назначение (P1): 12 | Статус TX: READY | Трасса ORIGINS: []
[04:18:43 Msk] [TX_22] Фасилити: 108 | Интент: ADD_LOG_ENTRY | Назначение (P1): 108 | Статус TX: READY | Трасса ORIGINS: [1]
[04:18:43 Msk] [TX_34] Фасилити: 9 | Интент: INJECT_GEO_MAP | Назначение (P1): 9 | Статус TX: READY | Трасса ORIGINS: [9]
[04:18:43 Msk] [TX_26] Фасилити: 108 | Интент: ADD_LOG_ENTRY | Назначение (P1): 108 | Статус TX: READY | Трасса ORIGINS: [102]
[04:18:43 Msk] [TX_29] Фасилити: 103 | Интент: INJECT_VFS_DATA | Назначение (P1): 103 | Статус TX: READY | Трасса ORIGINS: [103]
[04:18:43 Msk] [TX_27] Фасилити: 102 | Интент: INJECT_VFS_DATA | Назначение (P1): 102 | Статус TX: READY | Трасса ORIGINS: [102]
[04:18:43 Msk] [TX_42] Фасилити: 14 | Интент: SYNC_SCROLLBAR_METRICS | Назначение (P1): 14 | Статус TX: READY | Трасса ORIGINS: [103]
[04:18:43 Msk] [TX_43] Фасилити: 14 | Интент: SYNC_SCROLLBAR_METRICS | Назначение (P1): 14 | Статус TX: READY | Трасса ORIGINS: [103]
[04:18:43 Msk] [TX_44] Фасилити: 14 | Интент: SYNC_SCROLLBAR_METRICS | Назначение (P1): 14 | Статус TX: READY | Трасса ORIGINS: [102]
[04:18:43 Msk] [TX_45] Фасилити: 14 | Интент: SYNC_SCROLLBAR_METRICS | Назначение (P1): 14 | Статус TX: READY | Трасса ORIGINS: [102]
[04:29:57 Msk] [TX_3] Фасилити: 0 | Интент: init | Назначение (P1): 0 | Статус TX: READY | Трасса ORIGINS: []
[04:29:57 Msk] [TX_1] Фасилити: 9 | Интент: TRIGGER_RESIZE | Назначение (P1): 9 | Статус TX: READY | Трасса ORIGINS: []
[04:29:57 Msk] [TX_2] Фасилити: 11 | Интент: BOOT_LAYOUT_TREE | Назначение (P1): 11 | Статус TX: READY | Трасса ORIGINS: []
[04:29:57 Msk] [TX_6] Фасилити: 0 | Интент: SYNCHRONIZE_DYNAMIC_SLOT | Назначение (P1): 0 | Статус TX: READY | Трасса ORIGINS: [11]
[04:29:57 Msk] [TX_17] Фасилити: 12 | Интент: REGISTRATION_TAB_SPACE | Назначение (P1): 12 | Статус TX: READY | Трасса ORIGINS: []
[04:29:57 Msk] [TX_22] Фасилити: 108 | Интент: ADD_LOG_ENTRY | Назначение (P1): 108 | Статус TX: READY | Трасса ORIGINS: [1]
[04:29:57 Msk] [TX_34] Фасилити: 9 | Интент: INJECT_GEO_MAP | Назначение (P1): 9 | Статус TX: READY | Трасса ORIGINS: [9]
[04:29:57 Msk] [TX_26] Фасилити: 108 | Интент: ADD_LOG_ENTRY | Назначение (P1): 108 | Статус TX: READY | Трасса ORIGINS: [102]
[04:29:57 Msk] [TX_29] Фасилити: 103 | Интент: INJECT_VFS_DATA | Назначение (P1): 103 | Статус TX: READY | Трасса ORIGINS: [103]
[04:29:57 Msk] [TX_27] Фасилити: 102 | Интент: INJECT_VFS_DATA | Назначение (P1): 102 | Статус TX: READY | Трасса ORIGINS: [102]
[04:29:57 Msk] [TX_42] Фасилити: 14 | Интент: SYNC_SCROLLBAR_METRICS | Назначение (P1): 14 | Статус TX: READY | Трасса ORIGINS: [103]
[04:29:57 Msk] [TX_43] Фасилити: 14 | Интент: SYNC_SCROLLBAR_METRICS | Назначение (P1): 14 | Статус TX: READY | Трасса ORIGINS: [103]
[04:29:57 Msk] [TX_44] Фасилити: 14 | Интент: SYNC_SCROLLBAR_METRICS | Назначение (P1): 14 | Статус TX: READY | Трасса ORIGINS: [102]
[04:29:57 Msk] [TX_45] Фасилити: 14 | Интент: SYNC_SCROLLBAR_METRICS | Назначение (P1): 14 | Статус TX: READY | Трасса ORIGINS: [102]
[04:32:54 Msk] [TX_3] Фасилити: 0 | Интент: init | Назначение (P1): 0 | Статус TX: READY | Трасса ORIGINS: []
[04:32:54 Msk] [TX_1] Фасилити: 9 | Интент: TRIGGER_RESIZE | Назначение (P1): 9 | Статус TX: READY | Трасса ORIGINS: []
[04:32:54 Msk] [TX_2] Фасилити: 11 | Интент: BOOT_LAYOUT_TREE | Назначение (P1): 11 | Статус TX: READY | Трасса ORIGINS: []
[04:32:54 Msk] [TX_6] Фасилити: 0 | Интент: SYNCHRONIZE_DYNAMIC_SLOT | Назначение (P1): 0 | Статус TX: READY | Трасса ORIGINS: [11]
[04:32:54 Msk] [TX_17] Фасилити: 12 | Интент: REGISTRATION_TAB_SPACE | Назначение (P1): 12 | Статус TX: READY | Трасса ORIGINS: []
[04:32:54 Msk] [TX_22] Фасилити: 108 | Интент: ADD_LOG_ENTRY | Назначение (P1): 108 | Статус TX: READY | Трасса ORIGINS: [1]
[04:32:54 Msk] [TX_34] Фасилити: 9 | Интент: INJECT_GEO_MAP | Назначение (P1): 9 | Статус TX: READY | Трасса ORIGINS: [9]
[04:32:54 Msk] [TX_26] Фасилити: 108 | Интент: ADD_LOG_ENTRY | Назначение (P1): 108 | Статус TX: READY | Трасса ORIGINS: [102]
[04:32:54 Msk] [TX_29] Фасилити: 103 | Интент: INJECT_VFS_DATA | Назначение (P1): 103 | Статус TX: READY | Трасса ORIGINS: [103]
[04:32:54 Msk] [TX_27] Фасилити: 102 | Интент: INJECT_VFS_DATA | Назначение (P1): 102 | Статус TX: READY | Трасса ORIGINS: [102]
[04:32:54 Msk] [TX_42] Фасилити: 14 | Интент: SYNC_SCROLLBAR_METRICS | Назначение (P1): 14 | Статус TX: READY | Трасса ORIGINS: [103]
[04:32:54 Msk] [TX_43] Фасилити: 14 | Интент: SYNC_SCROLLBAR_METRICS | Назначение (P1): 14 | Статус TX: READY | Трасса ORIGINS: [103]
[04:32:54 Msk] [TX_44] Фасилити: 14 | Интент: SYNC_SCROLLBAR_METRICS | Назначение (P1): 14 | Статус TX: READY | Трасса ORIGINS: [102]
[04:32:54 Msk] [TX_45] Фасилити: 14 | Интент: SYNC_SCROLLBAR_METRICS | Назначение (P1): 14 | Статус TX: READY | Трасса ORIGINS: [102]
[04:33:57 Msk] [TX_3] Фасилити: 0 | Интент: init | Назначение (P1): 0 | Статус TX: READY | Трасса ORIGINS: []
[04:33:57 Msk] [TX_1] Фасилити: 9 | Интент: TRIGGER_RESIZE | Назначение (P1): 9 | Статус TX: READY | Трасса ORIGINS: []
[04:33:57 Msk] [TX_2] Фасилити: 11 | Интент: BOOT_LAYOUT_TREE | Назначение (P1): 11 | Статус TX: READY | Трасса ORIGINS: []
[04:33:57 Msk] [TX_6] Фасилити: 0 | Интент: SYNCHRONIZE_DYNAMIC_SLOT | Назначение (P1): 0 | Статус TX: READY | Трасса ORIGINS: [11]
[04:33:57 Msk] [TX_17] Фасилити: 12 | Интент: REGISTRATION_TAB_SPACE | Назначение (P1): 12 | Статус TX: READY | Трасса ORIGINS: []
[04:33:57 Msk] [TX_22] Фасилити: 108 | Интент: ADD_LOG_ENTRY | Назначение (P1): 108 | Статус TX: READY | Трасса ORIGINS: [1]
[04:33:57 Msk] [TX_34] Фасилити: 9 | Интент: INJECT_GEO_MAP | Назначение (P1): 9 | Статус TX: READY | Трасса ORIGINS: [9]
[04:33:57 Msk] [TX_26] Фасилити: 108 | Интент: ADD_LOG_ENTRY | Назначение (P1): 108 | Статус TX: READY | Трасса ORIGINS: [102]
[04:33:57 Msk] [TX_29] Фасилити: 103 | Интент: INJECT_VFS_DATA | Назначение (P1): 103 | Статус TX: READY | Трасса ORIGINS: [103]
[04:33:57 Msk] [TX_27] Фасилити: 102 | Интент: INJECT_VFS_DATA | Назначение (P1): 102 | Статус TX: READY | Трасса ORIGINS: [102]
[04:33:57 Msk] [TX_42] Фасилити: 14 | Интент: SYNC_SCROLLBAR_METRICS | Назначение (P1): 14 | Статус TX: READY | Трасса ORIGINS: [103]
[04:33:57 Msk] [TX_43] Фасилити: 14 | Интент: SYNC_SCROLLBAR_METRICS | Назначение (P1): 14 | Статус TX: READY | Трасса ORIGINS: [103]
[04:33:57 Msk] [TX_44] Фасилити: 14 | Интент: SYNC_SCROLLBAR_METRICS | Назначение (P1): 14 | Статус TX: READY | Трасса ORIGINS: [102]
[04:33:57 Msk] [TX_45] Фасилити: 14 | Интент: SYNC_SCROLLBAR_METRICS | Назначение (P1): 14 | Статус TX: READY | Трасса ORIGINS: [102]
[04:34:47 Msk] [TX_3] Фасилити: 0 | Интент: init | Назначение (P1): 0 | Статус TX: READY | Трасса ORIGINS: []
[04:34:47 Msk] [TX_1] Фасилити: 9 | Интент: TRIGGER_RESIZE | Назначение (P1): 9 | Статус TX: READY | Трасса ORIGINS: []
[04:34:47 Msk] [TX_2] Фасилити: 11 | Интент: BOOT_LAYOUT_TREE | Назначение (P1): 11 | Статус TX: READY | Трасса ORIGINS: []
[04:34:47 Msk] [TX_6] Фасилити: 0 | Интент: SYNCHRONIZE_DYNAMIC_SLOT | Назначение (P1): 0 | Статус TX: READY | Трасса ORIGINS: [11]
[04:34:47 Msk] [TX_17] Фасилити: 12 | Интент: REGISTRATION_TAB_SPACE | Назначение (P1): 12 | Статус TX: READY | Трасса ORIGINS: []
[04:34:47 Msk] [TX_22] Фасилити: 108 | Интент: ADD_LOG_ENTRY | Назначение (P1): 108 | Статус TX: READY | Трасса ORIGINS: [1]
[04:34:47 Msk] [TX_26] Фасилити: 9 | Интент: INJECT_GEO_MAP | Назначение (P1): 9 | Статус TX: READY | Трасса ORIGINS: [9]
[04:34:47 Msk] [TX_27] Фасилити: 108 | Интент: ADD_LOG_ENTRY | Назначение (P1): 108 | Статус TX: READY | Трасса ORIGINS: [102]
[04:34:47 Msk] [TX_30] Фасилити: 103 | Интент: INJECT_VFS_DATA | Назначение (P1): 103 | Статус TX: READY | Трасса ORIGINS: [103]
[04:34:47 Msk] [TX_28] Фасилити: 102 | Интент: INJECT_VFS_DATA | Назначение (P1): 102 | Статус TX: READY | Трасса ORIGINS: [102]
[04:34:47 Msk] [TX_42] Фасилити: 14 | Интент: SYNC_SCROLLBAR_METRICS | Назначение (P1): 14 | Статус TX: READY | Трасса ORIGINS: [103]
[04:34:47 Msk] [TX_43] Фасилити: 14 | Интент: SYNC_SCROLLBAR_METRICS | Назначение (P1): 14 | Статус TX: READY | Трасса ORIGINS: [103]
[04:34:47 Msk] [TX_44] Фасилити: 14 | Интент: SYNC_SCROLLBAR_METRICS | Назначение (P1): 14 | Статус TX: READY | Трасса ORIGINS: [102]
[04:34:47 Msk] [TX_45] Фасилити: 14 | Интент: SYNC_SCROLLBAR_METRICS | Назначение (P1): 14 | Статус TX: READY | Трасса ORIGINS: [102]
[04:35:22 Msk] [TX_3] Фасилити: 0 | Интент: init | Назначение (P1): 0 | Статус TX: READY | Трасса ORIGINS: []
[04:35:22 Msk] [TX_1] Фасилити: 9 | Интент: TRIGGER_RESIZE | Назначение (P1): 9 | Статус TX: READY | Трасса ORIGINS: []
[04:35:22 Msk] [TX_2] Фасилити: 11 | Интент: BOOT_LAYOUT_TREE | Назначение (P1): 11 | Статус TX: READY | Трасса ORIGINS: []
[04:35:22 Msk] [TX_6] Фасилити: 0 | Интент: SYNCHRONIZE_DYNAMIC_SLOT | Назначение (P1): 0 | Статус TX: READY | Трасса ORIGINS: [11]
[04:35:22 Msk] [TX_17] Фасилити: 12 | Интент: REGISTRATION_TAB_SPACE | Назначение (P1): 12 | Статус TX: READY | Трасса ORIGINS: []
[04:35:22 Msk] [TX_22] Фасилити: 108 | Интент: ADD_LOG_ENTRY | Назначение (P1): 108 | Статус TX: READY | Трасса ORIGINS: [1]
[04:35:22 Msk] [TX_34] Фасилити: 9 | Интент: INJECT_GEO_MAP | Назначение (P1): 9 | Статус TX: READY | Трасса ORIGINS: [9]
[04:35:22 Msk] [TX_26] Фасилити: 108 | Интент: ADD_LOG_ENTRY | Назначение (P1): 108 | Статус TX: READY | Трасса ORIGINS: [102]
[04:35:22 Msk] [TX_29] Фасилити: 103 | Интент: INJECT_VFS_DATA | Назначение (P1): 103 | Статус TX: READY | Трасса ORIGINS: [103]
[04:35:22 Msk] [TX_27] Фасилити: 102 | Интент: INJECT_VFS_DATA | Назначение (P1): 102 | Статус TX: READY | Трасса ORIGINS: [102]
[04:35:22 Msk] [TX_42] Фасилити: 14 | Интент: SYNC_SCROLLBAR_METRICS | Назначение (P1): 14 | Статус TX: READY | Трасса ORIGINS: [103]
[04:35:22 Msk] [TX_43] Фасилити: 14 | Интент: SYNC_SCROLLBAR_METRICS | Назначение (P1): 14 | Статус TX: READY | Трасса ORIGINS: [103]
[04:35:22 Msk] [TX_44] Фасилити: 14 | Интент: SYNC_SCROLLBAR_METRICS | Назначение (P1): 14 | Статус TX: READY | Трасса ORIGINS: [102]
[04:35:22 Msk] [TX_45] Фасилити: 14 | Интент: SYNC_SCROLLBAR_METRICS | Назначение (P1): 14 | Статус TX: READY | Трасса ORIGINS: [102]
[04:36:30 Msk] [TX_3] Фасилити: 0 | Интент: init | Назначение (P1): 0 | Статус TX: READY | Трасса ORIGINS: []
[04:36:30 Msk] [TX_1] Фасилити: 9 | Интент: TRIGGER_RESIZE | Назначение (P1): 9 | Статус TX: READY | Трасса ORIGINS: []
[04:36:31 Msk] [TX_2] Фасилити: 11 | Интент: BOOT_LAYOUT_TREE | Назначение (P1): 11 | Статус TX: READY | Трасса ORIGINS: []
[04:36:31 Msk] [TX_6] Фасилити: 0 | Интент: SYNCHRONIZE_DYNAMIC_SLOT | Назначение (P1): 0 | Статус TX: READY | Трасса ORIGINS: [11]
[04:36:31 Msk] [TX_17] Фасилити: 12 | Интент: REGISTRATION_TAB_SPACE | Назначение (P1): 12 | Статус TX: READY | Трасса ORIGINS: []
[04:36:31 Msk] [TX_22] Фасилити: 108 | Интент: ADD_LOG_ENTRY | Назначение (P1): 108 | Статус TX: READY | Трасса ORIGINS: [1]
[04:36:31 Msk] [TX_34] Фасилити: 9 | Интент: INJECT_GEO_MAP | Назначение (P1): 9 | Статус TX: READY | Трасса ORIGINS: [9]
[04:36:31 Msk] [TX_26] Фасилити: 108 | Интент: ADD_LOG_ENTRY | Назначение (P1): 108 | Статус TX: READY | Трасса ORIGINS: [102]
[04:36:31 Msk] [TX_29] Фасилити: 103 | Интент: INJECT_VFS_DATA | Назначение (P1): 103 | Статус TX: READY | Трасса ORIGINS: [103]
[04:36:31 Msk] [TX_27] Фасилити: 102 | Интент: INJECT_VFS_DATA | Назначение (P1): 102 | Статус TX: READY | Трасса ORIGINS: [102]
[04:36:31 Msk] [TX_42] Фасилити: 14 | Интент: SYNC_SCROLLBAR_METRICS | Назначение (P1): 14 | Статус TX: READY | Трасса ORIGINS: [103]
[04:36:31 Msk] [TX_43] Фасилити: 14 | Интент: SYNC_SCROLLBAR_METRICS | Назначение (P1): 14 | Статус TX: READY | Трасса ORIGINS: [103]
[04:36:31 Msk] [TX_44] Фасилити: 14 | Интент: SYNC_SCROLLBAR_METRICS | Назначение (P1): 14 | Статус TX: READY | Трасса ORIGINS: [102]
[04:36:31 Msk] [TX_45] Фасилити: 14 | Интент: SYNC_SCROLLBAR_METRICS | Назначение (P1): 14 | Статус TX: READY | Трасса ORIGINS: [102]
[04:39:49 Msk] [TX_3] Фасилити: 0 | Интент: init | Назначение (P1): 0 | Статус TX: READY | Трасса ORIGINS: []
[04:39:49 Msk] [TX_1] Фасилити: 9 | Интент: TRIGGER_RESIZE | Назначение (P1): 9 | Статус TX: READY | Трасса ORIGINS: []
[04:39:49 Msk] [TX_2] Фасилити: 11 | Интент: BOOT_LAYOUT_TREE | Назначение (P1): 11 | Статус TX: READY | Трасса ORIGINS: []
[04:39:49 Msk] [TX_6] Фасилити: 0 | Интент: SYNCHRONIZE_DYNAMIC_SLOT | Назначение (P1): 0 | Статус TX: READY | Трасса ORIGINS: [11]
[04:39:49 Msk] [TX_17] Фасилити: 12 | Интент: REGISTRATION_TAB_SPACE | Назначение (P1): 12 | Статус TX: READY | Трасса ORIGINS: []
[04:39:49 Msk] [TX_24] Фасилити: 14 | Интент: SYNC_SCROLLBAR_METRICS | Назначение (P1): 14 | Статус TX: READY | Трасса ORIGINS: [106]
[04:39:49 Msk] [TX_22] Фасилити: 108 | Интент: ADD_LOG_ENTRY | Назначение (P1): 108 | Статус TX: READY | Трасса ORIGINS: [1]
[04:39:49 Msk] [TX_35] Фасилити: 9 | Интент: INJECT_GEO_MAP | Назначение (P1): 9 | Статус TX: READY | Трасса ORIGINS: [9]
[04:39:49 Msk] [TX_27] Фасилити: 108 | Интент: ADD_LOG_ENTRY | Назначение (P1): 108 | Статус TX: READY | Трасса ORIGINS: [102]
[04:39:49 Msk] [TX_30] Фасилити: 103 | Интент: INJECT_VFS_DATA | Назначение (P1): 103 | Статус TX: READY | Трасса ORIGINS: [103]
[04:39:49 Msk] [TX_28] Фасилити: 102 | Интент: INJECT_VFS_DATA | Назначение (P1): 102 | Статус TX: READY | Трасса ORIGINS: [102]
[04:39:49 Msk] [TX_43] Фасилити: 14 | Интент: SYNC_SCROLLBAR_METRICS | Назначение (P1): 14 | Статус TX: READY | Трасса ORIGINS: [103]
[04:39:49 Msk] [TX_44] Фасилити: 14 | Интент: SYNC_SCROLLBAR_METRICS | Назначение (P1): 14 | Статус TX: READY | Трасса ORIGINS: [103]
[04:39:49 Msk] [TX_45] Фасилити: 14 | Интент: SYNC_SCROLLBAR_METRICS | Назначение (P1): 14 | Статус TX: READY | Трасса ORIGINS: [102]
[04:39:49 Msk] [TX_46] Фасилити: 14 | Интент: SYNC_SCROLLBAR_METRICS | Назначение (P1): 14 | Статус TX: READY | Трасса ORIGINS: [102]
[04:40:02 Msk] [TOP_GEN] Целевой Канал Шины: 0 | Интент: SET_SLOT_FOCUS | Конечная цель фокуса: 102
[04:40:02 Msk] [TX_54] Фасилити: 102 | Интент: MOUSE_CLICK | Назначение (P1): 102 | Статус TX: READY | Трасса ORIGINS: [10]
[04:40:02 Msk] [TX_53] Фасилити: 0 | Интент: SET_SLOT_FOCUS | Назначение (P1): 0 | Статус TX: READY | Трасса ORIGINS: [10]
[04:40:03 Msk] [TX_59] Фасилити: 14 | Интент: SCROLL_CONTENT_DOWN | Назначение (P1): 14 | Статус TX: READY | Трасса ORIGINS: [10]
[04:40:03 Msk] [TX_62] Фасилити: 14 | Интент: SCROLL_CONTENT_DOWN | Назначение (P1): 14 | Статус TX: READY | Трасса ORIGINS: [10]
[04:40:03 Msk] [TX_65] Фасилити: 14 | Интент: SCROLL_CONTENT_DOWN | Назначение (P1): 14 | Статус TX: READY | Трасса ORIGINS: [10]
[04:40:03 Msk] [TX_68] Фасилити: 14 | Интент: SCROLL_CONTENT_UP | Назначение (P1): 14 | Статус TX: READY | Трасса ORIGINS: [10]
[04:40:03 Msk] [TX_71] Фасилити: 14 | Интент: SCROLL_CONTENT_UP | Назначение (P1): 14 | Статус TX: READY | Трасса ORIGINS: [10]
[04:40:03 Msk] [TX_74] Фасилити: 14 | Интент: SCROLL_CONTENT_UP | Назначение (P1): 14 | Статус TX: READY | Трасса ORIGINS: [10]
[04:40:03 Msk] [TX_77] Фасилити: 14 | Интент: SCROLL_CONTENT_UP | Назначение (P1): 14 | Статус TX: READY | Трасса ORIGINS: [10]
[04:40:03 Msk] [TX_80] Фасилити: 14 | Интент: SCROLL_CONTENT_UP | Назначение (P1): 14 | Статус TX: READY | Трасса ORIGINS: [10]
[04:40:03 Msk] [TX_83] Фасилити: 14 | Интент: SCROLL_CONTENT_DOWN | Назначение (P1): 14 | Статус TX: READY | Трасса ORIGINS: [10]
[04:40:03 Msk] [TX_86] Фасилити: 14 | Интент: SCROLL_CONTENT_DOWN | Назначение (P1): 14 | Статус TX: READY | Трасса ORIGINS: [10]
[04:40:03 Msk] [TX_89] Фасилити: 14 | Интент: SCROLL_CONTENT_DOWN | Назначение (P1): 14 | Статус TX: READY | Трасса ORIGINS: [10]
[04:40:03 Msk] [TX_92] Фасилити: 14 | Интент: SCROLL_CONTENT_DOWN | Назначение (P1): 14 | Статус TX: READY | Трасса ORIGINS: [10]
[04:40:04 Msk] [TX_95] Фасилити: 12 | Интент: TAB_CLICKED | Назначение (P1): 12 | Статус TX: READY | Трасса ORIGINS: [10]
[04:40:04 Msk] [TX_97] Фасилити: 108 | Интент: ADD_LOG_ENTRY | Назначение (P1): 108 | Статус TX: READY | Трасса ORIGINS: [10]
[04:40:04 Msk] [TX_96] Фасилити: 102 | Интент: SWITCH_SLOT_TAB | Назначение (P1): 102 | Статус TX: READY | Трасса ORIGINS: [12]
[04:40:04 Msk] [TX_101] Фасилити: 108 | Интент: ADD_LOG_ENTRY | Назначение (P1): 108 | Статус TX: READY | Трасса ORIGINS: [102]
[04:40:04 Msk] [TX_102] Фасилити: 102 | Интент: INJECT_VFS_DATA | Назначение (P1): 102 | Статус TX: READY | Трасса ORIGINS: [102]
[04:40:04 Msk] [TX_104] Фасилити: 14 | Интент: SYNC_SCROLLBAR_METRICS | Назначение (P1): 14 | Статус TX: READY | Трасса ORIGINS: [102]
[04:40:05 Msk] [TX_109] Фасилити: 12 | Интент: TAB_CLICKED | Назначение (P1): 12 | Статус TX: READY | Трасса ORIGINS: [10]
[04:40:05 Msk] [TX_111] Фасилити: 108 | Интент: ADD_LOG_ENTRY | Назначение (P1): 108 | Статус TX: READY | Трасса ORIGINS: [10]
[04:40:05 Msk] [TX_110] Фасилити: 102 | Интент: SWITCH_SLOT_TAB | Назначение (P1): 102 | Статус TX: READY | Трасса ORIGINS: [12]
[04:40:05 Msk] [TX_115] Фасилити: 108 | Интент: ADD_LOG_ENTRY | Назначение (P1): 108 | Статус TX: READY | Трасса ORIGINS: [102]
[04:40:05 Msk] [TX_116] Фасилити: 102 | Интент: INJECT_VFS_DATA | Назначение (P1): 102 | Статус TX: READY | Трасса ORIGINS: [102]
[04:40:05 Msk] [TX_118] Фасилити: 14 | Интент: SYNC_SCROLLBAR_METRICS | Назначение (P1): 14 | Статус TX: READY | Трасса ORIGINS: [102]
[04:40:06 Msk] [TX_122] Фасилити: 12 | Интент: TAB_CLICKED | Назначение (P1): 12 | Статус TX: READY | Трасса ORIGINS: [10]
[04:40:06 Msk] [TX_124] Фасилити: 108 | Интент: ADD_LOG_ENTRY | Назначение (P1): 108 | Статус TX: READY | Трасса ORIGINS: [10]
[04:40:06 Msk] [TX_123] Фасилити: 102 | Интент: SWITCH_SLOT_TAB | Назначение (P1): 102 | Статус TX: READY | Трасса ORIGINS: [12]
[04:40:06 Msk] [TX_128] Фасилити: 108 | Интент: ADD_LOG_ENTRY | Назначение (P1): 108 | Статус TX: READY | Трасса ORIGINS: [102]
[04:40:06 Msk] [TX_129] Фасилити: 102 | Интент: INJECT_VFS_DATA | Назначение (P1): 102 | Статус TX: READY | Трасса ORIGINS: [102]
[04:40:06 Msk] [TX_131] Фасилити: 14 | Интент: SYNC_SCROLLBAR_METRICS | Назначение (P1): 14 | Статус TX: READY | Трасса ORIGINS: [102]
[04:40:07 Msk] [TX_135] Фасилити: 12 | Интент: TAB_CLICKED | Назначение (P1): 12 | Статус TX: READY | Трасса ORIGINS: [10]
[04:40:07 Msk] [TX_136] Фасилити: 104 | Интент: KEYBOARD_MODIFIER_CHANGED | Назначение (P1): 104 | Статус TX: READY | Трасса ORIGINS: [10]
[04:40:07 Msk] [TX_137] Фасилити: 108 | Интент: ADD_LOG_ENTRY | Назначение (P1): 108 | Статус TX: READY | Трасса ORIGINS: [10]
[04:40:08 Msk] [TX_144] Фасилити: 12 | Интент: TAB_CLICKED | Назначение (P1): 12 | Статус TX: READY | Трасса ORIGINS: [10]
[04:40:08 Msk] [TX_147] Фасилити: 12 | Интент: TAB_CLICKED | Назначение (P1): 12 | Статус TX: READY | Трасса ORIGINS: [10]
[04:40:08 Msk] [TX_148] Фасилити: 104 | Интент: KEYBOARD_MODIFIER_CHANGED | Назначение (P1): 104 | Статус TX: READY | Трасса ORIGINS: [10]
[04:40:08 Msk] [TX_149] Фасилити: 108 | Интент: ADD_LOG_ENTRY | Назначение (P1): 108 | Статус TX: READY | Трасса ORIGINS: [10]
[04:40:11 Msk] [TOP_GEN] Целевой Канал Шины: 0 | Интент: SET_SLOT_FOCUS | Конечная цель фокуса: 103
[04:40:11 Msk] [TX_155] Фасилити: 12 | Интент: TAB_CLICKED | Назначение (P1): 12 | Статус TX: READY | Трасса ORIGINS: [10]
[04:40:11 Msk] [TX_157] Фасилити: 108 | Интент: ADD_LOG_ENTRY | Назначение (P1): 108 | Статус TX: READY | Трасса ORIGINS: [10]
[04:40:11 Msk] [TX_156] Фасилити: 103 | Интент: SWITCH_SLOT_TAB | Назначение (P1): 103 | Статус TX: READY | Трасса ORIGINS: [12]
[04:40:11 Msk] [TX_154] Фасилити: 0 | Интент: SET_SLOT_FOCUS | Назначение (P1): 0 | Статус TX: READY | Трасса ORIGINS: [10]
[04:40:11 Msk] [TX_161] Фасилити: 108 | Интент: ADD_LOG_ENTRY | Назначение (P1): 108 | Статус TX: READY | Трасса ORIGINS: [103]
[04:40:11 Msk] [TX_162] Фасилити: 103 | Интент: INJECT_VFS_DATA | Назначение (P1): 103 | Статус TX: READY | Трасса ORIGINS: [103]
[04:40:11 Msk] [TX_165] Фасилити: 14 | Интент: SYNC_SCROLLBAR_METRICS | Назначение (P1): 14 | Статус TX: READY | Трасса ORIGINS: [103]
[04:40:12 Msk] [TX_169] Фасилити: 12 | Интент: TAB_CLICKED | Назначение (P1): 12 | Статус TX: READY | Трасса ORIGINS: [10]
[04:40:12 Msk] [TX_171] Фасилити: 108 | Интент: ADD_LOG_ENTRY | Назначение (P1): 108 | Статус TX: READY | Трасса ORIGINS: [10]
[04:40:12 Msk] [TX_170] Фасилити: 103 | Интент: SWITCH_SLOT_TAB | Назначение (P1): 103 | Статус TX: READY | Трасса ORIGINS: [12]
[04:40:12 Msk] [TX_175] Фасилити: 108 | Интент: ADD_LOG_ENTRY | Назначение (P1): 108 | Статус TX: READY | Трасса ORIGINS: [103]
[04:40:12 Msk] [TX_176] Фасилити: 103 | Интент: INJECT_VFS_DATA | Назначение (P1): 103 | Статус TX: READY | Трасса ORIGINS: [103]
[04:40:12 Msk] [TX_178] Фасилити: 14 | Интент: SYNC_SCROLLBAR_METRICS | Назначение (P1): 14 | Статус TX: READY | Трасса ORIGINS: [103]
[04:40:13 Msk] [TX_182] Фасилити: 12 | Интент: TAB_CLICKED | Назначение (P1): 12 | Статус TX: READY | Трасса ORIGINS: [10]
[04:40:13 Msk] [TX_184] Фасилити: 108 | Интент: ADD_LOG_ENTRY | Назначение (P1): 108 | Статус TX: READY | Трасса ORIGINS: [10]
[04:40:13 Msk] [TX_183] Фасилити: 103 | Интент: SWITCH_SLOT_TAB | Назначение (P1): 103 | Статус TX: READY | Трасса ORIGINS: [12]
[04:40:13 Msk] [TX_188] Фасилити: 108 | Интент: ADD_LOG_ENTRY | Назначение (P1): 108 | Статус TX: READY | Трасса ORIGINS: [103]
[04:40:13 Msk] [TX_189] Фасилити: 103 | Интент: INJECT_VFS_DATA | Назначение (P1): 103 | Статус TX: READY | Трасса ORIGINS: [103]
[04:40:13 Msk] [TX_191] Фасилити: 14 | Интент: SYNC_SCROLLBAR_METRICS | Назначение (P1): 14 | Статус TX: READY | Трасса ORIGINS: [103]
[04:40:14 Msk] [TX_195] Фасилити: 14 | Интент: SCROLL_CONTENT_DOWN | Назначение (P1): 14 | Статус TX: READY | Трасса ORIGINS: [10]
[04:40:14 Msk] [TX_198] Фасилити: 14 | Интент: SCROLL_CONTENT_DOWN | Назначение (P1): 14 | Статус TX: READY | Трасса ORIGINS: [10]
[04:40:14 Msk] [TX_201] Фасилити: 14 | Интент: SCROLL_CONTENT_DOWN | Назначение (P1): 14 | Статус TX: READY | Трасса ORIGINS: [10]
[04:40:14 Msk] [TX_204] Фасилити: 14 | Интент: SCROLL_CONTENT_DOWN | Назначение (P1): 14 | Статус TX: READY | Трасса ORIGINS: [10]
[04:40:14 Msk] [TX_207] Фасилити: 14 | Интент: SCROLL_CONTENT_UP | Назначение (P1): 14 | Статус TX: READY | Трасса ORIGINS: [10]
[04:40:14 Msk] [TX_210] Фасилити: 14 | Интент: SCROLL_CONTENT_UP | Назначение (P1): 14 | Статус TX: READY | Трасса ORIGINS: [10]
[04:40:14 Msk] [TX_213] Фасилити: 14 | Интент: SCROLL_CONTENT_UP | Назначение (P1): 14 | Статус TX: READY | Трасса ORIGINS: [10]
[04:40:14 Msk] [TX_216] Фасилити: 14 | Интент: SCROLL_CONTENT_UP | Назначение (P1): 14 | Статус TX: READY | Трасса ORIGINS: [10]
[04:40:14 Msk] [TX_219] Фасилити: 14 | Интент: SCROLL_CONTENT_UP | Назначение (P1): 14 | Статус TX: READY | Трасса ORIGINS: [10]
[04:40:14 Msk] [TX_222] Фасилити: 14 | Интент: SCROLL_CONTENT_UP | Назначение (P1): 14 | Статус TX: READY | Трасса ORIGINS: [10]
[04:40:14 Msk] [TX_225] Фасилити: 14 | Интент: SCROLL_CONTENT_DOWN | Назначение (P1): 14 | Статус TX: READY | Трасса ORIGINS: [10]
[04:40:14 Msk] [TX_228] Фасилити: 103 | Интент: MOUSE_CLICK | Назначение (P1): 103 | Статус TX: READY | Трасса ORIGINS: [10]
[04:40:15 Msk] [TX_231] Фасилити: 14 | Интент: SCROLL_CONTENT_DOWN | Назначение (P1): 14 | Статус TX: READY | Трасса ORIGINS: [10]
[04:40:15 Msk] [TX_234] Фасилити: 14 | Интент: SCROLL_CONTENT_DOWN | Назначение (P1): 14 | Статус TX: READY | Трасса ORIGINS: [10]
[04:40:15 Msk] [TX_237] Фасилити: 14 | Интент: SCROLL_CONTENT_DOWN | Назначение (P1): 14 | Статус TX: READY | Трасса ORIGINS: [10]
[04:40:15 Msk] [TX_240] Фасилити: 14 | Интент: SCROLL_CONTENT_DOWN | Назначение (P1): 14 | Статус TX: READY | Трасса ORIGINS: [10]
[04:40:15 Msk] [TX_243] Фасилити: 14 | Интент: SCROLL_CONTENT_UP | Назначение (P1): 14 | Статус TX: READY | Трасса ORIGINS: [10]
[04:40:15 Msk] [TX_246] Фасилити: 14 | Интент: SCROLL_CONTENT_UP | Назначение (P1): 14 | Статус TX: READY | Трасса ORIGINS: [10]
[04:40:15 Msk] [TX_249] Фасилити: 14 | Интент: SCROLL_CONTENT_UP | Назначение (P1): 14 | Статус TX: READY | Трасса ORIGINS: [10]
[04:40:15 Msk] [TX_252] Фасилити: 14 | Интент: SCROLL_CONTENT_UP | Назначение (P1): 14 | Статус TX: READY | Трасса ORIGINS: [10]
[04:40:15 Msk] [TX_255] Фасилити: 14 | Интент: SCROLL_CONTENT_UP | Назначение (P1): 14 | Статус TX: READY | Трасса ORIGINS: [10]
[04:40:15 Msk] [TX_258] Фасилити: 14 | Интент: SCROLL_CONTENT_DOWN | Назначение (P1): 14 | Статус TX: READY | Трасса ORIGINS: [10]
[04:40:15 Msk] [TX_261] Фасилити: 14 | Интент: SCROLL_CONTENT_DOWN | Назначение (P1): 14 | Статус TX: READY | Трасса ORIGINS: [10]
[04:40:15 Msk] [TX_264] Фасилити: 14 | Интент: SCROLL_CONTENT_DOWN | Назначение (P1): 14 | Статус TX: READY | Трасса ORIGINS: [10]
[04:40:17 Msk] [TX_267] Фасилити: 12 | Интент: TAB_CLICKED | Назначение (P1): 12 | Статус TX: READY | Трасса ORIGINS: [10]
[04:40:18 Msk] [TX_270] Фасилити: 12 | Интент: TAB_CLICKED | Назначение (P1): 12 | Статус TX: READY | Трасса ORIGINS: [10]
[04:40:18 Msk] [TX_273] Фасилити: 12 | Интент: TAB_CLICKED | Назначение (P1): 12 | Статус TX: READY | Трасса ORIGINS: [10]
[04:40:20 Msk] [TOP_GEN] Целевой Канал Шины: 0 | Интент: SET_SLOT_FOCUS | Конечная цель фокуса: 105
[04:40:20 Msk] [TX_276] Фасилити: 0 | Интент: SET_SLOT_FOCUS | Назначение (P1): 0 | Статус TX: READY | Трасса ORIGINS: [10]
[04:40:21 Msk] [TX_281] Фасилити: 14 | Интент: SCROLL_CONTENT_DOWN | Назначение (P1): 14 | Статус TX: READY | Трасса ORIGINS: [10]
[04:40:21 Msk] [TX_284] Фасилити: 14 | Интент: SCROLL_CONTENT_DOWN | Назначение (P1): 14 | Статус TX: READY | Трасса ORIGINS: [10]
[04:40:21 Msk] [TX_287] Фасилити: 14 | Интент: SCROLL_CONTENT_UP | Назначение (P1): 14 | Статус TX: READY | Трасса ORIGINS: [10]
[04:40:21 Msk] [TX_290] Фасилити: 14 | Интент: SCROLL_CONTENT_UP | Назначение (P1): 14 | Статус TX: READY | Трасса ORIGINS: [10]
[04:40:21 Msk] [TX_293] Фасилити: 14 | Интент: SCROLL_CONTENT_UP | Назначение (P1): 14 | Статус TX: READY | Трасса ORIGINS: [10]
[04:40:22 Msk] [TX_296] Фасилити: 12 | Интент: TAB_CLICKED | Назначение (P1): 12 | Статус TX: READY | Трасса ORIGINS: [10]
[04:40:22 Msk] [TX_297] Фасилити: 104 | Интент: KEYBOARD_MODIFIER_CHANGED | Назначение (P1): 104 | Статус TX: READY | Трасса ORIGINS: [10]
[04:40:22 Msk] [TX_298] Фасилити: 108 | Интент: ADD_LOG_ENTRY | Назначение (P1): 108 | Статус TX: READY | Трасса ORIGINS: [10]
[04:40:23 Msk] [TX_305] Фасилити: 12 | Интент: TAB_CLICKED | Назначение (P1): 12 | Статус TX: READY | Трасса ORIGINS: [10]
[04:42:25 Msk] [TOP_GEN] Целевой Канал Шины: 0 | Интент: SET_SLOT_FOCUS | Конечная цель фокуса: 102
[04:42:25 Msk] [TX_309] Фасилити: 102 | Интент: MOUSE_CLICK | Назначение (P1): 102 | Статус TX: READY | Трасса ORIGINS: [10]
[04:42:25 Msk] [TX_308] Фасилити: 0 | Интент: SET_SLOT_FOCUS | Назначение (P1): 0 | Статус TX: READY | Трасса ORIGINS: [10]
[04:42:26 Msk] [TX_314] Фасилити: 14 | Интент: SCROLL_CONTENT_DOWN | Назначение (P1): 14 | Статус TX: READY | Трасса ORIGINS: [10]
[04:42:26 Msk] [TX_317] Фасилити: 14 | Интент: SCROLL_CONTENT_DOWN | Назначение (P1): 14 | Статус TX: READY | Трасса ORIGINS: [10]
[04:42:26 Msk] [TX_320] Фасилити: 14 | Интент: SCROLL_CONTENT_DOWN | Назначение (P1): 14 | Статус TX: READY | Трасса ORIGINS: [10]
[04:42:26 Msk] [TX_323] Фасилити: 14 | Интент: SCROLL_CONTENT_DOWN | Назначение (P1): 14 | Статус TX: READY | Трасса ORIGINS: [10]
[04:42:26 Msk] [TX_326] Фасилити: 14 | Интент: SCROLL_CONTENT_UP | Назначение (P1): 14 | Статус TX: READY | Трасса ORIGINS: [10]
[04:42:26 Msk] [TX_329] Фасилити: 14 | Интент: SCROLL_CONTENT_UP | Назначение (P1): 14 | Статус TX: READY | Трасса ORIGINS: [10]
[04:42:26 Msk] [TX_332] Фасилити: 14 | Интент: SCROLL_CONTENT_UP | Назначение (P1): 14 | Статус TX: READY | Трасса ORIGINS: [10]
[04:42:26 Msk] [TX_335] Фасилити: 14 | Интент: SCROLL_CONTENT_UP | Назначение (P1): 14 | Статус TX: READY | Трасса ORIGINS: [10]
[04:42:27 Msk] [TOP_GEN] Целевой Канал Шины: 0 | Интент: SET_SLOT_FOCUS | Конечная цель фокуса: 103
[04:42:27 Msk] [TX_339] Фасилити: 103 | Интент: MOUSE_CLICK | Назначение (P1): 103 | Статус TX: READY | Трасса ORIGINS: [10]
[04:42:27 Msk] [TX_338] Фасилити: 0 | Интент: SET_SLOT_FOCUS | Назначение (P1): 0 | Статус TX: READY | Трасса ORIGINS: [10]
[04:42:27 Msk] [TX_344] Фасилити: 14 | Интент: SCROLL_CONTENT_DOWN | Назначение (P1): 14 | Статус TX: READY | Трасса ORIGINS: [10]
[04:42:27 Msk] [TX_347] Фасилити: 14 | Интент: SCROLL_CONTENT_DOWN | Назначение (P1): 14 | Статус TX: READY | Трасса ORIGINS: [10]
[04:42:27 Msk] [TX_350] Фасилити: 14 | Интент: SCROLL_CONTENT_DOWN | Назначение (P1): 14 | Статус TX: READY | Трасса ORIGINS: [10]
[04:42:27 Msk] [TX_353] Фасилити: 14 | Интент: SCROLL_CONTENT_DOWN | Назначение (P1): 14 | Статус TX: READY | Трасса ORIGINS: [10]
[04:42:27 Msk] [TX_356] Фасилити: 14 | Интент: SCROLL_CONTENT_DOWN | Назначение (P1): 14 | Статус TX: READY | Трасса ORIGINS: [10]
[04:42:27 Msk] [TX_359] Фасилити: 14 | Интент: SCROLL_CONTENT_UP | Назначение (P1): 14 | Статус TX: READY | Трасса ORIGINS: [10]
[04:42:27 Msk] [TX_362] Фасилити: 14 | Интент: SCROLL_CONTENT_UP | Назначение (P1): 14 | Статус TX: READY | Трасса ORIGINS: [10]
[04:42:27 Msk] [TX_365] Фасилити: 14 | Интент: SCROLL_CONTENT_UP | Назначение (P1): 14 | Статус TX: READY | Трасса ORIGINS: [10]
[04:42:27 Msk] [TX_368] Фасилити: 14 | Интент: SCROLL_CONTENT_UP | Назначение (P1): 14 | Статус TX: READY | Трасса ORIGINS: [10]
[04:42:28 Msk] [TX_371] Фасилити: 14 | Интент: SCROLL_CONTENT_UP | Назначение (P1): 14 | Статус TX: READY | Трасса ORIGINS: [10]
[04:42:29 Msk] [TOP_GEN] Целевой Канал Шины: 0 | Интент: SET_SLOT_FOCUS | Конечная цель фокуса: 102
[04:42:29 Msk] [TX_375] Фасилити: 12 | Интент: TAB_CLICKED | Назначение (P1): 12 | Статус TX: READY | Трасса ORIGINS: [10]
[04:42:29 Msk] [TX_377] Фасилити: 108 | Интент: ADD_LOG_ENTRY | Назначение (P1): 108 | Статус TX: READY | Трасса ORIGINS: [10]
[04:42:29 Msk] [TX_376] Фасилити: 102 | Интент: SWITCH_SLOT_TAB | Назначение (P1): 102 | Статус TX: READY | Трасса ORIGINS: [12]
[04:42:29 Msk] [TX_374] Фасилити: 0 | Интент: SET_SLOT_FOCUS | Назначение (P1): 0 | Статус TX: READY | Трасса ORIGINS: [10]
[04:42:29 Msk] [TX_381] Фасилити: 108 | Интент: ADD_LOG_ENTRY | Назначение (P1): 108 | Статус TX: READY | Трасса ORIGINS: [102]
[04:42:29 Msk] [TX_382] Фасилити: 102 | Интент: INJECT_VFS_DATA | Назначение (P1): 102 | Статус TX: READY | Трасса ORIGINS: [102]
[04:42:29 Msk] [TX_385] Фасилити: 14 | Интент: SYNC_SCROLLBAR_METRICS | Назначение (P1): 14 | Статус TX: READY | Трасса ORIGINS: [102]
[04:42:31 Msk] [TX_389] Фасилити: 12 | Интент: TAB_CLICKED | Назначение (P1): 12 | Статус TX: READY | Трасса ORIGINS: [10]
[04:42:31 Msk] [TX_391] Фасилити: 108 | Интент: ADD_LOG_ENTRY | Назначение (P1): 108 | Статус TX: READY | Трасса ORIGINS: [10]
[04:42:31 Msk] [TX_390] Фасилити: 102 | Интент: SWITCH_SLOT_TAB | Назначение (P1): 102 | Статус TX: READY | Трасса ORIGINS: [12]
[04:42:31 Msk] [TX_395] Фасилити: 108 | Интент: ADD_LOG_ENTRY | Назначение (P1): 108 | Статус TX: READY | Трасса ORIGINS: [102]
[04:42:31 Msk] [TX_396] Фасилити: 102 | Интент: INJECT_VFS_DATA | Назначение (P1): 102 | Статус TX: READY | Трасса ORIGINS: [102]
[04:42:31 Msk] [TX_398] Фасилити: 14 | Интент: SYNC_SCROLLBAR_METRICS | Назначение (P1): 14 | Статус TX: READY | Трасса ORIGINS: [102]
[04:42:32 Msk] [TX_402] Фасилити: 102 | Интент: MOUSE_CLICK | Назначение (P1): 102 | Статус TX: READY | Трасса ORIGINS: [10]
[04:42:32 Msk] [TX_405] Фасилити: 14 | Интент: SCROLL_CONTENT_DOWN | Назначение (P1): 14 | Статус TX: READY | Трасса ORIGINS: [10]
[04:42:32 Msk] [TX_408] Фасилити: 14 | Интент: SCROLL_CONTENT_DOWN | Назначение (P1): 14 | Статус TX: READY | Трасса ORIGINS: [10]
[04:42:33 Msk] [TX_411] Фасилити: 14 | Интент: SCROLL_CONTENT_UP | Назначение (P1): 14 | Статус TX: READY | Трасса ORIGINS: [10]
[04:42:33 Msk] [TX_414] Фасилити: 12 | Интент: TAB_CLICKED | Назначение (P1): 12 | Статус TX: READY | Трасса ORIGINS: [10]
[04:42:33 Msk] [TX_416] Фасилити: 108 | Интент: ADD_LOG_ENTRY | Назначение (P1): 108 | Статус TX: READY | Трасса ORIGINS: [10]
[04:42:33 Msk] [TX_415] Фасилити: 102 | Интент: SWITCH_SLOT_TAB | Назначение (P1): 102 | Статус TX: READY | Трасса ORIGINS: [12]
[04:42:33 Msk] [TX_420] Фасилити: 108 | Интент: ADD_LOG_ENTRY | Назначение (P1): 108 | Статус TX: READY | Трасса ORIGINS: [102]
[04:42:33 Msk] [TX_421] Фасилити: 102 | Интент: INJECT_VFS_DATA | Назначение (P1): 102 | Статус TX: READY | Трасса ORIGINS: [102]
[04:42:33 Msk] [TX_423] Фасилити: 14 | Интент: SYNC_SCROLLBAR_METRICS | Назначение (P1): 14 | Статус TX: READY | Трасса ORIGINS: [102]
[04:42:35 Msk] [TX_427] Фасилити: 12 | Интент: TAB_CLICKED | Назначение (P1): 12 | Статус TX: READY | Трасса ORIGINS: [10]
[04:42:36 Msk] [TX_430] Фасилити: 12 | Интент: TAB_CLICKED | Назначение (P1): 12 | Статус TX: READY | Трасса ORIGINS: [10]
[04:42:37 Msk] [TX_433] Фасилити: 12 | Интент: TAB_CLICKED | Назначение (P1): 12 | Статус TX: READY | Трасса ORIGINS: [10]
[04:42:37 Msk] [TX_434] Фасилити: 104 | Интент: KEYBOARD_MODIFIER_CHANGED | Назначение (P1): 104 | Статус TX: READY | Трасса ORIGINS: [10]
[04:42:37 Msk] [TX_435] Фасилити: 108 | Интент: ADD_LOG_ENTRY | Назначение (P1): 108 | Статус TX: READY | Трасса ORIGINS: [10]
[04:42:39 Msk] [TX_442] Фасилити: 12 | Интент: TAB_CLICKED | Назначение (P1): 12 | Статус TX: READY | Трасса ORIGINS: [10]
[04:42:41 Msk] [TX_445] Фасилити: 12 | Интент: TAB_CLICKED | Назначение (P1): 12 | Статус TX: READY | Трасса ORIGINS: [10]
[04:42:41 Msk] [TX_446] Фасилити: 104 | Интент: KEYBOARD_MODIFIER_CHANGED | Назначение (P1): 104 | Статус TX: READY | Трасса ORIGINS: [10]
[04:42:41 Msk] [TX_447] Фасилити: 108 | Интент: ADD_LOG_ENTRY | Назначение (P1): 108 | Статус TX: READY | Трасса ORIGINS: [10]
[04:42:44 Msk] [TX_452] Фасилити: 12 | Интент: TAB_CLICKED | Назначение (P1): 12 | Статус TX: READY | Трасса ORIGINS: [10]
[04:42:44 Msk] [TX_455] Фасилити: 12 | Интент: TAB_CLICKED | Назначение (P1): 12 | Статус TX: READY | Трасса ORIGINS: [10]
[04:42:45 Msk] [TX_458] Фасилити: 12 | Интент: TAB_CLICKED | Назначение (P1): 12 | Статус TX: READY | Трасса ORIGINS: [10]
[04:42:45 Msk] [TX_459] Фасилити: 104 | Интент: KEYBOARD_MODIFIER_CHANGED | Назначение (P1): 104 | Статус TX: READY | Трасса ORIGINS: [10]
[04:42:45 Msk] [TX_460] Фасилити: 108 | Интент: ADD_LOG_ENTRY | Назначение (P1): 108 | Статус TX: READY | Трасса ORIGINS: [10]
[04:42:49 Msk] [TX_465] Фасилити: 12 | Интент: TAB_CLICKED | Назначение (P1): 12 | Статус TX: READY | Трасса ORIGINS: [10]
[04:42:49 Msk] [TX_466] Фасилити: 104 | Интент: KEYBOARD_MODIFIER_CHANGED | Назначение (P1): 104 | Статус TX: READY | Трасса ORIGINS: [10]
[04:42:49 Msk] [TX_467] Фасилити: 108 | Интент: ADD_LOG_ENTRY | Назначение (P1): 108 | Статус TX: READY | Трасса ORIGINS: [10]
[04:42:50 Msk] [TX_472] Фасилити: 12 | Интент: TAB_CLICKED | Назначение (P1): 12 | Статус TX: READY | Трасса ORIGINS: [10]
[04:42:51 Msk] [TOP_GEN] Целевой Канал Шины: 0 | Интент: SET_SLOT_FOCUS | Конечная цель фокуса: 102
[04:42:51 Msk] [TX_475] Фасилити: 0 | Интент: SET_SLOT_FOCUS | Назначение (P1): 0 | Статус TX: READY | Трасса ORIGINS: [10]
[04:42:51 Msk] [TX_476] Фасилити: 9 | Интент: MAXIMIZE_SLOT_TOGGLE | Назначение (P1): 9 | Статус TX: READY | Трасса ORIGINS: [10]
[04:42:53 Msk] [TX_481] Фасилити: 12 | Интент: TAB_CLICKED | Назначение (P1): 12 | Статус TX: READY | Трасса ORIGINS: [10]
[04:42:54 Msk] [TX_484] Фасилити: 12 | Интент: TAB_CLICKED | Назначение (P1): 12 | Статус TX: READY | Трасса ORIGINS: [10]
[04:42:55 Msk] [TX_487] Фасилити: 12 | Интент: TAB_CLICKED | Назначение (P1): 12 | Статус TX: READY | Трасса ORIGINS: [10]
[04:42:55 Msk] [TX_490] Фасилити: 12 | Интент: TAB_CLICKED | Назначение (P1): 12 | Статус TX: READY | Трасса ORIGINS: [10]
[04:42:56 Msk] [TX_493] Фасилити: 12 | Интент: TAB_CLICKED | Назначение (P1): 12 | Статус TX: READY | Трасса ORIGINS: [10]
[04:42:56 Msk] [TX_494] Фасилити: 104 | Интент: KEYBOARD_MODIFIER_CHANGED | Назначение (P1): 104 | Статус TX: READY | Трасса ORIGINS: [10]
[04:42:56 Msk] [TX_495] Фасилити: 108 | Интент: ADD_LOG_ENTRY | Назначение (P1): 108 | Статус TX: READY | Трасса ORIGINS: [10]
[04:42:57 Msk] [TX_502] Фасилити: 12 | Интент: TAB_CLICKED | Назначение (P1): 12 | Статус TX: READY | Трасса ORIGINS: [10]
[04:42:58 Msk] [TX_505] Фасилити: 12 | Интент: TAB_CLICKED | Назначение (P1): 12 | Статус TX: READY | Трасса ORIGINS: [10]
[04:42:59 Msk] [TX_508] Фасилити: 12 | Интент: TAB_CLICKED | Назначение (P1): 12 | Статус TX: READY | Трасса ORIGINS: [10]
[04:42:59 Msk] [TX_509] Фасилити: 104 | Интент: KEYBOARD_MODIFIER_CHANGED | Назначение (P1): 104 | Статус TX: READY | Трасса ORIGINS: [10]
[04:42:59 Msk] [TX_510] Фасилити: 108 | Интент: ADD_LOG_ENTRY | Назначение (P1): 108 | Статус TX: READY | Трасса ORIGINS: [10]
[04:43:00 Msk] [TX_515] Фасилити: 12 | Интент: TAB_CLICKED | Назначение (P1): 12 | Статус TX: READY | Трасса ORIGINS: [10]
[04:43:02 Msk] [TX_518] Фасилити: 12 | Интент: TAB_CLICKED | Назначение (P1): 12 | Статус TX: READY | Трасса ORIGINS: [10]
[04:43:02 Msk] [TX_519] Фасилити: 104 | Интент: KEYBOARD_MODIFIER_CHANGED | Назначение (P1): 104 | Статус TX: READY | Трасса ORIGINS: [10]
[04:43:02 Msk] [TX_520] Фасилити: 108 | Интент: ADD_LOG_ENTRY | Назначение (P1): 108 | Статус TX: READY | Трасса ORIGINS: [10]
[04:43:02 Msk] [TX_525] Фасилити: 12 | Интент: TAB_CLICKED | Назначение (P1): 12 | Статус TX: READY | Трасса ORIGINS: [10]
[04:43:02 Msk] [TX_526] Фасилити: 104 | Интент: KEYBOARD_MODIFIER_CHANGED | Назначение (P1): 104 | Статус TX: READY | Трасса ORIGINS: [10]
[04:43:02 Msk] [TX_527] Фасилити: 108 | Интент: ADD_LOG_ENTRY | Назначение (P1): 108 | Статус TX: READY | Трасса ORIGINS: [10]
[04:43:30 Msk] [TX_532] Фасилити: 12 | Интент: TAB_CLICKED | Назначение (P1): 12 | Статус TX: READY | Трасса ORIGINS: [10]
[04:43:31 Msk] [TX_535] Фасилити: 12 | Интент: TAB_CLICKED | Назначение (P1): 12 | Статус TX: READY | Трасса ORIGINS: [10]
[04:43:32 Msk] [TX_538] Фасилити: 12 | Интент: TAB_CLICKED | Назначение (P1): 12 | Статус TX: READY | Трасса ORIGINS: [10]
[04:43:32 Msk] [TX_539] Фасилити: 104 | Интент: KEYBOARD_MODIFIER_CHANGED | Назначение (P1): 104 | Статус TX: READY | Трасса ORIGINS: [10]
[04:43:32 Msk] [TX_540] Фасилити: 108 | Интент: ADD_LOG_ENTRY | Назначение (P1): 108 | Статус TX: READY | Трасса ORIGINS: [10]
[04:43:33 Msk] [TX_545] Фасилити: 12 | Интент: TAB_CLICKED | Назначение (P1): 12 | Статус TX: READY | Трасса ORIGINS: [10]
[04:43:34 Msk] [TX_548] Фасилити: 12 | Интент: TAB_CLICKED | Назначение (P1): 12 | Статус TX: READY | Трасса ORIGINS: [10]
[04:43:35 Msk] [TX_551] Фасилити: 14 | Интент: SCROLL_CONTENT_DOWN | Назначение (P1): 14 | Статус TX: READY | Трасса ORIGINS: [10]
[04:43:36 Msk] [TX_554] Фасилити: 14 | Интент: SCROLL_CONTENT_DOWN | Назначение (P1): 14 | Статус TX: READY | Трасса ORIGINS: [10]
[04:43:36 Msk] [TX_557] Фасилити: 14 | Интент: SCROLL_CONTENT_DOWN | Назначение (P1): 14 | Статус TX: READY | Трасса ORIGINS: [10]
[04:43:36 Msk] [TOP_GEN] Целевой Канал Шины: 0 | Интент: SET_SLOT_FOCUS | Конечная цель фокуса: 108
[04:43:36 Msk] [TX_561] Фасилити: 108 | Интент: MOUSE_CLICK | Назначение (P1): 108 | Статус TX: READY | Трасса ORIGINS: [10]
[04:43:36 Msk] [TX_560] Фасилити: 0 | Интент: SET_SLOT_FOCUS | Назначение (P1): 0 | Статус TX: READY | Трасса ORIGINS: [10]
[04:43:38 Msk] [TX_566] Фасилити: 12 | Интент: TAB_CLICKED | Назначение (P1): 12 | Статус TX: READY | Трасса ORIGINS: [10]
[04:43:38 Msk] [TX_567] Фасилити: 104 | Интент: KEYBOARD_MODIFIER_CHANGED | Назначение (P1): 104 | Статус TX: READY | Трасса ORIGINS: [10]
[04:43:38 Msk] [TX_568] Фасилити: 108 | Интент: ADD_LOG_ENTRY | Назначение (P1): 108 | Статус TX: READY | Трасса ORIGINS: [10]
[04:43:40 Msk] [TX_575] Фасилити: 12 | Интент: TAB_CLICKED | Назначение (P1): 12 | Статус TX: READY | Трасса ORIGINS: [10]
[04:43:40 Msk] [TX_576] Фасилити: 104 | Интент: KEYBOARD_MODIFIER_CHANGED | Назначение (P1): 104 | Статус TX: READY | Трасса ORIGINS: [10]
[04:43:40 Msk] [TX_577] Фасилити: 108 | Интент: ADD_LOG_ENTRY | Назначение (P1): 108 | Статус TX: READY | Трасса ORIGINS: [10]
[04:43:44 Msk] [TX_582] Фасилити: 12 | Интент: TAB_CLICKED | Назначение (P1): 12 | Статус TX: READY | Трасса ORIGINS: [10]
[04:43:46 Msk] [TX_585] Фасилити: 12 | Интент: TAB_CLICKED | Назначение (P1): 12 | Статус TX: READY | Трасса ORIGINS: [10]
[04:43:46 Msk] [TX_586] Фасилити: 104 | Интент: KEYBOARD_MODIFIER_CHANGED | Назначение (P1): 104 | Статус TX: READY | Трасса ORIGINS: [10]
[04:43:46 Msk] [TX_587] Фасилити: 108 | Интент: ADD_LOG_ENTRY | Назначение (P1): 108 | Статус TX: READY | Трасса ORIGINS: [10]
[04:44:03 Msk] [TX_592] Фасилити: 12 | Интент: TAB_CLICKED | Назначение (P1): 12 | Статус TX: READY | Трасса ORIGINS: [10]
[04:44:03 Msk] [TX_593] Фасилити: 104 | Интент: KEYBOARD_MODIFIER_CHANGED | Назначение (P1): 104 | Статус TX: READY | Трасса ORIGINS: [10]
[04:44:03 Msk] [TX_594] Фасилити: 108 | Интент: ADD_LOG_ENTRY | Назначение (P1): 108 | Статус TX: READY | Трасса ORIGINS: [10]
[04:44:04 Msk] [TX_599] Фасилити: 12 | Интент: TAB_CLICKED | Назначение (P1): 12 | Статус TX: READY | Трасса ORIGINS: [10]
[04:44:04 Msk] [TX_602] Фасилити: 12 | Интент: TAB_CLICKED | Назначение (P1): 12 | Статус TX: READY | Трасса ORIGINS: [10]
[04:44:04 Msk] [TX_603] Фасилити: 104 | Интент: KEYBOARD_MODIFIER_CHANGED | Назначение (P1): 104 | Статус TX: READY | Трасса ORIGINS: [10]
[04:44:04 Msk] [TX_604] Фасилити: 108 | Интент: ADD_LOG_ENTRY | Назначение (P1): 108 | Статус TX: READY | Трасса ORIGINS: [10]
[04:44:05 Msk] [TX_609] Фасилити: 12 | Интент: TAB_CLICKED | Назначение (P1): 12 | Статус TX: READY | Трасса ORIGINS: [10]
[04:44:06 Msk] [TX_612] Фасилити: 12 | Интент: TAB_CLICKED | Назначение (P1): 12 | Статус TX: READY | Трасса ORIGINS: [10]
[04:44:06 Msk] [TOP_GEN] Целевой Канал Шины: 0 | Интент: SET_SLOT_FOCUS | Конечная цель фокуса: 102
[04:44:06 Msk] [TX_615] Фасилити: 0 | Интент: SET_SLOT_FOCUS | Назначение (P1): 0 | Статус TX: READY | Трасса ORIGINS: [10]
[04:44:08 Msk] [TX_620] Фасилити: 12 | Интент: TAB_CLICKED | Назначение (P1): 12 | Статус TX: READY | Трасса ORIGINS: [10]
[04:44:08 Msk] [TX_621] Фасилити: 104 | Интент: KEYBOARD_MODIFIER_CHANGED | Назначение (P1): 104 | Статус TX: READY | Трасса ORIGINS: [10]
[04:44:08 Msk] [TX_622] Фасилити: 108 | Интент: ADD_LOG_ENTRY | Назначение (P1): 108 | Статус TX: READY | Трасса ORIGINS: [10]
[04:44:08 Msk] [TX_629] Фасилити: 12 | Интент: TAB_CLICKED | Назначение (P1): 12 | Статус TX: READY | Трасса ORIGINS: [10]
[04:44:09 Msk] [TX_632] Фасилити: 12 | Интент: TAB_CLICKED | Назначение (P1): 12 | Статус TX: READY | Трасса ORIGINS: [10]
[04:44:09 Msk] [TX_633] Фасилити: 104 | Интент: KEYBOARD_MODIFIER_CHANGED | Назначение (P1): 104 | Статус TX: READY | Трасса ORIGINS: [10]
[04:44:09 Msk] [TX_634] Фасилити: 108 | Интент: ADD_LOG_ENTRY | Назначение (P1): 108 | Статус TX: READY | Трасса ORIGINS: [10]
[04:44:10 Msk] [TX_639] Фасилити: 12 | Интент: TAB_CLICKED | Назначение (P1): 12 | Статус TX: READY | Трасса ORIGINS: [10]
[04:44:10 Msk] [TX_642] Фасилити: 12 | Интент: TAB_CLICKED | Назначение (P1): 12 | Статус TX: READY | Трасса ORIGINS: [10]
[04:44:10 Msk] [TX_643] Фасилити: 104 | Интент: KEYBOARD_MODIFIER_CHANGED | Назначение (P1): 104 | Статус TX: READY | Трасса ORIGINS: [10]
[04:44:10 Msk] [TX_644] Фасилити: 108 | Интент: ADD_LOG_ENTRY | Назначение (P1): 108 | Статус TX: READY | Трасса ORIGINS: [10]
[04:44:11 Msk] [TX_649] Фасилити: 12 | Интент: TAB_CLICKED | Назначение (P1): 12 | Статус TX: READY | Трасса ORIGINS: [10]
[04:44:12 Msk] [TX_652] Фасилити: 12 | Интент: TAB_CLICKED | Назначение (P1): 12 | Статус TX: READY | Трасса ORIGINS: [10]
[04:44:13 Msk] [TX_655] Фасилити: 12 | Интент: TAB_CLICKED | Назначение (P1): 12 | Статус TX: READY | Трасса ORIGINS: [10]
[04:44:13 Msk] [TX_658] Фасилити: 14 | Интент: SCROLL_CONTENT_DOWN | Назначение (P1): 14 | Статус TX: READY | Трасса ORIGINS: [10]
[04:44:13 Msk] [TX_661] Фасилити: 14 | Интент: SCROLL_CONTENT_DOWN | Назначение (P1): 14 | Статус TX: READY | Трасса ORIGINS: [10]
[04:44:13 Msk] [TX_664] Фасилити: 14 | Интент: SCROLL_CONTENT_DOWN | Назначение (P1): 14 | Статус TX: READY | Трасса ORIGINS: [10]
[04:44:13 Msk] [TX_667] Фасилити: 14 | Интент: SCROLL_CONTENT_DOWN | Назначение (P1): 14 | Статус TX: READY | Трасса ORIGINS: [10]
[04:44:14 Msk] [TX_671] Фасилити: 104 | Интент: ROTATE_STACK_DOWN | Назначение (P1): 104 | Статус TX: READY | Трасса ORIGINS: [10]
[04:44:14 Msk] [TX_674] Фасилити: 104 | Интент: ROTATE_STACK_DOWN | Назначение (P1): 104 | Статус TX: READY | Трасса ORIGINS: [10]
[04:44:14 Msk] [TX_677] Фасилити: 104 | Интент: ROTATE_STACK_DOWN | Назначение (P1): 104 | Статус TX: READY | Трасса ORIGINS: [10]
[04:44:14 Msk] [TX_680] Фасилити: 104 | Интент: ROTATE_STACK_DOWN | Назначение (P1): 104 | Статус TX: READY | Трасса ORIGINS: [10]
[04:44:15 Msk] [TX_683] Фасилити: 104 | Интент: ROTATE_STACK_UP | Назначение (P1): 104 | Статус TX: READY | Трасса ORIGINS: [10]
[04:44:15 Msk] [TX_686] Фасилити: 104 | Интент: ROTATE_STACK_UP | Назначение (P1): 104 | Статус TX: READY | Трасса ORIGINS: [10]
[04:44:15 Msk] [TX_689] Фасилити: 104 | Интент: ROTATE_STACK_UP | Назначение (P1): 104 | Статус TX: READY | Трасса ORIGINS: [10]
[04:44:15 Msk] [TX_692] Фасилити: 104 | Интент: ROTATE_STACK_UP | Назначение (P1): 104 | Статус TX: READY | Трасса ORIGINS: [10]
[04:44:15 Msk] [TX_695] Фасилити: 104 | Интент: ROTATE_STACK_UP | Назначение (P1): 104 | Статус TX: READY | Трасса ORIGINS: [10]
[04:44:15 Msk] [TX_698] Фасилити: 104 | Интент: ROTATE_STACK_UP | Назначение (P1): 104 | Статус TX: READY | Трасса ORIGINS: [10]
[04:44:15 Msk] [TX_701] Фасилити: 104 | Интент: ROTATE_STACK_DOWN | Назначение (P1): 104 | Статус TX: READY | Трасса ORIGINS: [10]
[04:44:15 Msk] [TX_704] Фасилити: 104 | Интент: ROTATE_STACK_DOWN | Назначение (P1): 104 | Статус TX: READY | Трасса ORIGINS: [10]
[04:44:15 Msk] [TX_707] Фасилити: 104 | Интент: ROTATE_STACK_DOWN | Назначение (P1): 104 | Статус TX: READY | Трасса ORIGINS: [10]
[04:44:15 Msk] [TX_710] Фасилити: 104 | Интент: ROTATE_STACK_DOWN | Назначение (P1): 104 | Статус TX: READY | Трасса ORIGINS: [10]
[04:44:15 Msk] [TOP_GEN] Целевой Канал Шины: 0 | Интент: SET_SLOT_FOCUS | Конечная цель фокуса: 102
[04:44:15 Msk] [TX_714] Фасилити: 102 | Интент: MOUSE_CLICK | Назначение (P1): 102 | Статус TX: READY | Трасса ORIGINS: [10]
[04:44:15 Msk] [TX_713] Фасилити: 0 | Интент: SET_SLOT_FOCUS | Назначение (P1): 0 | Статус TX: READY | Трасса ORIGINS: [10]
[04:44:16 Msk] [TOP_GEN] Целевой Канал Шины: 0 | Интент: SET_SLOT_FOCUS | Конечная цель фокуса: 103
[04:44:16 Msk] [TX_720] Фасилити: 103 | Интент: MOUSE_CLICK | Назначение (P1): 103 | Статус TX: READY | Трасса ORIGINS: [10]
[04:44:16 Msk] [TX_719] Фасилити: 0 | Интент: SET_SLOT_FOCUS | Назначение (P1): 0 | Статус TX: READY | Трасса ORIGINS: [10]
[04:44:17 Msk] [TX_725] Фасилити: 14 | Интент: SCROLL_CONTENT_DOWN | Назначение (P1): 14 | Статус TX: READY | Трасса ORIGINS: [10]
[04:44:17 Msk] [TX_728] Фасилити: 14 | Интент: SCROLL_CONTENT_DOWN | Назначение (P1): 14 | Статус TX: READY | Трасса ORIGINS: [10]
[04:44:17 Msk] [TX_731] Фасилити: 14 | Интент: SCROLL_CONTENT_DOWN | Назначение (P1): 14 | Статус TX: READY | Трасса ORIGINS: [10]
[04:44:17 Msk] [TX_734] Фасилити: 14 | Интент: SCROLL_CONTENT_DOWN | Назначение (P1): 14 | Статус TX: READY | Трасса ORIGINS: [10]
[04:44:17 Msk] [TX_737] Фасилити: 14 | Интент: SCROLL_CONTENT_UP | Назначение (P1): 14 | Статус TX: READY | Трасса ORIGINS: [10]
[04:44:17 Msk] [TX_740] Фасилити: 14 | Интент: SCROLL_CONTENT_UP | Назначение (P1): 14 | Статус TX: READY | Трасса ORIGINS: [10]
[04:44:17 Msk] [TX_743] Фасилити: 14 | Интент: SCROLL_CONTENT_UP | Назначение (P1): 14 | Статус TX: READY | Трасса ORIGINS: [10]
[04:44:17 Msk] [TX_746] Фасилити: 14 | Интент: SCROLL_CONTENT_UP | Назначение (P1): 14 | Статус TX: READY | Трасса ORIGINS: [10]
[04:46:50 Msk] [TX_750] Фасилити: 14 | Интент: SCROLL_CONTENT_DOWN | Назначение (P1): 14 | Статус TX: READY | Трасса ORIGINS: [10]
[04:46:50 Msk] [TX_753] Фасилити: 14 | Интент: SCROLL_CONTENT_DOWN | Назначение (P1): 14 | Статус TX: READY | Трасса ORIGINS: [10]
[04:46:50 Msk] [TX_756] Фасилити: 14 | Интент: SCROLL_CONTENT_DOWN | Назначение (P1): 14 | Статус TX: READY | Трасса ORIGINS: [10]
[04:46:50 Msk] [TX_759] Фасилити: 14 | Интент: SCROLL_CONTENT_DOWN | Назначение (P1): 14 | Статус TX: READY | Трасса ORIGINS: [10]
[04:46:50 Msk] [TX_762] Фасилити: 14 | Интент: SCROLL_CONTENT_DOWN | Назначение (P1): 14 | Статус TX: READY | Трасса ORIGINS: [10]
[04:46:50 Msk] [TX_765] Фасилити: 14 | Интент: SCROLL_CONTENT_UP | Назначение (P1): 14 | Статус TX: READY | Трасса ORIGINS: [10]
[04:46:51 Msk] [TOP_GEN] Целевой Канал Шины: 0 | Интент: SET_SLOT_FOCUS | Конечная цель фокуса: 106
[04:46:51 Msk] [TX_769] Фасилити: 106 | Интент: MOUSE_CLICK | Назначение (P1): 106 | Статус TX: READY | Трасса ORIGINS: [10]
[04:46:51 Msk] [TX_768] Фасилити: 0 | Интент: SET_SLOT_FOCUS | Назначение (P1): 0 | Статус TX: READY | Трасса ORIGINS: [10]
[04:46:51 Msk] [TOP_GEN] Целевой Канал Шины: 0 | Интент: SET_SLOT_FOCUS | Конечная цель фокуса: 103
[04:46:51 Msk] [TX_775] Фасилити: 103 | Интент: MOUSE_CLICK | Назначение (P1): 103 | Статус TX: READY | Трасса ORIGINS: [10]
[04:46:51 Msk] [TX_774] Фасилити: 0 | Интент: SET_SLOT_FOCUS | Назначение (P1): 0 | Статус TX: READY | Трасса ORIGINS: [10]
[04:46:52 Msk] [TX_780] Фасилити: 14 | Интент: SCROLL_CONTENT_DOWN | Назначение (P1): 14 | Статус TX: READY | Трасса ORIGINS: [10]
[04:46:52 Msk] [TX_783] Фасилити: 14 | Интент: SCROLL_CONTENT_DOWN | Назначение (P1): 14 | Статус TX: READY | Трасса ORIGINS: [10]
[04:46:52 Msk] [TX_786] Фасилити: 14 | Интент: SCROLL_CONTENT_DOWN | Назначение (P1): 14 | Статус TX: READY | Трасса ORIGINS: [10]
[04:46:52 Msk] [TX_789] Фасилити: 14 | Интент: SCROLL_CONTENT_DOWN | Назначение (P1): 14 | Статус TX: READY | Трасса ORIGINS: [10]
[04:46:53 Msk] [TX_792] Фасилити: 14 | Интент: SCROLL_CONTENT_UP | Назначение (P1): 14 | Статус TX: READY | Трасса ORIGINS: [10]
[04:46:53 Msk] [TX_795] Фасилити: 14 | Интент: SCROLL_CONTENT_UP | Назначение (P1): 14 | Статус TX: READY | Трасса ORIGINS: [10]
[04:46:53 Msk] [TX_798] Фасилити: 14 | Интент: SCROLL_CONTENT_UP | Назначение (P1): 14 | Статус TX: READY | Трасса ORIGINS: [10]
[04:46:53 Msk] [TX_801] Фасилити: 14 | Интент: SCROLL_CONTENT_UP | Назначение (P1): 14 | Статус TX: READY | Трасса ORIGINS: [10]
[04:46:53 Msk] [TX_804] Фасилити: 14 | Интент: SCROLL_CONTENT_UP | Назначение (P1): 14 | Статус TX: READY | Трасса ORIGINS: [10]
[04:46:53 Msk] [TOP_GEN] Целевой Канал Шины: 0 | Интент: SET_SLOT_FOCUS | Конечная цель фокуса: 102
[04:46:53 Msk] [TX_808] Фасилити: 102 | Интент: MOUSE_CLICK | Назначение (P1): 102 | Статус TX: READY | Трасса ORIGINS: [10]
[04:46:53 Msk] [TX_807] Фасилити: 0 | Интент: SET_SLOT_FOCUS | Назначение (P1): 0 | Статус TX: READY | Трасса ORIGINS: [10]
[04:46:53 Msk] [TX_813] Фасилити: 14 | Интент: SCROLL_CONTENT_DOWN | Назначение (P1): 14 | Статус TX: READY | Трасса ORIGINS: [10]
[04:46:53 Msk] [TX_816] Фасилити: 14 | Интент: SCROLL_CONTENT_DOWN | Назначение (P1): 14 | Статус TX: READY | Трасса ORIGINS: [10]
[04:46:54 Msk] [TX_819] Фасилити: 14 | Интент: SCROLL_CONTENT_DOWN | Назначение (P1): 14 | Статус TX: READY | Трасса ORIGINS: [10]
[04:46:54 Msk] [TX_822] Фасилити: 14 | Интент: SCROLL_CONTENT_DOWN | Назначение (P1): 14 | Статус TX: READY | Трасса ORIGINS: [10]
[04:46:54 Msk] [TX_825] Фасилити: 14 | Интент: SCROLL_CONTENT_UP | Назначение (P1): 14 | Статус TX: READY | Трасса ORIGINS: [10]
[04:46:54 Msk] [TX_828] Фасилити: 14 | Интент: SCROLL_CONTENT_UP | Назначение (P1): 14 | Статус TX: READY | Трасса ORIGINS: [10]
[04:46:54 Msk] [TX_831] Фасилити: 14 | Интент: SCROLL_CONTENT_UP | Назначение (P1): 14 | Статус TX: READY | Трасса ORIGINS: [10]
[04:46:54 Msk] [TX_834] Фасилити: 14 | Интент: SCROLL_CONTENT_UP | Назначение (P1): 14 | Статус TX: READY | Трасса ORIGINS: [10]
[04:46:54 Msk] [TX_837] Фасилити: 14 | Интент: SCROLL_CONTENT_UP | Назначение (P1): 14 | Статус TX: READY | Трасса ORIGINS: [10]
[04:46:54 Msk] [TX_840] Фасилити: 14 | Интент: SCROLL_CONTENT_DOWN | Назначение (P1): 14 | Статус TX: READY | Трасса ORIGINS: [10]
[04:46:54 Msk] [TX_843] Фасилити: 14 | Интент: SCROLL_CONTENT_DOWN | Назначение (P1): 14 | Статус TX: READY | Трасса ORIGINS: [10]
[04:46:55 Msk] [TX_846] Фасилити: 14 | Интент: SCROLL_CONTENT_DOWN | Назначение (P1): 14 | Статус TX: READY | Трасса ORIGINS: [10]
[04:46:56 Msk] [TOP_GEN] Целевой Канал Шины: 0 | Интент: SET_SLOT_FOCUS | Конечная цель фокуса: 104
[04:46:56 Msk] [TX_849] Фасилити: 0 | Интент: SET_SLOT_FOCUS | Назначение (P1): 0 | Статус TX: READY | Трасса ORIGINS: [10]
[04:46:58 Msk] [TOP_GEN] Целевой Канал Шины: 0 | Интент: SET_SLOT_FOCUS | Конечная цель фокуса: 105
[04:46:58 Msk] [TX_855] Фасилити: 0 | Интент: SET_SLOT_FOCUS | Назначение (P1): 0 | Статус TX: READY | Трасса ORIGINS: [10]
[04:47:00 Msk] [TOP_GEN] Целевой Канал Шины: 0 | Интент: SET_SLOT_FOCUS | Конечная цель фокуса: 102
[04:47:00 Msk] [TX_873] Фасилити: 102 | Интент: MOUSE_CLICK | Назначение (P1): 102 | Статус TX: READY | Трасса ORIGINS: [10]
[04:47:00 Msk] [TX_872] Фасилити: 0 | Интент: SET_SLOT_FOCUS | Назначение (P1): 0 | Статус TX: READY | Трасса ORIGINS: [10]
[04:47:01 Msk] [TOP_GEN] Целевой Канал Шины: 0 | Интент: SET_SLOT_FOCUS | Конечная цель фокуса: 103
[04:47:01 Msk] [TX_882] Фасилити: 103 | Интент: MOUSE_CLICK | Назначение (P1): 103 | Статус TX: READY | Трасса ORIGINS: [10]
[04:47:01 Msk] [TX_881] Фасилити: 0 | Интент: SET_SLOT_FOCUS | Назначение (P1): 0 | Статус TX: READY | Трасса ORIGINS: [10]
[16:04:04 Msk] [TX_3] Фасилити: 0 | Интент: init | Назначение (P1): 0 | Статус TX: READY | Трасса ORIGINS: []
[16:04:05 Msk] [TX_1] Фасилити: 9 | Интент: TRIGGER_RESIZE | Назначение (P1): 9 | Статус TX: READY | Трасса ORIGINS: []
[16:04:05 Msk] [TX_2] Фасилити: 11 | Интент: BOOT_LAYOUT_TREE | Назначение (P1): 11 | Статус TX: READY | Трасса ORIGINS: []
[16:04:05 Msk] [TX_6] Фасилити: 0 | Интент: SYNCHRONIZE_DYNAMIC_SLOT | Назначение (P1): 0 | Статус TX: READY | Трасса ORIGINS: [11]
[16:04:05 Msk] [TX_17] Фасилити: 12 | Интент: REGISTRATION_TAB_SPACE | Назначение (P1): 12 | Статус TX: READY | Трасса ORIGINS: []
[16:04:05 Msk] [TX_24] Фасилити: 14 | Интент: SYNC_SCROLLBAR_METRICS | Назначение (P1): 14 | Статус TX: READY | Трасса ORIGINS: [106]
[16:04:05 Msk] [TX_22] Фасилити: 108 | Интент: ADD_LOG_ENTRY | Назначение (P1): 108 | Статус TX: READY | Трасса ORIGINS: [1]
[16:04:05 Msk] [TX_35] Фасилити: 9 | Интент: INJECT_GEO_MAP | Назначение (P1): 9 | Статус TX: READY | Трасса ORIGINS: [9]
[16:04:05 Msk] [TX_27] Фасилити: 108 | Интент: ADD_LOG_ENTRY | Назначение (P1): 108 | Статус TX: READY | Трасса ORIGINS: [102]
[16:04:05 Msk] [TX_30] Фасилити: 103 | Интент: INJECT_VFS_DATA | Назначение (P1): 103 | Статус TX: READY | Трасса ORIGINS: [103]
[16:04:05 Msk] [TX_28] Фасилити: 102 | Интент: INJECT_VFS_DATA | Назначение (P1): 102 | Статус TX: READY | Трасса ORIGINS: [102]
[16:04:05 Msk] [TX_43] Фасилити: 14 | Интент: SYNC_SCROLLBAR_METRICS | Назначение (P1): 14 | Статус TX: READY | Трасса ORIGINS: [103]
[16:04:05 Msk] [TX_44] Фасилити: 14 | Интент: SYNC_SCROLLBAR_METRICS | Назначение (P1): 14 | Статус TX: READY | Трасса ORIGINS: [103]
[16:04:05 Msk] [TX_45] Фасилити: 14 | Интент: SYNC_SCROLLBAR_METRICS | Назначение (P1): 14 | Статус TX: READY | Трасса ORIGINS: [102]
[16:04:05 Msk] [TX_46] Фасилити: 14 | Интент: SYNC_SCROLLBAR_METRICS | Назначение (P1): 14 | Статус TX: READY | Трасса ORIGINS: [102]
[16:04:10 Msk] [TOP_GEN] Целевой Канал Шины: 0 | Интент: SET_SLOT_FOCUS | Конечная цель фокуса: 102
[16:04:10 Msk] [TX_54] Фасилити: 102 | Интент: MOUSE_CLICK | Назначение (P1): 102 | Статус TX: READY | Трасса ORIGINS: [10]
[16:04:10 Msk] [TX_53] Фасилити: 0 | Интент: SET_SLOT_FOCUS | Назначение (P1): 0 | Статус TX: READY | Трасса ORIGINS: [10]
[16:04:10 Msk] [TX_59] Фасилити: 14 | Интент: SCROLL_CONTENT_DOWN | Назначение (P1): 14 | Статус TX: READY | Трасса ORIGINS: [10]
[16:04:10 Msk] [TX_62] Фасилити: 14 | Интент: SCROLL_CONTENT_DOWN | Назначение (P1): 14 | Статус TX: READY | Трасса ORIGINS: [10]
[16:04:10 Msk] [TX_65] Фасилити: 14 | Интент: SCROLL_CONTENT_DOWN | Назначение (P1): 14 | Статус TX: READY | Трасса ORIGINS: [10]
[16:04:10 Msk] [TX_68] Фасилити: 14 | Интент: SCROLL_CONTENT_UP | Назначение (P1): 14 | Статус TX: READY | Трасса ORIGINS: [10]
[16:04:10 Msk] [TX_71] Фасилити: 14 | Интент: SCROLL_CONTENT_UP | Назначение (P1): 14 | Статус TX: READY | Трасса ORIGINS: [10]
[16:04:10 Msk] [TX_74] Фасилити: 14 | Интент: SCROLL_CONTENT_UP | Назначение (P1): 14 | Статус TX: READY | Трасса ORIGINS: [10]
[16:04:10 Msk] [TX_77] Фасилити: 14 | Интент: SCROLL_CONTENT_UP | Назначение (P1): 14 | Статус TX: READY | Трасса ORIGINS: [10]
[16:04:10 Msk] [TX_80] Фасилити: 14 | Интент: SCROLL_CONTENT_UP | Назначение (P1): 14 | Статус TX: READY | Трасса ORIGINS: [10]
[16:04:10 Msk] [TX_83] Фасилити: 14 | Интент: SCROLL_CONTENT_UP | Назначение (P1): 14 | Статус TX: READY | Трасса ORIGINS: [10]
[16:04:11 Msk] [TX_86] Фасилити: 14 | Интент: SCROLL_CONTENT_DOWN | Назначение (P1): 14 | Статус TX: READY | Трасса ORIGINS: [10]
[16:04:11 Msk] [TX_89] Фасилити: 14 | Интент: SCROLL_CONTENT_DOWN | Назначение (P1): 14 | Статус TX: READY | Трасса ORIGINS: [10]
[16:04:11 Msk] [TX_92] Фасилити: 14 | Интент: SCROLL_CONTENT_DOWN | Назначение (P1): 14 | Статус TX: READY | Трасса ORIGINS: [10]
[16:04:11 Msk] [TX_95] Фасилити: 14 | Интент: SCROLL_CONTENT_DOWN | Назначение (P1): 14 | Статус TX: READY | Трасса ORIGINS: [10]
[16:04:11 Msk] [TX_98] Фасилити: 14 | Интент: SCROLL_CONTENT_UP | Назначение (P1): 14 | Статус TX: READY | Трасса ORIGINS: [10]
[16:04:12 Msk] [TX_101] Фасилити: 12 | Интент: TAB_CLICKED | Назначение (P1): 12 | Статус TX: READY | Трасса ORIGINS: [10]
[16:04:12 Msk] [TX_103] Фасилити: 108 | Интент: ADD_LOG_ENTRY | Назначение (P1): 108 | Статус TX: READY | Трасса ORIGINS: [10]
[16:04:12 Msk] [TX_102] Фасилити: 102 | Интент: SWITCH_SLOT_TAB | Назначение (P1): 102 | Статус TX: READY | Трасса ORIGINS: [12]
[16:04:12 Msk] [TX_107] Фасилити: 108 | Интент: ADD_LOG_ENTRY | Назначение (P1): 108 | Статус TX: READY | Трасса ORIGINS: [102]
[16:04:12 Msk] [TX_108] Фасилити: 102 | Интент: INJECT_VFS_DATA | Назначение (P1): 102 | Статус TX: READY | Трасса ORIGINS: [102]
[16:04:12 Msk] [TX_110] Фасилити: 14 | Интент: SYNC_SCROLLBAR_METRICS | Назначение (P1): 14 | Статус TX: READY | Трасса ORIGINS: [102]
[16:04:12 Msk] [TX_114] Фасилити: 14 | Интент: SCROLL_CONTENT_DOWN | Назначение (P1): 14 | Статус TX: READY | Трасса ORIGINS: [10]
[16:04:12 Msk] [TX_117] Фасилити: 14 | Интент: SCROLL_CONTENT_DOWN | Назначение (P1): 14 | Статус TX: READY | Трасса ORIGINS: [10]
[16:04:12 Msk] [TX_120] Фасилити: 14 | Интент: SCROLL_CONTENT_DOWN | Назначение (P1): 14 | Статус TX: READY | Трасса ORIGINS: [10]
[16:04:12 Msk] [TX_123] Фасилити: 14 | Интент: SCROLL_CONTENT_DOWN | Назначение (P1): 14 | Статус TX: READY | Трасса ORIGINS: [10]
[16:04:12 Msk] [TX_126] Фасилити: 14 | Интент: SCROLL_CONTENT_UP | Назначение (P1): 14 | Статус TX: READY | Трасса ORIGINS: [10]
[16:04:12 Msk] [TX_129] Фасилити: 14 | Интент: SCROLL_CONTENT_UP | Назначение (P1): 14 | Статус TX: READY | Трасса ORIGINS: [10]
[16:04:12 Msk] [TX_132] Фасилити: 14 | Интент: SCROLL_CONTENT_UP | Назначение (P1): 14 | Статус TX: READY | Трасса ORIGINS: [10]
[16:04:12 Msk] [TX_135] Фасилити: 14 | Интент: SCROLL_CONTENT_UP | Назначение (P1): 14 | Статус TX: READY | Трасса ORIGINS: [10]
[16:04:12 Msk] [TX_138] Фасилити: 14 | Интент: SCROLL_CONTENT_UP | Назначение (P1): 14 | Статус TX: READY | Трасса ORIGINS: [10]
[16:04:13 Msk] [TX_141] Фасилити: 12 | Интент: TAB_CLICKED | Назначение (P1): 12 | Статус TX: READY | Трасса ORIGINS: [10]
[16:04:13 Msk] [TX_143] Фасилити: 108 | Интент: ADD_LOG_ENTRY | Назначение (P1): 108 | Статус TX: READY | Трасса ORIGINS: [10]
[16:04:13 Msk] [TX_142] Фасилити: 102 | Интент: SWITCH_SLOT_TAB | Назначение (P1): 102 | Статус TX: READY | Трасса ORIGINS: [12]
[16:04:13 Msk] [TX_147] Фасилити: 108 | Интент: ADD_LOG_ENTRY | Назначение (P1): 108 | Статус TX: READY | Трасса ORIGINS: [102]
[16:04:13 Msk] [TX_148] Фасилити: 102 | Интент: INJECT_VFS_DATA | Назначение (P1): 102 | Статус TX: READY | Трасса ORIGINS: [102]
[16:04:13 Msk] [TX_150] Фасилити: 14 | Интент: SYNC_SCROLLBAR_METRICS | Назначение (P1): 14 | Статус TX: READY | Трасса ORIGINS: [102]
[16:04:15 Msk] [TOP_GEN] Целевой Канал Шины: 0 | Интент: SET_SLOT_FOCUS | Конечная цель фокуса: 103
[16:04:15 Msk] [TX_154] Фасилити: 0 | Интент: SET_SLOT_FOCUS | Назначение (P1): 0 | Статус TX: READY | Трасса ORIGINS: [10]
[16:04:15 Msk] [TX_159] Фасилити: 12 | Интент: TAB_CLICKED | Назначение (P1): 12 | Статус TX: READY | Трасса ORIGINS: [10]
[16:04:15 Msk] [TX_161] Фасилити: 108 | Интент: ADD_LOG_ENTRY | Назначение (P1): 108 | Статус TX: READY | Трасса ORIGINS: [10]
[16:04:15 Msk] [TX_160] Фасилити: 103 | Интент: SWITCH_SLOT_TAB | Назначение (P1): 103 | Статус TX: READY | Трасса ORIGINS: [12]
[16:04:15 Msk] [TX_165] Фасилити: 108 | Интент: ADD_LOG_ENTRY | Назначение (P1): 108 | Статус TX: READY | Трасса ORIGINS: [103]
[16:04:15 Msk] [TX_166] Фасилити: 103 | Интент: INJECT_VFS_DATA | Назначение (P1): 103 | Статус TX: READY | Трасса ORIGINS: [103]
[16:04:15 Msk] [TX_168] Фасилити: 14 | Интент: SYNC_SCROLLBAR_METRICS | Назначение (P1): 14 | Статус TX: READY | Трасса ORIGINS: [103]
[16:04:16 Msk] [TX_172] Фасилити: 12 | Интент: TAB_CLICKED | Назначение (P1): 12 | Статус TX: READY | Трасса ORIGINS: [10]
[16:04:16 Msk] [TX_174] Фасилити: 108 | Интент: ADD_LOG_ENTRY | Назначение (P1): 108 | Статус TX: READY | Трасса ORIGINS: [10]
[16:04:16 Msk] [TX_173] Фасилити: 103 | Интент: SWITCH_SLOT_TAB | Назначение (P1): 103 | Статус TX: READY | Трасса ORIGINS: [12]
[16:04:16 Msk] [TX_178] Фасилити: 108 | Интент: ADD_LOG_ENTRY | Назначение (P1): 108 | Статус TX: READY | Трасса ORIGINS: [103]
[16:04:16 Msk] [TX_179] Фасилити: 103 | Интент: INJECT_VFS_DATA | Назначение (P1): 103 | Статус TX: READY | Трасса ORIGINS: [103]
[16:04:16 Msk] [TX_181] Фасилити: 14 | Интент: SYNC_SCROLLBAR_METRICS | Назначение (P1): 14 | Статус TX: READY | Трасса ORIGINS: [103]
[16:04:17 Msk] [TX_185] Фасилити: 12 | Интент: TAB_CLICKED | Назначение (P1): 12 | Статус TX: READY | Трасса ORIGINS: [10]
[16:04:17 Msk] [TX_187] Фасилити: 108 | Интент: ADD_LOG_ENTRY | Назначение (P1): 108 | Статус TX: READY | Трасса ORIGINS: [10]
[16:04:17 Msk] [TX_186] Фасилити: 103 | Интент: SWITCH_SLOT_TAB | Назначение (P1): 103 | Статус TX: READY | Трасса ORIGINS: [12]
[16:04:17 Msk] [TX_191] Фасилити: 108 | Интент: ADD_LOG_ENTRY | Назначение (P1): 108 | Статус TX: READY | Трасса ORIGINS: [103]
[16:04:17 Msk] [TX_192] Фасилити: 103 | Интент: INJECT_VFS_DATA | Назначение (P1): 103 | Статус TX: READY | Трасса ORIGINS: [103]
[16:04:17 Msk] [TX_194] Фасилити: 14 | Интент: SYNC_SCROLLBAR_METRICS | Назначение (P1): 14 | Статус TX: READY | Трасса ORIGINS: [103]
[16:04:18 Msk] [TX_198] Фасилити: 14 | Интент: SCROLL_CONTENT_DOWN | Назначение (P1): 14 | Статус TX: READY | Трасса ORIGINS: [10]
[16:04:18 Msk] [TX_201] Фасилити: 14 | Интент: SCROLL_CONTENT_DOWN | Назначение (P1): 14 | Статус TX: READY | Трасса ORIGINS: [10]
[16:04:18 Msk] [TX_204] Фасилити: 14 | Интент: SCROLL_CONTENT_DOWN | Назначение (P1): 14 | Статус TX: READY | Трасса ORIGINS: [10]
[16:04:18 Msk] [TX_207] Фасилити: 14 | Интент: SCROLL_CONTENT_DOWN | Назначение (P1): 14 | Статус TX: READY | Трасса ORIGINS: [10]
[16:04:18 Msk] [TX_210] Фасилити: 14 | Интент: SCROLL_CONTENT_DOWN | Назначение (P1): 14 | Статус TX: READY | Трасса ORIGINS: [10]
[16:04:18 Msk] [TX_213] Фасилити: 14 | Интент: SCROLL_CONTENT_UP | Назначение (P1): 14 | Статус TX: READY | Трасса ORIGINS: [10]
[16:04:18 Msk] [TX_216] Фасилити: 14 | Интент: SCROLL_CONTENT_UP | Назначение (P1): 14 | Статус TX: READY | Трасса ORIGINS: [10]
[16:04:18 Msk] [TX_219] Фасилити: 14 | Интент: SCROLL_CONTENT_UP | Назначение (P1): 14 | Статус TX: READY | Трасса ORIGINS: [10]
[16:04:18 Msk] [TX_222] Фасилити: 14 | Интент: SCROLL_CONTENT_UP | Назначение (P1): 14 | Статус TX: READY | Трасса ORIGINS: [10]
[16:04:18 Msk] [TX_225] Фасилити: 14 | Интент: SCROLL_CONTENT_UP | Назначение (P1): 14 | Статус TX: READY | Трасса ORIGINS: [10]
[16:04:19 Msk] [TX_228] Фасилити: 14 | Интент: SCROLL_CONTENT_DOWN | Назначение (P1): 14 | Статус TX: READY | Трасса ORIGINS: [10]
[16:04:19 Msk] [TX_231] Фасилити: 14 | Интент: SCROLL_CONTENT_DOWN | Назначение (P1): 14 | Статус TX: READY | Трасса ORIGINS: [10]
[16:04:20 Msk] [TOP_GEN] Целевой Канал Шины: 0 | Интент: SET_SLOT_FOCUS | Конечная цель фокуса: 102
[16:04:20 Msk] [TX_235] Фасилити: 12 | Интент: TAB_CLICKED | Назначение (P1): 12 | Статус TX: READY | Трасса ORIGINS: [10]
[16:04:20 Msk] [TX_237] Фасилити: 108 | Интент: ADD_LOG_ENTRY | Назначение (P1): 108 | Статус TX: READY | Трасса ORIGINS: [10]
[16:04:20 Msk] [TX_236] Фасилити: 102 | Интент: SWITCH_SLOT_TAB | Назначение (P1): 102 | Статус TX: READY | Трасса ORIGINS: [12]
[16:04:20 Msk] [TX_234] Фасилити: 0 | Интент: SET_SLOT_FOCUS | Назначение (P1): 0 | Статус TX: READY | Трасса ORIGINS: [10]
[16:04:20 Msk] [TX_241] Фасилити: 108 | Интент: ADD_LOG_ENTRY | Назначение (P1): 108 | Статус TX: READY | Трасса ORIGINS: [102]
[16:04:20 Msk] [TX_242] Фасилити: 102 | Интент: INJECT_VFS_DATA | Назначение (P1): 102 | Статус TX: READY | Трасса ORIGINS: [102]
[16:04:20 Msk] [TX_245] Фасилити: 14 | Интент: SYNC_SCROLLBAR_METRICS | Назначение (P1): 14 | Статус TX: READY | Трасса ORIGINS: [102]
[16:04:21 Msk] [TX_249] Фасилити: 12 | Интент: TAB_CLICKED | Назначение (P1): 12 | Статус TX: READY | Трасса ORIGINS: [10]
[16:04:21 Msk] [TX_251] Фасилити: 108 | Интент: ADD_LOG_ENTRY | Назначение (P1): 108 | Статус TX: READY | Трасса ORIGINS: [10]
[16:04:21 Msk] [TX_250] Фасилити: 102 | Интент: SWITCH_SLOT_TAB | Назначение (P1): 102 | Статус TX: READY | Трасса ORIGINS: [12]
[16:04:21 Msk] [TX_255] Фасилити: 108 | Интент: ADD_LOG_ENTRY | Назначение (P1): 108 | Статус TX: READY | Трасса ORIGINS: [102]
[16:04:21 Msk] [TX_256] Фасилити: 102 | Интент: INJECT_VFS_DATA | Назначение (P1): 102 | Статус TX: READY | Трасса ORIGINS: [102]
[16:04:21 Msk] [TX_258] Фасилити: 14 | Интент: SYNC_SCROLLBAR_METRICS | Назначение (P1): 14 | Статус TX: READY | Трасса ORIGINS: [102]
[16:04:22 Msk] [TX_262] Фасилити: 12 | Интент: TAB_CLICKED | Назначение (P1): 12 | Статус TX: READY | Трасса ORIGINS: [10]
[16:04:22 Msk] [TX_264] Фасилити: 108 | Интент: ADD_LOG_ENTRY | Назначение (P1): 108 | Статус TX: READY | Трасса ORIGINS: [10]
[16:04:22 Msk] [TX_263] Фасилити: 102 | Интент: SWITCH_SLOT_TAB | Назначение (P1): 102 | Статус TX: READY | Трасса ORIGINS: [12]
[16:04:22 Msk] [TX_268] Фасилити: 108 | Интент: ADD_LOG_ENTRY | Назначение (P1): 108 | Статус TX: READY | Трасса ORIGINS: [102]
[16:04:22 Msk] [TX_269] Фасилити: 102 | Интент: INJECT_VFS_DATA | Назначение (P1): 102 | Статус TX: READY | Трасса ORIGINS: [102]
[16:04:22 Msk] [TX_271] Фасилити: 14 | Интент: SYNC_SCROLLBAR_METRICS | Назначение (P1): 14 | Статус TX: READY | Трасса ORIGINS: [102]
[16:04:22 Msk] [TX_275] Фасилити: 12 | Интент: TAB_CLICKED | Назначение (P1): 12 | Статус TX: READY | Трасса ORIGINS: [10]
[16:04:22 Msk] [TX_277] Фасилити: 108 | Интент: ADD_LOG_ENTRY | Назначение (P1): 108 | Статус TX: READY | Трасса ORIGINS: [10]
[16:04:22 Msk] [TX_276] Фасилити: 102 | Интент: SWITCH_SLOT_TAB | Назначение (P1): 102 | Статус TX: READY | Трасса ORIGINS: [12]
[16:04:22 Msk] [TX_281] Фасилити: 108 | Интент: ADD_LOG_ENTRY | Назначение (P1): 108 | Статус TX: READY | Трасса ORIGINS: [102]
[16:04:22 Msk] [TX_282] Фасилити: 102 | Интент: INJECT_VFS_DATA | Назначение (P1): 102 | Статус TX: READY | Трасса ORIGINS: [102]
[16:04:22 Msk] [TX_284] Фасилити: 14 | Интент: SYNC_SCROLLBAR_METRICS | Назначение (P1): 14 | Статус TX: READY | Трасса ORIGINS: [102]
[21:34:09 Msk] [TX_3] Фасилити: 0 | Интент: init | Назначение (P1): 0 | Статус TX: READY | Трасса ORIGINS: []
[21:34:09 Msk] [TX_1] Фасилити: 9 | Интент: TRIGGER_RESIZE | Назначение (P1): 9 | Статус TX: READY | Трасса ORIGINS: []
[21:34:09 Msk] [TX_2] Фасилити: 11 | Интент: BOOT_LAYOUT_TREE | Назначение (P1): 11 | Статус TX: READY | Трасса ORIGINS: []
[21:34:09 Msk] [TX_6] Фасилити: 0 | Интент: SYNCHRONIZE_DYNAMIC_SLOT | Назначение (P1): 0 | Статус TX: READY | Трасса ORIGINS: [11]
[21:34:09 Msk] [TX_17] Фасилити: 12 | Интент: REGISTRATION_TAB_SPACE | Назначение (P1): 12 | Статус TX: READY | Трасса ORIGINS: []
[21:34:09 Msk] [TX_24] Фасилити: 14 | Интент: SYNC_SCROLLBAR_METRICS | Назначение (P1): 14 | Статус TX: READY | Трасса ORIGINS: [106]
[21:34:09 Msk] [TX_22] Фасилити: 108 | Интент: ADD_LOG_ENTRY | Назначение (P1): 108 | Статус TX: READY | Трасса ORIGINS: [1]
[21:34:09 Msk] [TX_35] Фасилити: 9 | Интент: INJECT_GEO_MAP | Назначение (P1): 9 | Статус TX: READY | Трасса ORIGINS: [9]
[21:34:09 Msk] [TX_27] Фасилити: 108 | Интент: ADD_LOG_ENTRY | Назначение (P1): 108 | Статус TX: READY | Трасса ORIGINS: [102]
[21:34:09 Msk] [TX_30] Фасилити: 103 | Интент: INJECT_VFS_DATA | Назначение (P1): 103 | Статус TX: READY | Трасса ORIGINS: [103]
[21:34:09 Msk] [TX_28] Фасилити: 102 | Интент: INJECT_VFS_DATA | Назначение (P1): 102 | Статус TX: READY | Трасса ORIGINS: [102]
[21:34:09 Msk] [TX_43] Фасилити: 14 | Интент: SYNC_SCROLLBAR_METRICS | Назначение (P1): 14 | Статус TX: READY | Трасса ORIGINS: [103]
[21:34:09 Msk] [TX_44] Фасилити: 14 | Интент: SYNC_SCROLLBAR_METRICS | Назначение (P1): 14 | Статус TX: READY | Трасса ORIGINS: [103]
[21:34:09 Msk] [TX_45] Фасилити: 14 | Интент: SYNC_SCROLLBAR_METRICS | Назначение (P1): 14 | Статус TX: READY | Трасса ORIGINS: [102]
[21:34:09 Msk] [TX_46] Фасилити: 14 | Интент: SYNC_SCROLLBAR_METRICS | Назначение (P1): 14 | Статус TX: READY | Трасса ORIGINS: [102]
[21:35:22 Msk] [TX_3] Фасилити: 0 | Интент: init | Назначение (P1): 0 | Статус TX: READY | Трасса ORIGINS: []
[21:35:22 Msk] [TX_1] Фасилити: 9 | Интент: TRIGGER_RESIZE | Назначение (P1): 9 | Статус TX: READY | Трасса ORIGINS: []
[21:35:22 Msk] [TX_2] Фасилити: 11 | Интент: BOOT_LAYOUT_TREE | Назначение (P1): 11 | Статус TX: READY | Трасса ORIGINS: []
[21:35:22 Msk] [TX_6] Фасилити: 0 | Интент: SYNCHRONIZE_DYNAMIC_SLOT | Назначение (P1): 0 | Статус TX: READY | Трасса ORIGINS: [11]
[21:35:22 Msk] [TX_17] Фасилити: 12 | Интент: REGISTRATION_TAB_SPACE | Назначение (P1): 12 | Статус TX: READY | Трасса ORIGINS: []
[21:35:22 Msk] [TX_24] Фасилити: 14 | Интент: SYNC_SCROLLBAR_METRICS | Назначение (P1): 14 | Статус TX: READY | Трасса ORIGINS: [106]
[21:35:22 Msk] [TX_22] Фасилити: 108 | Интент: ADD_LOG_ENTRY | Назначение (P1): 108 | Статус TX: READY | Трасса ORIGINS: [1]
[21:35:22 Msk] [TX_35] Фасилити: 9 | Интент: INJECT_GEO_MAP | Назначение (P1): 9 | Статус TX: READY | Трасса ORIGINS: [9]
[21:35:22 Msk] [TX_27] Фасилити: 108 | Интент: ADD_LOG_ENTRY | Назначение (P1): 108 | Статус TX: READY | Трасса ORIGINS: [102]
[21:35:22 Msk] [TX_30] Фасилити: 103 | Интент: INJECT_VFS_DATA | Назначение (P1): 103 | Статус TX: READY | Трасса ORIGINS: [103]
[21:35:22 Msk] [TX_28] Фасилити: 102 | Интент: INJECT_VFS_DATA | Назначение (P1): 102 | Статус TX: READY | Трасса ORIGINS: [102]
[21:35:22 Msk] [TX_43] Фасилити: 14 | Интент: SYNC_SCROLLBAR_METRICS | Назначение (P1): 14 | Статус TX: READY | Трасса ORIGINS: [103]
[21:35:22 Msk] [TX_44] Фасилити: 14 | Интент: SYNC_SCROLLBAR_METRICS | Назначение (P1): 14 | Статус TX: READY | Трасса ORIGINS: [103]
[21:35:22 Msk] [TX_45] Фасилити: 14 | Интент: SYNC_SCROLLBAR_METRICS | Назначение (P1): 14 | Статус TX: READY | Трасса ORIGINS: [102]
[21:35:22 Msk] [TX_46] Фасилити: 14 | Интент: SYNC_SCROLLBAR_METRICS | Назначение (P1): 14 | Статус TX: READY | Трасса ORIGINS: [102]
[21:35:26 Msk] [TOP_GEN] Целевой Канал Шины: 0 | Интент: SET_SLOT_FOCUS | Конечная цель фокуса: 102
[21:35:26 Msk] [TX_55] Фасилити: 102 | Интент: MOUSE_CLICK | Назначение (P1): 102 | Статус TX: READY | Трасса ORIGINS: [10]
[21:35:26 Msk] [TX_54] Фасилити: 0 | Интент: SET_SLOT_FOCUS | Назначение (P1): 0 | Статус TX: READY | Трасса ORIGINS: [10]
[21:35:26 Msk] [TX_60] Фасилити: 14 | Интент: SCROLL_CONTENT_DOWN | Назначение (P1): 14 | Статус TX: READY | Трасса ORIGINS: [10]
[21:35:26 Msk] [TX_63] Фасилити: 14 | Интент: SCROLL_CONTENT_DOWN | Назначение (P1): 14 | Статус TX: READY | Трасса ORIGINS: [10]
[21:35:26 Msk] [TX_66] Фасилити: 14 | Интент: SCROLL_CONTENT_DOWN | Назначение (P1): 14 | Статус TX: READY | Трасса ORIGINS: [10]
[21:35:26 Msk] [TX_69] Фасилити: 14 | Интент: SCROLL_CONTENT_UP | Назначение (P1): 14 | Статус TX: READY | Трасса ORIGINS: [10]
[21:35:26 Msk] [TX_72] Фасилити: 14 | Интент: SCROLL_CONTENT_UP | Назначение (P1): 14 | Статус TX: READY | Трасса ORIGINS: [10]
[21:35:26 Msk] [TX_75] Фасилити: 14 | Интент: SCROLL_CONTENT_UP | Назначение (P1): 14 | Статус TX: READY | Трасса ORIGINS: [10]
[21:35:27 Msk] [TX_78] Фасилити: 14 | Интент: SCROLL_CONTENT_UP | Назначение (P1): 14 | Статус TX: READY | Трасса ORIGINS: [10]
[21:35:27 Msk] [TX_81] Фасилити: 14 | Интент: SCROLL_CONTENT_UP | Назначение (P1): 14 | Статус TX: READY | Трасса ORIGINS: [10]
[21:35:27 Msk] [TX_84] Фасилити: 14 | Интент: SCROLL_CONTENT_DOWN | Назначение (P1): 14 | Статус TX: READY | Трасса ORIGINS: [10]
[21:35:27 Msk] [TX_87] Фасилити: 14 | Интент: SCROLL_CONTENT_DOWN | Назначение (P1): 14 | Статус TX: READY | Трасса ORIGINS: [10]
[21:35:28 Msk] [TX_90] Фасилити: 12 | Интент: TAB_CLICKED | Назначение (P1): 12 | Статус TX: READY | Трасса ORIGINS: [10]
[21:35:28 Msk] [TX_92] Фасилити: 108 | Интент: ADD_LOG_ENTRY | Назначение (P1): 108 | Статус TX: READY | Трасса ORIGINS: [10]
[21:35:28 Msk] [TX_91] Фасилити: 102 | Интент: SWITCH_SLOT_TAB | Назначение (P1): 102 | Статус TX: READY | Трасса ORIGINS: [12]
[21:35:28 Msk] [TX_96] Фасилити: 108 | Интент: ADD_LOG_ENTRY | Назначение (P1): 108 | Статус TX: READY | Трасса ORIGINS: [102]
[21:35:28 Msk] [TX_97] Фасилити: 102 | Интент: INJECT_VFS_DATA | Назначение (P1): 102 | Статус TX: READY | Трасса ORIGINS: [102]
[21:35:28 Msk] [TX_99] Фасилити: 14 | Интент: SYNC_SCROLLBAR_METRICS | Назначение (P1): 14 | Статус TX: READY | Трасса ORIGINS: [102]
[21:35:29 Msk] [TX_103] Фасилити: 12 | Интент: TAB_CLICKED | Назначение (P1): 12 | Статус TX: READY | Трасса ORIGINS: [10]
[21:35:29 Msk] [TX_105] Фасилити: 108 | Интент: ADD_LOG_ENTRY | Назначение (P1): 108 | Статус TX: READY | Трасса ORIGINS: [10]
[21:35:29 Msk] [TX_104] Фасилити: 102 | Интент: SWITCH_SLOT_TAB | Назначение (P1): 102 | Статус TX: READY | Трасса ORIGINS: [12]
[21:35:29 Msk] [TX_109] Фасилити: 108 | Интент: ADD_LOG_ENTRY | Назначение (P1): 108 | Статус TX: READY | Трасса ORIGINS: [102]
[21:35:29 Msk] [TX_110] Фасилити: 102 | Интент: INJECT_VFS_DATA | Назначение (P1): 102 | Статус TX: READY | Трасса ORIGINS: [102]
[21:35:29 Msk] [TX_112] Фасилити: 14 | Интент: SYNC_SCROLLBAR_METRICS | Назначение (P1): 14 | Статус TX: READY | Трасса ORIGINS: [102]
[21:35:29 Msk] [TX_116] Фасилити: 12 | Интент: TAB_CLICKED | Назначение (P1): 12 | Статус TX: READY | Трасса ORIGINS: [10]
[21:35:29 Msk] [TX_118] Фасилити: 108 | Интент: ADD_LOG_ENTRY | Назначение (P1): 108 | Статус TX: READY | Трасса ORIGINS: [10]
[21:35:29 Msk] [TX_117] Фасилити: 102 | Интент: SWITCH_SLOT_TAB | Назначение (P1): 102 | Статус TX: READY | Трасса ORIGINS: [12]
[21:35:29 Msk] [TX_122] Фасилити: 108 | Интент: ADD_LOG_ENTRY | Назначение (P1): 108 | Статус TX: READY | Трасса ORIGINS: [102]
[21:35:29 Msk] [TX_123] Фасилити: 102 | Интент: INJECT_VFS_DATA | Назначение (P1): 102 | Статус TX: READY | Трасса ORIGINS: [102]
[21:35:29 Msk] [TX_125] Фасилити: 14 | Интент: SYNC_SCROLLBAR_METRICS | Назначение (P1): 14 | Статус TX: READY | Трасса ORIGINS: [102]
[21:35:31 Msk] [TX_129] Фасилити: 12 | Интент: TAB_CLICKED | Назначение (P1): 12 | Статус TX: READY | Трасса ORIGINS: [10]
[21:35:31 Msk] [TX_130] Фасилити: 104 | Интент: KEYBOARD_MODIFIER_CHANGED | Назначение (P1): 104 | Статус TX: READY | Трасса ORIGINS: [10]
[21:35:31 Msk] [TX_131] Фасилити: 108 | Интент: ADD_LOG_ENTRY | Назначение (P1): 108 | Статус TX: READY | Трасса ORIGINS: [10]
[21:35:31 Msk] [TX_138] Фасилити: 12 | Интент: TAB_CLICKED | Назначение (P1): 12 | Статус TX: READY | Трасса ORIGINS: [10]
[21:36:36 Msk] [TX_3] Фасилити: 0 | Интент: init | Назначение (P1): 0 | Статус TX: READY | Трасса ORIGINS: []
[21:36:36 Msk] [TX_1] Фасилити: 9 | Интент: TRIGGER_RESIZE | Назначение (P1): 9 | Статус TX: READY | Трасса ORIGINS: []
[21:36:36 Msk] [TX_2] Фасилити: 11 | Интент: BOOT_LAYOUT_TREE | Назначение (P1): 11 | Статус TX: READY | Трасса ORIGINS: []
[21:36:37 Msk] [TX_6] Фасилити: 0 | Интент: SYNCHRONIZE_DYNAMIC_SLOT | Назначение (P1): 0 | Статус TX: READY | Трасса ORIGINS: [11]
[21:36:37 Msk] [TX_17] Фасилити: 12 | Интент: REGISTRATION_TAB_SPACE | Назначение (P1): 12 | Статус TX: READY | Трасса ORIGINS: []
[21:36:37 Msk] [TX_24] Фасилити: 14 | Интент: SYNC_SCROLLBAR_METRICS | Назначение (P1): 14 | Статус TX: READY | Трасса ORIGINS: [106]
[21:36:37 Msk] [TX_22] Фасилити: 108 | Интент: ADD_LOG_ENTRY | Назначение (P1): 108 | Статус TX: READY | Трасса ORIGINS: [1]
[21:36:37 Msk] [TX_35] Фасилити: 9 | Интент: INJECT_GEO_MAP | Назначение (P1): 9 | Статус TX: READY | Трасса ORIGINS: [9]
[21:36:37 Msk] [TX_27] Фасилити: 108 | Интент: ADD_LOG_ENTRY | Назначение (P1): 108 | Статус TX: READY | Трасса ORIGINS: [102]
[21:36:37 Msk] [TX_30] Фасилити: 103 | Интент: INJECT_VFS_DATA | Назначение (P1): 103 | Статус TX: READY | Трасса ORIGINS: [103]
[21:36:37 Msk] [TX_28] Фасилити: 102 | Интент: INJECT_VFS_DATA | Назначение (P1): 102 | Статус TX: READY | Трасса ORIGINS: [102]
[21:36:37 Msk] [TX_43] Фасилити: 14 | Интент: SYNC_SCROLLBAR_METRICS | Назначение (P1): 14 | Статус TX: READY | Трасса ORIGINS: [103]
[21:36:37 Msk] [TX_44] Фасилити: 14 | Интент: SYNC_SCROLLBAR_METRICS | Назначение (P1): 14 | Статус TX: READY | Трасса ORIGINS: [103]
[21:36:37 Msk] [TX_45] Фасилити: 14 | Интент: SYNC_SCROLLBAR_METRICS | Назначение (P1): 14 | Статус TX: READY | Трасса ORIGINS: [102]
[21:36:37 Msk] [TX_46] Фасилити: 14 | Интент: SYNC_SCROLLBAR_METRICS | Назначение (P1): 14 | Статус TX: READY | Трасса ORIGINS: [102]
[21:36:38 Msk] [TX_53] Фасилити: 12 | Интент: TAB_CLICKED | Назначение (P1): 12 | Статус TX: READY | Трасса ORIGINS: [10]
[21:36:39 Msk] [TX_56] Фасилити: 12 | Интент: TAB_CLICKED | Назначение (P1): 12 | Статус TX: READY | Трасса ORIGINS: [10]
[21:36:39 Msk] [TX_57] Фасилити: 104 | Интент: KEYBOARD_MODIFIER_CHANGED | Назначение (P1): 104 | Статус TX: READY | Трасса ORIGINS: [10]
[21:36:39 Msk] [TX_58] Фасилити: 108 | Интент: ADD_LOG_ENTRY | Назначение (P1): 108 | Статус TX: READY | Трасса ORIGINS: [10]
[21:36:40 Msk] [TOP_GEN] Целевой Канал Шины: 0 | Интент: SET_SLOT_FOCUS | Конечная цель фокуса: 102
[21:36:40 Msk] [TX_66] Фасилити: 12 | Интент: TAB_CLICKED | Назначение (P1): 12 | Статус TX: READY | Трасса ORIGINS: [10]
[21:36:40 Msk] [TX_65] Фасилити: 0 | Интент: SET_SLOT_FOCUS | Назначение (P1): 0 | Статус TX: READY | Трасса ORIGINS: [10]
[21:36:40 Msk] [TX_71] Фасилити: 14 | Интент: SCROLL_CONTENT_DOWN | Назначение (P1): 14 | Статус TX: READY | Трасса ORIGINS: [10]
[21:36:40 Msk] [TX_74] Фасилити: 14 | Интент: SCROLL_CONTENT_DOWN | Назначение (P1): 14 | Статус TX: READY | Трасса ORIGINS: [10]
[21:36:40 Msk] [TX_77] Фасилити: 14 | Интент: SCROLL_CONTENT_DOWN | Назначение (P1): 14 | Статус TX: READY | Трасса ORIGINS: [10]
[21:36:40 Msk] [TX_80] Фасилити: 14 | Интент: SCROLL_CONTENT_DOWN | Назначение (P1): 14 | Статус TX: READY | Трасса ORIGINS: [10]
[21:36:40 Msk] [TX_83] Фасилити: 14 | Интент: SCROLL_CONTENT_UP | Назначение (P1): 14 | Статус TX: READY | Трасса ORIGINS: [10]
[21:36:40 Msk] [TX_86] Фасилити: 14 | Интент: SCROLL_CONTENT_UP | Назначение (P1): 14 | Статус TX: READY | Трасса ORIGINS: [10]
[21:36:41 Msk] [TX_89] Фасилити: 14 | Интент: SCROLL_CONTENT_UP | Назначение (P1): 14 | Статус TX: READY | Трасса ORIGINS: [10]
[21:36:41 Msk] [TX_92] Фасилити: 102 | Интент: MOUSE_CLICK | Назначение (P1): 102 | Статус TX: READY | Трасса ORIGINS: [10]
[21:36:41 Msk] [TX_95] Фасилити: 14 | Интент: SCROLL_CONTENT_DOWN | Назначение (P1): 14 | Статус TX: READY | Трасса ORIGINS: [10]
[21:36:41 Msk] [TX_98] Фасилити: 14 | Интент: SCROLL_CONTENT_DOWN | Назначение (P1): 14 | Статус TX: READY | Трасса ORIGINS: [10]
[21:36:41 Msk] [TX_101] Фасилити: 14 | Интент: SCROLL_CONTENT_DOWN | Назначение (P1): 14 | Статус TX: READY | Трасса ORIGINS: [10]
[21:36:41 Msk] [TX_104] Фасилити: 14 | Интент: SCROLL_CONTENT_DOWN | Назначение (P1): 14 | Статус TX: READY | Трасса ORIGINS: [10]
[21:36:41 Msk] [TX_107] Фасилити: 14 | Интент: SCROLL_CONTENT_DOWN | Назначение (P1): 14 | Статус TX: READY | Трасса ORIGINS: [10]
[21:36:42 Msk] [TX_110] Фасилити: 14 | Интент: SCROLL_CONTENT_UP | Назначение (P1): 14 | Статус TX: READY | Трасса ORIGINS: [10]
[21:36:42 Msk] [TX_113] Фасилити: 14 | Интент: SCROLL_CONTENT_UP | Назначение (P1): 14 | Статус TX: READY | Трасса ORIGINS: [10]
[21:36:42 Msk] [TX_116] Фасилити: 14 | Интент: SCROLL_CONTENT_UP | Назначение (P1): 14 | Статус TX: READY | Трасса ORIGINS: [10]
[21:36:42 Msk] [TX_119] Фасилити: 14 | Интент: SCROLL_CONTENT_UP | Назначение (P1): 14 | Статус TX: READY | Трасса ORIGINS: [10]
[21:36:42 Msk] [TX_122] Фасилити: 14 | Интент: SCROLL_CONTENT_UP | Назначение (P1): 14 | Статус TX: READY | Трасса ORIGINS: [10]
[21:36:42 Msk] [TX_125] Фасилити: 14 | Интент: SCROLL_CONTENT_UP | Назначение (P1): 14 | Статус TX: READY | Трасса ORIGINS: [10]
[21:36:42 Msk] [TX_128] Фасилити: 12 | Интент: TAB_CLICKED | Назначение (P1): 12 | Статус TX: READY | Трасса ORIGINS: [10]
[21:36:43 Msk] [TX_131] Фасилити: 12 | Интент: TAB_CLICKED | Назначение (P1): 12 | Статус TX: READY | Трасса ORIGINS: [10]
[21:36:44 Msk] [TX_134] Фасилити: 12 | Интент: TAB_CLICKED | Назначение (P1): 12 | Статус TX: READY | Трасса ORIGINS: [10]
[21:36:44 Msk] [TX_137] Фасилити: 14 | Интент: SCROLL_CONTENT_DOWN | Назначение (P1): 14 | Статус TX: READY | Трасса ORIGINS: [10]
[21:36:44 Msk] [TX_140] Фасилити: 14 | Интент: SCROLL_CONTENT_DOWN | Назначение (P1): 14 | Статус TX: READY | Трасса ORIGINS: [10]
[21:36:45 Msk] [TOP_GEN] Целевой Канал Шины: 0 | Интент: SET_SLOT_FOCUS | Конечная цель фокуса: 103
[21:36:45 Msk] [TX_144] Фасилити: 103 | Интент: MOUSE_CLICK | Назначение (P1): 103 | Статус TX: READY | Трасса ORIGINS: [10]
[21:36:45 Msk] [TX_143] Фасилити: 0 | Интент: SET_SLOT_FOCUS | Назначение (P1): 0 | Статус TX: READY | Трасса ORIGINS: [10]
[21:36:46 Msk] [TX_149] Фасилити: 12 | Интент: TAB_CLICKED | Назначение (P1): 12 | Статус TX: READY | Трасса ORIGINS: [10]
[21:36:47 Msk] [TX_152] Фасилити: 12 | Интент: TAB_CLICKED | Назначение (P1): 12 | Статус TX: READY | Трасса ORIGINS: [10]
[21:36:50 Msk] [TX_154] Фасилити: 9 | Интент: TRIGGER_RESIZE | Назначение (P1): 9 | Статус TX: READY | Трасса ORIGINS: []
[21:36:50 Msk] [TX_156] Фасилити: 9 | Интент: INJECT_GEO_MAP | Назначение (P1): 9 | Статус TX: READY | Трасса ORIGINS: [9]
[21:36:50 Msk] [TX_157] Фасилити: 108 | Интент: ADD_LOG_ENTRY | Назначение (P1): 108 | Статус TX: READY | Трасса ORIGINS: [9]
[21:36:51 Msk] [TOP_GEN] Целевой Канал Шины: 0 | Интент: SET_SLOT_FOCUS | Конечная цель фокуса: 102
[21:36:51 Msk] [TX_163] Фасилити: 102 | Интент: MOUSE_CLICK | Назначение (P1): 102 | Статус TX: READY | Трасса ORIGINS: [10]
[21:36:51 Msk] [TX_162] Фасилити: 0 | Интент: SET_SLOT_FOCUS | Назначение (P1): 0 | Статус TX: READY | Трасса ORIGINS: [10]
[21:36:51 Msk] [TX_168] Фасилити: 14 | Интент: SCROLL_CONTENT_DOWN | Назначение (P1): 14 | Статус TX: READY | Трасса ORIGINS: [10]
[21:36:51 Msk] [TX_171] Фасилити: 14 | Интент: SCROLL_CONTENT_DOWN | Назначение (P1): 14 | Статус TX: READY | Трасса ORIGINS: [10]
[21:36:51 Msk] [TX_174] Фасилити: 14 | Интент: SCROLL_CONTENT_DOWN | Назначение (P1): 14 | Статус TX: READY | Трасса ORIGINS: [10]
[21:36:51 Msk] [TX_177] Фасилити: 14 | Интент: SCROLL_CONTENT_UP | Назначение (P1): 14 | Статус TX: READY | Трасса ORIGINS: [10]
[21:36:51 Msk] [TX_180] Фасилити: 14 | Интент: SCROLL_CONTENT_UP | Назначение (P1): 14 | Статус TX: READY | Трасса ORIGINS: [10]
[21:36:51 Msk] [TX_183] Фасилити: 14 | Интент: SCROLL_CONTENT_UP | Назначение (P1): 14 | Статус TX: READY | Трасса ORIGINS: [10]
[21:36:51 Msk] [TX_186] Фасилити: 14 | Интент: SCROLL_CONTENT_UP | Назначение (P1): 14 | Статус TX: READY | Трасса ORIGINS: [10]
[21:36:52 Msk] [TX_189] Фасилити: 14 | Интент: SCROLL_CONTENT_UP | Назначение (P1): 14 | Статус TX: READY | Трасса ORIGINS: [10]
[21:36:52 Msk] [TX_192] Фасилити: 14 | Интент: SCROLL_CONTENT_DOWN | Назначение (P1): 14 | Статус TX: READY | Трасса ORIGINS: [10]
[21:36:52 Msk] [TX_195] Фасилити: 14 | Интент: SCROLL_CONTENT_DOWN | Назначение (P1): 14 | Статус TX: READY | Трасса ORIGINS: [10]
[21:36:52 Msk] [TX_198] Фасилити: 14 | Интент: SCROLL_CONTENT_DOWN | Назначение (P1): 14 | Статус TX: READY | Трасса ORIGINS: [10]
[21:36:52 Msk] [TX_201] Фасилити: 14 | Интент: SCROLL_CONTENT_UP | Назначение (P1): 14 | Статус TX: READY | Трасса ORIGINS: [10]
[21:36:52 Msk] [TX_204] Фасилити: 102 | Интент: MOUSE_CLICK | Назначение (P1): 102 | Статус TX: READY | Трасса ORIGINS: [10]
[21:36:53 Msk] [TX_207] Фасилити: 14 | Интент: SCROLL_CONTENT_UP | Назначение (P1): 14 | Статус TX: READY | Трасса ORIGINS: [10]
[21:36:53 Msk] [TX_210] Фасилити: 14 | Интент: SCROLL_CONTENT_UP | Назначение (P1): 14 | Статус TX: READY | Трасса ORIGINS: [10]
[21:36:53 Msk] [TX_213] Фасилити: 14 | Интент: SCROLL_CONTENT_UP | Назначение (P1): 14 | Статус TX: READY | Трасса ORIGINS: [10]
[21:36:54 Msk] [TX_216] Фасилити: 12 | Интент: TAB_CLICKED | Назначение (P1): 12 | Статус TX: READY | Трасса ORIGINS: [10]
[21:36:55 Msk] [TX_219] Фасилити: 12 | Интент: TAB_CLICKED | Назначение (P1): 12 | Статус TX: READY | Трасса ORIGINS: [10]
[21:37:48 Msk] [TX_3] Фасилити: 0 | Интент: init | Назначение (P1): 0 | Статус TX: READY | Трасса ORIGINS: []
[21:37:48 Msk] [TX_1] Фасилити: 9 | Интент: TRIGGER_RESIZE | Назначение (P1): 9 | Статус TX: READY | Трасса ORIGINS: []
[21:37:48 Msk] [TX_2] Фасилити: 11 | Интент: BOOT_LAYOUT_TREE | Назначение (P1): 11 | Статус TX: READY | Трасса ORIGINS: []
[21:37:48 Msk] [TX_6] Фасилити: 0 | Интент: SYNCHRONIZE_DYNAMIC_SLOT | Назначение (P1): 0 | Статус TX: READY | Трасса ORIGINS: [11]
[21:37:48 Msk] [TX_17] Фасилити: 12 | Интент: REGISTRATION_TAB_SPACE | Назначение (P1): 12 | Статус TX: READY | Трасса ORIGINS: []
[21:37:48 Msk] [TX_24] Фасилити: 14 | Интент: SYNC_SCROLLBAR_METRICS | Назначение (P1): 14 | Статус TX: READY | Трасса ORIGINS: [106]
[21:37:48 Msk] [TX_22] Фасилити: 108 | Интент: ADD_LOG_ENTRY | Назначение (P1): 108 | Статус TX: READY | Трасса ORIGINS: [1]
[21:37:48 Msk] [TX_27] Фасилити: 9 | Интент: INJECT_GEO_MAP | Назначение (P1): 9 | Статус TX: READY | Трасса ORIGINS: [9]
[21:37:48 Msk] [TX_28] Фасилити: 108 | Интент: ADD_LOG_ENTRY | Назначение (P1): 108 | Статус TX: READY | Трасса ORIGINS: [102]
[21:37:48 Msk] [TX_31] Фасилити: 103 | Интент: INJECT_VFS_DATA | Назначение (P1): 103 | Статус TX: READY | Трасса ORIGINS: [103]
[21:37:48 Msk] [TX_29] Фасилити: 102 | Интент: INJECT_VFS_DATA | Назначение (P1): 102 | Статус TX: READY | Трасса ORIGINS: [102]
[21:37:48 Msk] [TX_43] Фасилити: 14 | Интент: SYNC_SCROLLBAR_METRICS | Назначение (P1): 14 | Статус TX: READY | Трасса ORIGINS: [103]
[21:37:48 Msk] [TX_44] Фасилити: 14 | Интент: SYNC_SCROLLBAR_METRICS | Назначение (P1): 14 | Статус TX: READY | Трасса ORIGINS: [103]
[21:37:48 Msk] [TX_45] Фасилити: 14 | Интент: SYNC_SCROLLBAR_METRICS | Назначение (P1): 14 | Статус TX: READY | Трасса ORIGINS: [102]
[21:37:48 Msk] [TX_46] Фасилити: 14 | Интент: SYNC_SCROLLBAR_METRICS | Назначение (P1): 14 | Статус TX: READY | Трасса ORIGINS: [102]
[21:37:50 Msk] [TOP_GEN] Целевой Канал Шины: 0 | Интент: SET_SLOT_FOCUS | Конечная цель фокуса: 102
[21:37:50 Msk] [TX_54] Фасилити: 12 | Интент: TAB_CLICKED | Назначение (P1): 12 | Статус TX: READY | Трасса ORIGINS: [10]
[21:37:50 Msk] [TX_53] Фасилити: 0 | Интент: SET_SLOT_FOCUS | Назначение (P1): 0 | Статус TX: READY | Трасса ORIGINS: [10]
[21:37:52 Msk] [TX_59] Фасилити: 12 | Интент: TAB_CLICKED | Назначение (P1): 12 | Статус TX: READY | Трасса ORIGINS: [10]
[21:37:52 Msk] [TX_60] Фасилити: 104 | Интент: KEYBOARD_MODIFIER_CHANGED | Назначение (P1): 104 | Статус TX: READY | Трасса ORIGINS: [10]
[21:37:52 Msk] [TX_61] Фасилити: 108 | Интент: ADD_LOG_ENTRY | Назначение (P1): 108 | Статус TX: READY | Трасса ORIGINS: [10]
[21:37:52 Msk] [TX_68] Фасилити: 104 | Интент: ROTATE_STACK_DOWN | Назначение (P1): 104 | Статус TX: READY | Трасса ORIGINS: [10]
[21:37:52 Msk] [TX_71] Фасилити: 104 | Интент: ROTATE_STACK_DOWN | Назначение (P1): 104 | Статус TX: READY | Трасса ORIGINS: [10]
[21:37:52 Msk] [TX_74] Фасилити: 104 | Интент: ROTATE_STACK_DOWN | Назначение (P1): 104 | Статус TX: READY | Трасса ORIGINS: [10]
[21:37:52 Msk] [TX_77] Фасилити: 104 | Интент: ROTATE_STACK_DOWN | Назначение (P1): 104 | Статус TX: READY | Трасса ORIGINS: [10]
[21:37:52 Msk] [TX_80] Фасилити: 104 | Интент: ROTATE_STACK_DOWN | Назначение (P1): 104 | Статус TX: READY | Трасса ORIGINS: [10]
[21:37:52 Msk] [TX_83] Фасилити: 104 | Интент: ROTATE_STACK_UP | Назначение (P1): 104 | Статус TX: READY | Трасса ORIGINS: [10]
[21:37:52 Msk] [TX_86] Фасилити: 104 | Интент: ROTATE_STACK_UP | Назначение (P1): 104 | Статус TX: READY | Трасса ORIGINS: [10]
[21:37:52 Msk] [TX_89] Фасилити: 104 | Интент: ROTATE_STACK_UP | Назначение (P1): 104 | Статус TX: READY | Трасса ORIGINS: [10]
[21:37:52 Msk] [TX_92] Фасилити: 104 | Интент: ROTATE_STACK_UP | Назначение (P1): 104 | Статус TX: READY | Трасса ORIGINS: [10]
[21:37:52 Msk] [TX_95] Фасилити: 104 | Интент: ROTATE_STACK_DOWN | Назначение (P1): 104 | Статус TX: READY | Трасса ORIGINS: [10]
[21:37:52 Msk] [TX_98] Фасилити: 104 | Интент: ROTATE_STACK_DOWN | Назначение (P1): 104 | Статус TX: READY | Трасса ORIGINS: [10]
[21:37:52 Msk] [TX_101] Фасилити: 102 | Интент: ROTATE_SLOT_STACK | Назначение (P1): 102 | Статус TX: READY | Трасса ORIGINS: [10]
[21:37:52 Msk] [TX_104] Фасилити: 108 | Интент: ADD_LOG_ENTRY | Назначение (P1): 108 | Статус TX: READY | Трасса ORIGINS: [102]
[21:37:52 Msk] [TX_105] Фасилити: 102 | Интент: INJECT_VFS_DATA | Назначение (P1): 102 | Статус TX: READY | Трасса ORIGINS: [102]
[21:37:52 Msk] [TX_107] Фасилити: 14 | Интент: SYNC_SCROLLBAR_METRICS | Назначение (P1): 14 | Статус TX: READY | Трасса ORIGINS: [102]
[21:37:53 Msk] [TOP_GEN] Целевой Канал Шины: 0 | Интент: SET_SLOT_FOCUS | Конечная цель фокуса: 102
[21:37:53 Msk] [TX_112] Фасилити: 12 | Интент: TAB_CLICKED | Назначение (P1): 12 | Статус TX: READY | Трасса ORIGINS: [10]
[21:37:53 Msk] [TX_111] Фасилити: 0 | Интент: SET_SLOT_FOCUS | Назначение (P1): 0 | Статус TX: READY | Трасса ORIGINS: [10]
[21:37:53 Msk] [TX_117] Фасилити: 12 | Интент: TAB_CLICKED | Назначение (P1): 12 | Статус TX: READY | Трасса ORIGINS: [10]
[21:37:57 Msk] [TX_121] Фасилити: 12 | Интент: TAB_CLICKED | Назначение (P1): 12 | Статус TX: READY | Трасса ORIGINS: [10]
[21:37:58 Msk] [TX_124] Фасилити: 12 | Интент: TAB_CLICKED | Назначение (P1): 12 | Статус TX: READY | Трасса ORIGINS: [10]
[21:37:58 Msk] [TX_125] Фасилити: 104 | Интент: KEYBOARD_MODIFIER_CHANGED | Назначение (P1): 104 | Статус TX: READY | Трасса ORIGINS: [10]
[21:37:58 Msk] [TX_126] Фасилити: 108 | Интент: ADD_LOG_ENTRY | Назначение (P1): 108 | Статус TX: READY | Трасса ORIGINS: [10]
[21:37:58 Msk] [TX_133] Фасилити: 12 | Интент: TAB_CLICKED | Назначение (P1): 12 | Статус TX: READY | Трасса ORIGINS: [10]
[21:37:59 Msk] [TOP_GEN] Целевой Канал Шины: 0 | Интент: SET_SLOT_FOCUS | Конечная цель фокуса: 102
[21:37:59 Msk] [TX_137] Фасилити: 12 | Интент: TAB_CLICKED | Назначение (P1): 12 | Статус TX: READY | Трасса ORIGINS: [10]
[21:37:59 Msk] [TX_136] Фасилити: 0 | Интент: SET_SLOT_FOCUS | Назначение (P1): 0 | Статус TX: READY | Трасса ORIGINS: [10]
[21:38:00 Msk] [TX_142] Фасилити: 12 | Интент: TAB_CLICKED | Назначение (P1): 12 | Статус TX: READY | Трасса ORIGINS: [10]
[21:38:10 Msk] [TX_145] Фасилити: 12 | Интент: TAB_CLICKED | Назначение (P1): 12 | Статус TX: READY | Трасса ORIGINS: [10]
[21:38:10 Msk] [TX_147] Фасилити: 108 | Интент: ADD_LOG_ENTRY | Назначение (P1): 108 | Статус TX: READY | Трасса ORIGINS: [10]
[21:38:10 Msk] [TX_146] Фасилити: 102 | Интент: SWITCH_SLOT_TAB | Назначение (P1): 102 | Статус TX: READY | Трасса ORIGINS: [12]
[21:38:10 Msk] [TX_151] Фасилити: 108 | Интент: ADD_LOG_ENTRY | Назначение (P1): 108 | Статус TX: READY | Трасса ORIGINS: [102]
[21:38:10 Msk] [TX_152] Фасилити: 102 | Интент: INJECT_VFS_DATA | Назначение (P1): 102 | Статус TX: READY | Трасса ORIGINS: [102]
[21:38:10 Msk] [TX_154] Фасилити: 14 | Интент: SYNC_SCROLLBAR_METRICS | Назначение (P1): 14 | Статус TX: READY | Трасса ORIGINS: [102]
[21:38:11 Msk] [TX_158] Фасилити: 12 | Интент: TAB_CLICKED | Назначение (P1): 12 | Статус TX: READY | Трасса ORIGINS: [10]
[21:38:11 Msk] [TX_159] Фасилити: 104 | Интент: KEYBOARD_MODIFIER_CHANGED | Назначение (P1): 104 | Статус TX: READY | Трасса ORIGINS: [10]
[21:38:11 Msk] [TX_160] Фасилити: 108 | Интент: ADD_LOG_ENTRY | Назначение (P1): 108 | Статус TX: READY | Трасса ORIGINS: [10]
[21:38:13 Msk] [TX_167] Фасилити: 12 | Интент: TAB_CLICKED | Назначение (P1): 12 | Статус TX: READY | Трасса ORIGINS: [10]
[21:38:14 Msk] [TX_170] Фасилити: 12 | Интент: TAB_CLICKED | Назначение (P1): 12 | Статус TX: READY | Трасса ORIGINS: [10]
[21:38:16 Msk] [TX_173] Фасилити: 12 | Интент: TAB_CLICKED | Назначение (P1): 12 | Статус TX: READY | Трасса ORIGINS: [10]
[21:38:16 Msk] [TX_174] Фасилити: 104 | Интент: KEYBOARD_MODIFIER_CHANGED | Назначение (P1): 104 | Статус TX: READY | Трасса ORIGINS: [10]
[21:38:16 Msk] [TX_175] Фасилити: 108 | Интент: ADD_LOG_ENTRY | Назначение (P1): 108 | Статус TX: READY | Трасса ORIGINS: [10]
[21:38:17 Msk] [TOP_GEN] Целевой Канал Шины: 0 | Интент: SET_SLOT_FOCUS | Конечная цель фокуса: 102
[21:38:17 Msk] [TX_181] Фасилити: 102 | Интент: MOUSE_CLICK | Назначение (P1): 102 | Статус TX: READY | Трасса ORIGINS: [10]
[21:38:17 Msk] [TX_180] Фасилити: 0 | Интент: SET_SLOT_FOCUS | Назначение (P1): 0 | Статус TX: READY | Трасса ORIGINS: [10]
[21:38:18 Msk] [TX_186] Фасилити: 12 | Интент: TAB_CLICKED | Назначение (P1): 12 | Статус TX: READY | Трасса ORIGINS: [10]
[21:38:19 Msk] [TX_190] Фасилити: 12 | Интент: TAB_CLICKED | Назначение (P1): 12 | Статус TX: READY | Трасса ORIGINS: [10]
[21:38:20 Msk] [TX_193] Фасилити: 12 | Интент: TAB_CLICKED | Назначение (P1): 12 | Статус TX: READY | Трасса ORIGINS: [10]
[21:38:21 Msk] [TX_196] Фасилити: 14 | Интент: SCROLL_CONTENT_DOWN | Назначение (P1): 14 | Статус TX: READY | Трасса ORIGINS: [10]
[21:38:21 Msk] [TX_199] Фасилити: 14 | Интент: SCROLL_CONTENT_DOWN | Назначение (P1): 14 | Статус TX: READY | Трасса ORIGINS: [10]
[21:38:21 Msk] [TX_202] Фасилити: 14 | Интент: SCROLL_CONTENT_DOWN | Назначение (P1): 14 | Статус TX: READY | Трасса ORIGINS: [10]
[21:38:21 Msk] [TX_205] Фасилити: 14 | Интент: SCROLL_CONTENT_DOWN | Назначение (P1): 14 | Статус TX: READY | Трасса ORIGINS: [10]
[21:38:21 Msk] [TX_208] Фасилити: 14 | Интент: SCROLL_CONTENT_DOWN | Назначение (P1): 14 | Статус TX: READY | Трасса ORIGINS: [10]
[21:38:21 Msk] [TX_211] Фасилити: 12 | Интент: TAB_CLICKED | Назначение (P1): 12 | Статус TX: READY | Трасса ORIGINS: [10]
[21:38:21 Msk] [TX_214] Фасилити: 14 | Интент: SCROLL_CONTENT_DOWN | Назначение (P1): 14 | Статус TX: READY | Трасса ORIGINS: [10]
[21:38:21 Msk] [TX_217] Фасилити: 14 | Интент: SCROLL_CONTENT_DOWN | Назначение (P1): 14 | Статус TX: READY | Трасса ORIGINS: [10]
[21:38:22 Msk] [TX_220] Фасилити: 14 | Интент: SCROLL_CONTENT_DOWN | Назначение (P1): 14 | Статус TX: READY | Трасса ORIGINS: [10]
[21:38:22 Msk] [TX_223] Фасилити: 14 | Интент: SCROLL_CONTENT_UP | Назначение (P1): 14 | Статус TX: READY | Трасса ORIGINS: [10]
[21:39:17 Msk] [TX_3] Фасилити: 0 | Интент: init | Назначение (P1): 0 | Статус TX: READY | Трасса ORIGINS: []
[21:39:17 Msk] [TX_1] Фасилити: 9 | Интент: TRIGGER_RESIZE | Назначение (P1): 9 | Статус TX: READY | Трасса ORIGINS: []
[21:39:17 Msk] [TX_2] Фасилити: 11 | Интент: BOOT_LAYOUT_TREE | Назначение (P1): 11 | Статус TX: READY | Трасса ORIGINS: []
[21:39:17 Msk] [TX_6] Фасилити: 0 | Интент: SYNCHRONIZE_DYNAMIC_SLOT | Назначение (P1): 0 | Статус TX: READY | Трасса ORIGINS: [11]
[21:39:17 Msk] [TX_17] Фасилити: 12 | Интент: REGISTRATION_TAB_SPACE | Назначение (P1): 12 | Статус TX: READY | Трасса ORIGINS: []
[21:39:17 Msk] [TX_24] Фасилити: 14 | Интент: SYNC_SCROLLBAR_METRICS | Назначение (P1): 14 | Статус TX: READY | Трасса ORIGINS: [106]
[21:39:17 Msk] [TX_22] Фасилити: 108 | Интент: ADD_LOG_ENTRY | Назначение (P1): 108 | Статус TX: READY | Трасса ORIGINS: [1]
[21:39:17 Msk] [TX_35] Фасилити: 9 | Интент: INJECT_GEO_MAP | Назначение (P1): 9 | Статус TX: READY | Трасса ORIGINS: [9]
[21:39:17 Msk] [TX_27] Фасилити: 108 | Интент: ADD_LOG_ENTRY | Назначение (P1): 108 | Статус TX: READY | Трасса ORIGINS: [102]
[21:39:17 Msk] [TX_30] Фасилити: 103 | Интент: INJECT_VFS_DATA | Назначение (P1): 103 | Статус TX: READY | Трасса ORIGINS: [103]
[21:39:17 Msk] [TX_28] Фасилити: 102 | Интент: INJECT_VFS_DATA | Назначение (P1): 102 | Статус TX: READY | Трасса ORIGINS: [102]
[21:39:17 Msk] [TX_43] Фасилити: 14 | Интент: SYNC_SCROLLBAR_METRICS | Назначение (P1): 14 | Статус TX: READY | Трасса ORIGINS: [103]
[21:39:17 Msk] [TX_44] Фасилити: 14 | Интент: SYNC_SCROLLBAR_METRICS | Назначение (P1): 14 | Статус TX: READY | Трасса ORIGINS: [103]
[21:39:17 Msk] [TX_45] Фасилити: 14 | Интент: SYNC_SCROLLBAR_METRICS | Назначение (P1): 14 | Статус TX: READY | Трасса ORIGINS: [102]
[21:39:17 Msk] [TX_46] Фасилити: 14 | Интент: SYNC_SCROLLBAR_METRICS | Назначение (P1): 14 | Статус TX: READY | Трасса ORIGINS: [102]
[21:39:19 Msk] [TOP_GEN] Целевой Канал Шины: 0 | Интент: SET_SLOT_FOCUS | Конечная цель фокуса: 102
[21:39:19 Msk] [TX_54] Фасилити: 12 | Интент: TAB_CLICKED | Назначение (P1): 12 | Статус TX: READY | Трасса ORIGINS: [10]
[21:39:19 Msk] [TX_53] Фасилити: 0 | Интент: SET_SLOT_FOCUS | Назначение (P1): 0 | Статус TX: READY | Трасса ORIGINS: [10]
[21:39:20 Msk] [TX_59] Фасилити: 12 | Интент: TAB_CLICKED | Назначение (P1): 12 | Статус TX: READY | Трасса ORIGINS: [10]
[21:39:20 Msk] [TX_60] Фасилити: 104 | Интент: KEYBOARD_MODIFIER_CHANGED | Назначение (P1): 104 | Статус TX: READY | Трасса ORIGINS: [10]
[21:39:20 Msk] [TX_61] Фасилити: 108 | Интент: ADD_LOG_ENTRY | Назначение (P1): 108 | Статус TX: READY | Трасса ORIGINS: [10]
[21:39:21 Msk] [TX_68] Фасилити: 12 | Интент: TAB_CLICKED | Назначение (P1): 12 | Статус TX: READY | Трасса ORIGINS: [10]
[21:39:21 Msk] [TX_69] Фасилити: 104 | Интент: KEYBOARD_MODIFIER_CHANGED | Назначение (P1): 104 | Статус TX: READY | Трасса ORIGINS: [10]
[21:39:21 Msk] [TX_70] Фасилити: 108 | Интент: ADD_LOG_ENTRY | Назначение (P1): 108 | Статус TX: READY | Трасса ORIGINS: [10]
[21:39:21 Msk] [TX_75] Фасилити: 12 | Интент: TAB_CLICKED | Назначение (P1): 12 | Статус TX: READY | Трасса ORIGINS: [10]
[21:41:18 Msk] [TX_3] Фасилити: 0 | Интент: init | Назначение (P1): 0 | Статус TX: READY | Трасса ORIGINS: []
[21:41:18 Msk] [TX_1] Фасилити: 9 | Интент: TRIGGER_RESIZE | Назначение (P1): 9 | Статус TX: READY | Трасса ORIGINS: []
[21:41:18 Msk] [TX_2] Фасилити: 11 | Интент: BOOT_LAYOUT_TREE | Назначение (P1): 11 | Статус TX: READY | Трасса ORIGINS: []
[21:41:18 Msk] [TX_6] Фасилити: 0 | Интент: SYNCHRONIZE_DYNAMIC_SLOT | Назначение (P1): 0 | Статус TX: READY | Трасса ORIGINS: [11]
[21:41:18 Msk] [TX_17] Фасилити: 12 | Интент: REGISTRATION_TAB_SPACE | Назначение (P1): 12 | Статус TX: READY | Трасса ORIGINS: []
[21:41:18 Msk] [TX_24] Фасилити: 14 | Интент: SYNC_SCROLLBAR_METRICS | Назначение (P1): 14 | Статус TX: READY | Трасса ORIGINS: [106]
[21:41:18 Msk] [TX_22] Фасилити: 108 | Интент: ADD_LOG_ENTRY | Назначение (P1): 108 | Статус TX: READY | Трасса ORIGINS: [1]
[21:41:18 Msk] [TX_35] Фасилити: 9 | Интент: INJECT_GEO_MAP | Назначение (P1): 9 | Статус TX: READY | Трасса ORIGINS: [9]
[21:41:18 Msk] [TX_27] Фасилити: 108 | Интент: ADD_LOG_ENTRY | Назначение (P1): 108 | Статус TX: READY | Трасса ORIGINS: [102]
[21:41:18 Msk] [TX_30] Фасилити: 103 | Интент: INJECT_VFS_DATA | Назначение (P1): 103 | Статус TX: READY | Трасса ORIGINS: [103]
[21:41:18 Msk] [TX_28] Фасилити: 102 | Интент: INJECT_VFS_DATA | Назначение (P1): 102 | Статус TX: READY | Трасса ORIGINS: [102]
[21:41:18 Msk] [TX_43] Фасилити: 14 | Интент: SYNC_SCROLLBAR_METRICS | Назначение (P1): 14 | Статус TX: READY | Трасса ORIGINS: [103]
[21:41:18 Msk] [TX_44] Фасилити: 14 | Интент: SYNC_SCROLLBAR_METRICS | Назначение (P1): 14 | Статус TX: READY | Трасса ORIGINS: [103]
[21:41:18 Msk] [TX_45] Фасилити: 14 | Интент: SYNC_SCROLLBAR_METRICS | Назначение (P1): 14 | Статус TX: READY | Трасса ORIGINS: [102]
[21:41:18 Msk] [TX_46] Фасилити: 14 | Интент: SYNC_SCROLLBAR_METRICS | Назначение (P1): 14 | Статус TX: READY | Трасса ORIGINS: [102]
[21:41:19 Msk] [TX_53] Фасилити: 14 | Интент: SCROLL_CONTENT_DOWN | Назначение (P1): 14 | Статус TX: READY | Трасса ORIGINS: [10]
[21:41:19 Msk] [TX_56] Фасилити: 108 | Интент: ADD_LOG_ENTRY | Назначение (P1): 108 | Статус TX: READY | Трасса ORIGINS: [102]
[21:41:19 Msk] [TX_57] Фасилити: 102 | Интент: INJECT_VFS_DATA | Назначение (P1): 102 | Статус TX: READY | Трасса ORIGINS: [102]
[21:41:19 Msk] [TX_59] Фасилити: 14 | Интент: SYNC_SCROLLBAR_METRICS | Назначение (P1): 14 | Статус TX: READY | Трасса ORIGINS: [102]
[21:41:20 Msk] [TX_63] Фасилити: 14 | Интент: SCROLL_CONTENT_DOWN | Назначение (P1): 14 | Статус TX: READY | Трасса ORIGINS: [10]
[21:41:20 Msk] [TX_66] Фасилити: 108 | Интент: ADD_LOG_ENTRY | Назначение (P1): 108 | Статус TX: READY | Трасса ORIGINS: [102]
[21:41:20 Msk] [TX_67] Фасилити: 102 | Интент: INJECT_VFS_DATA | Назначение (P1): 102 | Статус TX: READY | Трасса ORIGINS: [102]
[21:41:20 Msk] [TX_69] Фасилити: 14 | Интент: SYNC_SCROLLBAR_METRICS | Назначение (P1): 14 | Статус TX: READY | Трасса ORIGINS: [102]
[21:41:20 Msk] [TX_73] Фасилити: 14 | Интент: SCROLL_CONTENT_DOWN | Назначение (P1): 14 | Статус TX: READY | Трасса ORIGINS: [10]
[21:41:20 Msk] [TX_76] Фасилити: 108 | Интент: ADD_LOG_ENTRY | Назначение (P1): 108 | Статус TX: READY | Трасса ORIGINS: [102]
[21:41:20 Msk] [TX_77] Фасилити: 102 | Интент: INJECT_VFS_DATA | Назначение (P1): 102 | Статус TX: READY | Трасса ORIGINS: [102]
[21:41:20 Msk] [TX_79] Фасилити: 14 | Интент: SYNC_SCROLLBAR_METRICS | Назначение (P1): 14 | Статус TX: READY | Трасса ORIGINS: [102]
[21:41:20 Msk] [TX_83] Фасилити: 14 | Интент: SCROLL_CONTENT_DOWN | Назначение (P1): 14 | Статус TX: READY | Трасса ORIGINS: [10]
[21:41:20 Msk] [TX_86] Фасилити: 108 | Интент: ADD_LOG_ENTRY | Назначение (P1): 108 | Статус TX: READY | Трасса ORIGINS: [102]
[21:41:20 Msk] [TX_87] Фасилити: 102 | Интент: INJECT_VFS_DATA | Назначение (P1): 102 | Статус TX: READY | Трасса ORIGINS: [102]
[21:41:20 Msk] [TX_89] Фасилити: 14 | Интент: SYNC_SCROLLBAR_METRICS | Назначение (P1): 14 | Статус TX: READY | Трасса ORIGINS: [102]
[21:41:20 Msk] [TOP_GEN] Целевой Канал Шины: 0 | Интент: SET_SLOT_FOCUS | Конечная цель фокуса: 102
[21:41:20 Msk] [TX_94] Фасилити: 102 | Интент: MOUSE_CLICK | Назначение (P1): 102 | Статус TX: READY | Трасса ORIGINS: [10]
[21:41:20 Msk] [TX_93] Фасилити: 0 | Интент: SET_SLOT_FOCUS | Назначение (P1): 0 | Статус TX: READY | Трасса ORIGINS: [10]
[21:41:21 Msk] [TX_99] Фасилити: 14 | Интент: SCROLL_CONTENT_DOWN | Назначение (P1): 14 | Статус TX: READY | Трасса ORIGINS: [10]
[21:41:21 Msk] [TX_102] Фасилити: 108 | Интент: ADD_LOG_ENTRY | Назначение (P1): 108 | Статус TX: READY | Трасса ORIGINS: [102]
[21:41:21 Msk] [TX_103] Фасилити: 102 | Интент: INJECT_VFS_DATA | Назначение (P1): 102 | Статус TX: READY | Трасса ORIGINS: [102]
[21:41:21 Msk] [TX_105] Фасилити: 14 | Интент: SYNC_SCROLLBAR_METRICS | Назначение (P1): 14 | Статус TX: READY | Трасса ORIGINS: [102]
[21:41:21 Msk] [TX_109] Фасилити: 14 | Интент: SCROLL_CONTENT_DOWN | Назначение (P1): 14 | Статус TX: READY | Трасса ORIGINS: [10]
[21:41:21 Msk] [TX_115] Фасилити: 14 | Интент: SCROLL_CONTENT_DOWN | Назначение (P1): 14 | Статус TX: READY | Трасса ORIGINS: [10]
[21:41:21 Msk] [TX_112] Фасилити: 108 | Интент: ADD_LOG_ENTRY | Назначение (P1): 108 | Статус TX: READY | Трасса ORIGINS: [102]
[21:41:21 Msk] [TX_113] Фасилити: 102 | Интент: INJECT_VFS_DATA | Назначение (P1): 102 | Статус TX: READY | Трасса ORIGINS: [102]
[21:41:21 Msk] [TX_118] Фасилити: 14 | Интент: SYNC_SCROLLBAR_METRICS | Назначение (P1): 14 | Статус TX: READY | Трасса ORIGINS: [102]
[21:41:21 Msk] [TX_121] Фасилити: 108 | Интент: ADD_LOG_ENTRY | Назначение (P1): 108 | Статус TX: READY | Трасса ORIGINS: [102]
[21:41:21 Msk] [TX_122] Фасилити: 102 | Интент: INJECT_VFS_DATA | Назначение (P1): 102 | Статус TX: READY | Трасса ORIGINS: [102]
[21:41:21 Msk] [TX_124] Фасилити: 14 | Интент: SYNC_SCROLLBAR_METRICS | Назначение (P1): 14 | Статус TX: READY | Трасса ORIGINS: [102]
[21:41:21 Msk] [TX_128] Фасилити: 14 | Интент: SCROLL_CONTENT_UP | Назначение (P1): 14 | Статус TX: READY | Трасса ORIGINS: [10]
[21:41:21 Msk] [TX_131] Фасилити: 108 | Интент: ADD_LOG_ENTRY | Назначение (P1): 108 | Статус TX: READY | Трасса ORIGINS: [102]
[21:41:21 Msk] [TX_132] Фасилити: 102 | Интент: INJECT_VFS_DATA | Назначение (P1): 102 | Статус TX: READY | Трасса ORIGINS: [102]
[21:41:21 Msk] [TX_134] Фасилити: 14 | Интент: SYNC_SCROLLBAR_METRICS | Назначение (P1): 14 | Статус TX: READY | Трасса ORIGINS: [102]
[21:41:21 Msk] [TX_139] Фасилити: 14 | Интент: SCROLL_CONTENT_UP | Назначение (P1): 14 | Статус TX: READY | Трасса ORIGINS: [10]
[21:41:21 Msk] [TX_149] Фасилити: 14 | Интент: SCROLL_CONTENT_UP | Назначение (P1): 14 | Статус TX: READY | Трасса ORIGINS: [10]
[21:41:21 Msk] [TX_145] Фасилити: 108 | Интент: ADD_LOG_ENTRY | Назначение (P1): 108 | Статус TX: READY | Трасса ORIGINS: [102]
[21:41:21 Msk] [TX_146] Фасилити: 102 | Интент: INJECT_VFS_DATA | Назначение (P1): 102 | Статус TX: READY | Трасса ORIGINS: [102]
[21:41:21 Msk] [TX_153] Фасилити: 14 | Интент: SYNC_SCROLLBAR_METRICS | Назначение (P1): 14 | Статус TX: READY | Трасса ORIGINS: [102]
[21:41:21 Msk] [TX_154] Фасилити: 14 | Интент: SYNC_SCROLLBAR_METRICS | Назначение (P1): 14 | Статус TX: READY | Трасса ORIGINS: [102]
[21:41:21 Msk] [TX_161] Фасилити: 14 | Интент: SCROLL_CONTENT_UP | Назначение (P1): 14 | Статус TX: READY | Трасса ORIGINS: [10]
[21:41:21 Msk] [TX_158] Фасилити: 108 | Интент: ADD_LOG_ENTRY | Назначение (P1): 108 | Статус TX: READY | Трасса ORIGINS: [102]
[21:41:21 Msk] [TX_159] Фасилити: 102 | Интент: INJECT_VFS_DATA | Назначение (P1): 102 | Статус TX: READY | Трасса ORIGINS: [102]
[21:41:21 Msk] [TX_164] Фасилити: 14 | Интент: SYNC_SCROLLBAR_METRICS | Назначение (P1): 14 | Статус TX: READY | Трасса ORIGINS: [102]
[21:41:21 Msk] [TX_170] Фасилити: 14 | Интент: SCROLL_CONTENT_UP | Назначение (P1): 14 | Статус TX: READY | Трасса ORIGINS: [10]
[21:41:21 Msk] [TX_167] Фасилити: 108 | Интент: ADD_LOG_ENTRY | Назначение (P1): 108 | Статус TX: READY | Трасса ORIGINS: [102]
[21:41:21 Msk] [TX_168] Фасилити: 102 | Интент: INJECT_VFS_DATA | Назначение (P1): 102 | Статус TX: READY | Трасса ORIGINS: [102]
[21:41:21 Msk] [TX_173] Фасилити: 14 | Интент: SYNC_SCROLLBAR_METRICS | Назначение (P1): 14 | Статус TX: READY | Трасса ORIGINS: [102]
[21:41:21 Msk] [TX_176] Фасилити: 108 | Интент: ADD_LOG_ENTRY | Назначение (P1): 108 | Статус TX: READY | Трасса ORIGINS: [102]
[21:41:21 Msk] [TX_177] Фасилити: 102 | Интент: INJECT_VFS_DATA | Назначение (P1): 102 | Статус TX: READY | Трасса ORIGINS: [102]
[21:41:21 Msk] [TX_179] Фасилити: 14 | Интент: SYNC_SCROLLBAR_METRICS | Назначение (P1): 14 | Статус TX: READY | Трасса ORIGINS: [102]
[21:41:21 Msk] [TX_183] Фасилити: 14 | Интент: SCROLL_CONTENT_DOWN | Назначение (P1): 14 | Статус TX: READY | Трасса ORIGINS: [10]
[21:41:21 Msk] [TX_186] Фасилити: 108 | Интент: ADD_LOG_ENTRY | Назначение (P1): 108 | Статус TX: READY | Трасса ORIGINS: [102]
[21:41:21 Msk] [TX_187] Фасилити: 102 | Интент: INJECT_VFS_DATA | Назначение (P1): 102 | Статус TX: READY | Трасса ORIGINS: [102]
[21:41:21 Msk] [TX_189] Фасилити: 14 | Интент: SYNC_SCROLLBAR_METRICS | Назначение (P1): 14 | Статус TX: READY | Трасса ORIGINS: [102]
[21:41:21 Msk] [TX_193] Фасилити: 14 | Интент: SCROLL_CONTENT_DOWN | Назначение (P1): 14 | Статус TX: READY | Трасса ORIGINS: [10]
[21:41:21 Msk] [TX_196] Фасилити: 108 | Интент: ADD_LOG_ENTRY | Назначение (P1): 108 | Статус TX: READY | Трасса ORIGINS: [102]
[21:41:21 Msk] [TX_197] Фасилити: 102 | Интент: INJECT_VFS_DATA | Назначение (P1): 102 | Статус TX: READY | Трасса ORIGINS: [102]
[21:41:21 Msk] [TX_199] Фасилити: 14 | Интент: SYNC_SCROLLBAR_METRICS | Назначение (P1): 14 | Статус TX: READY | Трасса ORIGINS: [102]
[21:41:21 Msk] [TX_203] Фасилити: 14 | Интент: SCROLL_CONTENT_DOWN | Назначение (P1): 14 | Статус TX: READY | Трасса ORIGINS: [10]
[21:41:21 Msk] [TX_206] Фасилити: 108 | Интент: ADD_LOG_ENTRY | Назначение (P1): 108 | Статус TX: READY | Трасса ORIGINS: [102]
[21:41:21 Msk] [TX_207] Фасилити: 102 | Интент: INJECT_VFS_DATA | Назначение (P1): 102 | Статус TX: READY | Трасса ORIGINS: [102]
[21:41:21 Msk] [TX_209] Фасилити: 14 | Интент: SYNC_SCROLLBAR_METRICS | Назначение (P1): 14 | Статус TX: READY | Трасса ORIGINS: [102]
[21:41:21 Msk] [TX_213] Фасилити: 14 | Интент: SCROLL_CONTENT_DOWN | Назначение (P1): 14 | Статус TX: READY | Трасса ORIGINS: [10]
[21:41:21 Msk] [TX_216] Фасилити: 108 | Интент: ADD_LOG_ENTRY | Назначение (P1): 108 | Статус TX: READY | Трасса ORIGINS: [102]
[21:41:21 Msk] [TX_217] Фасилити: 102 | Интент: INJECT_VFS_DATA | Назначение (P1): 102 | Статус TX: READY | Трасса ORIGINS: [102]
[21:41:21 Msk] [TX_219] Фасилити: 14 | Интент: SYNC_SCROLLBAR_METRICS | Назначение (P1): 14 | Статус TX: READY | Трасса ORIGINS: [102]
[21:41:21 Msk] [TX_223] Фасилити: 14 | Интент: SCROLL_CONTENT_UP | Назначение (P1): 14 | Статус TX: READY | Трасса ORIGINS: [10]
[21:41:21 Msk] [TX_226] Фасилити: 108 | Интент: ADD_LOG_ENTRY | Назначение (P1): 108 | Статус TX: READY | Трасса ORIGINS: [102]
[21:41:21 Msk] [TX_227] Фасилити: 102 | Интент: INJECT_VFS_DATA | Назначение (P1): 102 | Статус TX: READY | Трасса ORIGINS: [102]
[21:41:21 Msk] [TX_229] Фасилити: 14 | Интент: SYNC_SCROLLBAR_METRICS | Назначение (P1): 14 | Статус TX: READY | Трасса ORIGINS: [102]
[21:41:21 Msk] [TX_233] Фасилити: 14 | Интент: SCROLL_CONTENT_UP | Назначение (P1): 14 | Статус TX: READY | Трасса ORIGINS: [10]
[21:41:21 Msk] [TX_236] Фасилити: 108 | Интент: ADD_LOG_ENTRY | Назначение (P1): 108 | Статус TX: READY | Трасса ORIGINS: [102]
[21:41:21 Msk] [TX_237] Фасилити: 102 | Интент: INJECT_VFS_DATA | Назначение (P1): 102 | Статус TX: READY | Трасса ORIGINS: [102]
[21:41:21 Msk] [TX_239] Фасилити: 14 | Интент: SYNC_SCROLLBAR_METRICS | Назначение (P1): 14 | Статус TX: READY | Трасса ORIGINS: [102]
[21:41:23 Msk] [TX_243] Фасилити: 12 | Интент: TAB_CLICKED | Назначение (P1): 12 | Статус TX: READY | Трасса ORIGINS: [10]
[21:41:24 Msk] [TX_246] Фасилити: 12 | Интент: TAB_CLICKED | Назначение (P1): 12 | Статус TX: READY | Трасса ORIGINS: [10]
[21:41:24 Msk] [TX_247] Фасилити: 104 | Интент: KEYBOARD_MODIFIER_CHANGED | Назначение (P1): 104 | Статус TX: READY | Трасса ORIGINS: [10]
[21:41:24 Msk] [TX_248] Фасилити: 108 | Интент: ADD_LOG_ENTRY | Назначение (P1): 108 | Статус TX: READY | Трасса ORIGINS: [10]
[21:41:24 Msk] [TX_255] Фасилити: 12 | Интент: TAB_CLICKED | Назначение (P1): 12 | Статус TX: READY | Трасса ORIGINS: [10]
[21:41:26 Msk] [TX_258] Фасилити: 12 | Интент: TAB_CLICKED | Назначение (P1): 12 | Статус TX: READY | Трасса ORIGINS: [10]
[21:41:26 Msk] [TX_259] Фасилити: 104 | Интент: KEYBOARD_MODIFIER_CHANGED | Назначение (P1): 104 | Статус TX: READY | Трасса ORIGINS: [10]
[21:41:26 Msk] [TX_260] Фасилити: 108 | Интент: ADD_LOG_ENTRY | Назначение (P1): 108 | Статус TX: READY | Трасса ORIGINS: [10]
[21:43:01 Msk] [TX_3] Фасилити: 0 | Интент: init | Назначение (P1): 0 | Статус TX: READY | Трасса ORIGINS: []
[21:43:01 Msk] [TX_1] Фасилити: 9 | Интент: TRIGGER_RESIZE | Назначение (P1): 9 | Статус TX: READY | Трасса ORIGINS: []
[21:43:01 Msk] [TX_2] Фасилити: 11 | Интент: BOOT_LAYOUT_TREE | Назначение (P1): 11 | Статус TX: READY | Трасса ORIGINS: []
[21:43:01 Msk] [TX_6] Фасилити: 0 | Интент: SYNCHRONIZE_DYNAMIC_SLOT | Назначение (P1): 0 | Статус TX: READY | Трасса ORIGINS: [11]
[21:43:01 Msk] [TX_17] Фасилити: 12 | Интент: REGISTRATION_TAB_SPACE | Назначение (P1): 12 | Статус TX: READY | Трасса ORIGINS: []
[21:43:01 Msk] [TX_24] Фасилити: 14 | Интент: SYNC_SCROLLBAR_METRICS | Назначение (P1): 14 | Статус TX: READY | Трасса ORIGINS: [106]
[21:43:01 Msk] [TX_22] Фасилити: 108 | Интент: ADD_LOG_ENTRY | Назначение (P1): 108 | Статус TX: READY | Трасса ORIGINS: [1]
[21:43:01 Msk] [TX_35] Фасилити: 9 | Интент: INJECT_GEO_MAP | Назначение (P1): 9 | Статус TX: READY | Трасса ORIGINS: [9]
[21:43:01 Msk] [TX_27] Фасилити: 108 | Интент: ADD_LOG_ENTRY | Назначение (P1): 108 | Статус TX: READY | Трасса ORIGINS: [102]
[21:43:01 Msk] [TX_30] Фасилити: 103 | Интент: INJECT_VFS_DATA | Назначение (P1): 103 | Статус TX: READY | Трасса ORIGINS: [103]
[21:43:01 Msk] [TX_28] Фасилити: 102 | Интент: INJECT_VFS_DATA | Назначение (P1): 102 | Статус TX: READY | Трасса ORIGINS: [102]
[21:43:01 Msk] [TX_43] Фасилити: 14 | Интент: SYNC_SCROLLBAR_METRICS | Назначение (P1): 14 | Статус TX: READY | Трасса ORIGINS: [103]
[21:43:01 Msk] [TX_44] Фасилити: 14 | Интент: SYNC_SCROLLBAR_METRICS | Назначение (P1): 14 | Статус TX: READY | Трасса ORIGINS: [103]
[21:43:01 Msk] [TX_45] Фасилити: 14 | Интент: SYNC_SCROLLBAR_METRICS | Назначение (P1): 14 | Статус TX: READY | Трасса ORIGINS: [102]
[21:43:01 Msk] [TX_46] Фасилити: 14 | Интент: SYNC_SCROLLBAR_METRICS | Назначение (P1): 14 | Статус TX: READY | Трасса ORIGINS: [102]
[21:43:03 Msk] [TX_53] Фасилити: 14 | Интент: SCROLL_CONTENT_DOWN | Назначение (P1): 14 | Статус TX: READY | Трасса ORIGINS: [10]
[21:43:03 Msk] [TX_56] Фасилити: 108 | Интент: ADD_LOG_ENTRY | Назначение (P1): 108 | Статус TX: READY | Трасса ORIGINS: [102]
[21:43:03 Msk] [TX_57] Фасилити: 102 | Интент: INJECT_VFS_DATA | Назначение (P1): 102 | Статус TX: READY | Трасса ORIGINS: [102]
[21:43:03 Msk] [TX_59] Фасилити: 14 | Интент: SYNC_SCROLLBAR_METRICS | Назначение (P1): 14 | Статус TX: READY | Трасса ORIGINS: [102]
[21:43:03 Msk] [TX_63] Фасилити: 14 | Интент: SCROLL_CONTENT_DOWN | Назначение (P1): 14 | Статус TX: READY | Трасса ORIGINS: [10]
[21:43:03 Msk] [TX_66] Фасилити: 108 | Интент: ADD_LOG_ENTRY | Назначение (P1): 108 | Статус TX: READY | Трасса ORIGINS: [102]
[21:43:03 Msk] [TX_67] Фасилити: 102 | Интент: INJECT_VFS_DATA | Назначение (P1): 102 | Статус TX: READY | Трасса ORIGINS: [102]
[21:43:03 Msk] [TX_69] Фасилити: 14 | Интент: SYNC_SCROLLBAR_METRICS | Назначение (P1): 14 | Статус TX: READY | Трасса ORIGINS: [102]
[21:43:03 Msk] [TX_73] Фасилити: 14 | Интент: SCROLL_CONTENT_DOWN | Назначение (P1): 14 | Статус TX: READY | Трасса ORIGINS: [10]
[21:43:03 Msk] [TX_76] Фасилити: 108 | Интент: ADD_LOG_ENTRY | Назначение (P1): 108 | Статус TX: READY | Трасса ORIGINS: [102]
[21:43:03 Msk] [TX_77] Фасилити: 102 | Интент: INJECT_VFS_DATA | Назначение (P1): 102 | Статус TX: READY | Трасса ORIGINS: [102]
[21:43:03 Msk] [TX_79] Фасилити: 14 | Интент: SYNC_SCROLLBAR_METRICS | Назначение (P1): 14 | Статус TX: READY | Трасса ORIGINS: [102]
[21:43:03 Msk] [TX_83] Фасилити: 14 | Интент: SCROLL_CONTENT_DOWN | Назначение (P1): 14 | Статус TX: READY | Трасса ORIGINS: [10]
[21:43:03 Msk] [TX_86] Фасилити: 108 | Интент: ADD_LOG_ENTRY | Назначение (P1): 108 | Статус TX: READY | Трасса ORIGINS: [102]
[21:43:03 Msk] [TX_87] Фасилити: 102 | Интент: INJECT_VFS_DATA | Назначение (P1): 102 | Статус TX: READY | Трасса ORIGINS: [102]
[21:43:03 Msk] [TX_89] Фасилити: 14 | Интент: SYNC_SCROLLBAR_METRICS | Назначение (P1): 14 | Статус TX: READY | Трасса ORIGINS: [102]
[21:43:04 Msk] [TOP_GEN] Целевой Канал Шины: 0 | Интент: SET_SLOT_FOCUS | Конечная цель фокуса: 102
[21:43:04 Msk] [TX_94] Фасилити: 102 | Интент: MOUSE_CLICK | Назначение (P1): 102 | Статус TX: READY | Трасса ORIGINS: [10]
[21:43:04 Msk] [TX_93] Фасилити: 0 | Интент: SET_SLOT_FOCUS | Назначение (P1): 0 | Статус TX: READY | Трасса ORIGINS: [10]
[21:43:05 Msk] [TX_99] Фасилити: 14 | Интент: SCROLL_CONTENT_DOWN | Назначение (P1): 14 | Статус TX: READY | Трасса ORIGINS: [10]
[21:43:05 Msk] [TX_102] Фасилити: 108 | Интент: ADD_LOG_ENTRY | Назначение (P1): 108 | Статус TX: READY | Трасса ORIGINS: [102]
[21:43:05 Msk] [TX_103] Фасилити: 102 | Интент: INJECT_VFS_DATA | Назначение (P1): 102 | Статус TX: READY | Трасса ORIGINS: [102]
[21:43:05 Msk] [TX_105] Фасилити: 14 | Интент: SYNC_SCROLLBAR_METRICS | Назначение (P1): 14 | Статус TX: READY | Трасса ORIGINS: [102]
[21:43:05 Msk] [TX_109] Фасилити: 14 | Интент: SCROLL_CONTENT_DOWN | Назначение (P1): 14 | Статус TX: READY | Трасса ORIGINS: [10]
[21:43:05 Msk] [TX_112] Фасилити: 108 | Интент: ADD_LOG_ENTRY | Назначение (P1): 108 | Статус TX: READY | Трасса ORIGINS: [102]
[21:43:05 Msk] [TX_113] Фасилити: 102 | Интент: INJECT_VFS_DATA | Назначение (P1): 102 | Статус TX: READY | Трасса ORIGINS: [102]
[21:43:05 Msk] [TX_115] Фасилити: 14 | Интент: SYNC_SCROLLBAR_METRICS | Назначение (P1): 14 | Статус TX: READY | Трасса ORIGINS: [102]
[21:43:05 Msk] [TX_119] Фасилити: 14 | Интент: SCROLL_CONTENT_DOWN | Назначение (P1): 14 | Статус TX: READY | Трасса ORIGINS: [10]
[21:43:05 Msk] [TX_122] Фасилити: 108 | Интент: ADD_LOG_ENTRY | Назначение (P1): 108 | Статус TX: READY | Трасса ORIGINS: [102]
[21:43:05 Msk] [TX_123] Фасилити: 102 | Интент: INJECT_VFS_DATA | Назначение (P1): 102 | Статус TX: READY | Трасса ORIGINS: [102]
[21:43:05 Msk] [TX_125] Фасилити: 14 | Интент: SYNC_SCROLLBAR_METRICS | Назначение (P1): 14 | Статус TX: READY | Трасса ORIGINS: [102]
[21:43:05 Msk] [TX_129] Фасилити: 14 | Интент: SCROLL_CONTENT_UP | Назначение (P1): 14 | Статус TX: READY | Трасса ORIGINS: [10]
[21:43:05 Msk] [TX_132] Фасилити: 108 | Интент: ADD_LOG_ENTRY | Назначение (P1): 108 | Статус TX: READY | Трасса ORIGINS: [102]
[21:43:05 Msk] [TX_133] Фасилити: 102 | Интент: INJECT_VFS_DATA | Назначение (P1): 102 | Статус TX: READY | Трасса ORIGINS: [102]
[21:43:05 Msk] [TX_135] Фасилити: 14 | Интент: SYNC_SCROLLBAR_METRICS | Назначение (P1): 14 | Статус TX: READY | Трасса ORIGINS: [102]
[21:43:05 Msk] [TX_139] Фасилити: 14 | Интент: SCROLL_CONTENT_UP | Назначение (P1): 14 | Статус TX: READY | Трасса ORIGINS: [10]
[21:43:05 Msk] [TX_142] Фасилити: 108 | Интент: ADD_LOG_ENTRY | Назначение (P1): 108 | Статус TX: READY | Трасса ORIGINS: [102]
[21:43:05 Msk] [TX_143] Фасилити: 102 | Интент: INJECT_VFS_DATA | Назначение (P1): 102 | Статус TX: READY | Трасса ORIGINS: [102]
[21:43:05 Msk] [TX_145] Фасилити: 14 | Интент: SYNC_SCROLLBAR_METRICS | Назначение (P1): 14 | Статус TX: READY | Трасса ORIGINS: [102]
[21:43:05 Msk] [TX_149] Фасилити: 14 | Интент: SCROLL_CONTENT_UP | Назначение (P1): 14 | Статус TX: READY | Трасса ORIGINS: [10]
[21:43:05 Msk] [TX_152] Фасилити: 108 | Интент: ADD_LOG_ENTRY | Назначение (P1): 108 | Статус TX: READY | Трасса ORIGINS: [102]
[21:43:05 Msk] [TX_153] Фасилити: 102 | Интент: INJECT_VFS_DATA | Назначение (P1): 102 | Статус TX: READY | Трасса ORIGINS: [102]
[21:43:05 Msk] [TX_155] Фасилити: 14 | Интент: SYNC_SCROLLBAR_METRICS | Назначение (P1): 14 | Статус TX: READY | Трасса ORIGINS: [102]
[21:43:05 Msk] [TX_159] Фасилити: 14 | Интент: SCROLL_CONTENT_UP | Назначение (P1): 14 | Статус TX: READY | Трасса ORIGINS: [10]
[21:43:05 Msk] [TX_162] Фасилити: 108 | Интент: ADD_LOG_ENTRY | Назначение (P1): 108 | Статус TX: READY | Трасса ORIGINS: [102]
[21:43:05 Msk] [TX_163] Фасилити: 102 | Интент: INJECT_VFS_DATA | Назначение (P1): 102 | Статус TX: READY | Трасса ORIGINS: [102]
[21:43:05 Msk] [TX_165] Фасилити: 14 | Интент: SYNC_SCROLLBAR_METRICS | Назначение (P1): 14 | Статус TX: READY | Трасса ORIGINS: [102]
[21:43:06 Msk] [TX_169] Фасилити: 14 | Интент: SCROLL_CONTENT_DOWN | Назначение (P1): 14 | Статус TX: READY | Трасса ORIGINS: [10]
[21:43:06 Msk] [TX_172] Фасилити: 108 | Интент: ADD_LOG_ENTRY | Назначение (P1): 108 | Статус TX: READY | Трасса ORIGINS: [102]
[21:43:06 Msk] [TX_173] Фасилити: 102 | Интент: INJECT_VFS_DATA | Назначение (P1): 102 | Статус TX: READY | Трасса ORIGINS: [102]
[21:43:06 Msk] [TX_175] Фасилити: 14 | Интент: SYNC_SCROLLBAR_METRICS | Назначение (P1): 14 | Статус TX: READY | Трасса ORIGINS: [102]
[21:43:06 Msk] [TX_179] Фасилити: 14 | Интент: SCROLL_CONTENT_DOWN | Назначение (P1): 14 | Статус TX: READY | Трасса ORIGINS: [10]
[21:43:06 Msk] [TX_182] Фасилити: 108 | Интент: ADD_LOG_ENTRY | Назначение (P1): 108 | Статус TX: READY | Трасса ORIGINS: [102]
[21:43:06 Msk] [TX_183] Фасилити: 102 | Интент: INJECT_VFS_DATA | Назначение (P1): 102 | Статус TX: READY | Трасса ORIGINS: [102]
[21:43:06 Msk] [TX_185] Фасилити: 14 | Интент: SYNC_SCROLLBAR_METRICS | Назначение (P1): 14 | Статус TX: READY | Трасса ORIGINS: [102]
[21:43:06 Msk] [TX_189] Фасилити: 14 | Интент: SCROLL_CONTENT_DOWN | Назначение (P1): 14 | Статус TX: READY | Трасса ORIGINS: [10]
[21:43:06 Msk] [TX_192] Фасилити: 108 | Интент: ADD_LOG_ENTRY | Назначение (P1): 108 | Статус TX: READY | Трасса ORIGINS: [102]
[21:43:06 Msk] [TX_193] Фасилити: 102 | Интент: INJECT_VFS_DATA | Назначение (P1): 102 | Статус TX: READY | Трасса ORIGINS: [102]
[21:43:06 Msk] [TX_195] Фасилити: 14 | Интент: SYNC_SCROLLBAR_METRICS | Назначение (P1): 14 | Статус TX: READY | Трасса ORIGINS: [102]
[21:43:06 Msk] [TX_199] Фасилити: 14 | Интент: SCROLL_CONTENT_DOWN | Назначение (P1): 14 | Статус TX: READY | Трасса ORIGINS: [10]
[21:43:06 Msk] [TX_202] Фасилити: 108 | Интент: ADD_LOG_ENTRY | Назначение (P1): 108 | Статус TX: READY | Трасса ORIGINS: [102]
[21:43:06 Msk] [TX_203] Фасилити: 102 | Интент: INJECT_VFS_DATA | Назначение (P1): 102 | Статус TX: READY | Трасса ORIGINS: [102]
[21:43:06 Msk] [TX_205] Фасилити: 14 | Интент: SYNC_SCROLLBAR_METRICS | Назначение (P1): 14 | Статус TX: READY | Трасса ORIGINS: [102]
[21:43:06 Msk] [TX_209] Фасилити: 14 | Интент: SCROLL_CONTENT_UP | Назначение (P1): 14 | Статус TX: READY | Трасса ORIGINS: [10]
[21:43:06 Msk] [TX_212] Фасилити: 108 | Интент: ADD_LOG_ENTRY | Назначение (P1): 108 | Статус TX: READY | Трасса ORIGINS: [102]
[21:43:06 Msk] [TX_213] Фасилити: 102 | Интент: INJECT_VFS_DATA | Назначение (P1): 102 | Статус TX: READY | Трасса ORIGINS: [102]
[21:43:06 Msk] [TX_215] Фасилити: 14 | Интент: SYNC_SCROLLBAR_METRICS | Назначение (P1): 14 | Статус TX: READY | Трасса ORIGINS: [102]
[21:43:06 Msk] [TX_219] Фасилити: 14 | Интент: SCROLL_CONTENT_UP | Назначение (P1): 14 | Статус TX: READY | Трасса ORIGINS: [10]
[21:43:06 Msk] [TX_222] Фасилити: 108 | Интент: ADD_LOG_ENTRY | Назначение (P1): 108 | Статус TX: READY | Трасса ORIGINS: [102]
[21:43:06 Msk] [TX_223] Фасилити: 102 | Интент: INJECT_VFS_DATA | Назначение (P1): 102 | Статус TX: READY | Трасса ORIGINS: [102]
[21:43:06 Msk] [TX_225] Фасилити: 14 | Интент: SYNC_SCROLLBAR_METRICS | Назначение (P1): 14 | Статус TX: READY | Трасса ORIGINS: [102]
[21:43:06 Msk] [TX_229] Фасилити: 14 | Интент: SCROLL_CONTENT_UP | Назначение (P1): 14 | Статус TX: READY | Трасса ORIGINS: [10]
[21:43:06 Msk] [TX_232] Фасилити: 108 | Интент: ADD_LOG_ENTRY | Назначение (P1): 108 | Статус TX: READY | Трасса ORIGINS: [102]
[21:43:06 Msk] [TX_233] Фасилити: 102 | Интент: INJECT_VFS_DATA | Назначение (P1): 102 | Статус TX: READY | Трасса ORIGINS: [102]
[21:43:06 Msk] [TX_235] Фасилити: 14 | Интент: SYNC_SCROLLBAR_METRICS | Назначение (P1): 14 | Статус TX: READY | Трасса ORIGINS: [102]
[21:43:07 Msk] [TX_239] Фасилити: 12 | Интент: TAB_CLICKED | Назначение (P1): 12 | Статус TX: READY | Трасса ORIGINS: [10]
[21:43:07 Msk] [TX_242] Фасилити: 12 | Интент: TAB_CLICKED | Назначение (P1): 12 | Статус TX: READY | Трасса ORIGINS: [10]
[21:43:08 Msk] [TX_245] Фасилити: 12 | Интент: TAB_CLICKED | Назначение (P1): 12 | Статус TX: READY | Трасса ORIGINS: [10]
[21:43:08 Msk] [TX_246] Фасилити: 104 | Интент: KEYBOARD_MODIFIER_CHANGED | Назначение (P1): 104 | Статус TX: READY | Трасса ORIGINS: [10]
[21:43:08 Msk] [TX_247] Фасилити: 108 | Интент: ADD_LOG_ENTRY | Назначение (P1): 108 | Статус TX: READY | Трасса ORIGINS: [10]
[21:44:55 Msk] [TX_3] Фасилити: 0 | Интент: init | Назначение (P1): 0 | Статус TX: READY | Трасса ORIGINS: []
[21:44:55 Msk] [TX_1] Фасилити: 9 | Интент: TRIGGER_RESIZE | Назначение (P1): 9 | Статус TX: READY | Трасса ORIGINS: []
[21:44:55 Msk] [TX_2] Фасилити: 11 | Интент: BOOT_LAYOUT_TREE | Назначение (P1): 11 | Статус TX: READY | Трасса ORIGINS: []
[21:44:55 Msk] [TX_6] Фасилити: 0 | Интент: SYNCHRONIZE_DYNAMIC_SLOT | Назначение (P1): 0 | Статус TX: READY | Трасса ORIGINS: [11]
[21:44:55 Msk] [TX_17] Фасилити: 12 | Интент: REGISTRATION_TAB_SPACE | Назначение (P1): 12 | Статус TX: READY | Трасса ORIGINS: []
[21:44:55 Msk] [TX_24] Фасилити: 14 | Интент: SYNC_SCROLLBAR_METRICS | Назначение (P1): 14 | Статус TX: READY | Трасса ORIGINS: [106]
[21:44:55 Msk] [TX_22] Фасилити: 108 | Интент: ADD_LOG_ENTRY | Назначение (P1): 108 | Статус TX: READY | Трасса ORIGINS: [1]
[21:44:55 Msk] [TX_35] Фасилити: 9 | Интент: INJECT_GEO_MAP | Назначение (P1): 9 | Статус TX: READY | Трасса ORIGINS: [9]
[21:44:55 Msk] [TX_27] Фасилити: 108 | Интент: ADD_LOG_ENTRY | Назначение (P1): 108 | Статус TX: READY | Трасса ORIGINS: [102]
[21:44:55 Msk] [TX_30] Фасилити: 103 | Интент: INJECT_VFS_DATA | Назначение (P1): 103 | Статус TX: READY | Трасса ORIGINS: [103]
[21:44:55 Msk] [TX_28] Фасилити: 102 | Интент: INJECT_VFS_DATA | Назначение (P1): 102 | Статус TX: READY | Трасса ORIGINS: [102]
[21:44:55 Msk] [TX_43] Фасилити: 14 | Интент: SYNC_SCROLLBAR_METRICS | Назначение (P1): 14 | Статус TX: READY | Трасса ORIGINS: [103]
[21:44:55 Msk] [TX_44] Фасилити: 14 | Интент: SYNC_SCROLLBAR_METRICS | Назначение (P1): 14 | Статус TX: READY | Трасса ORIGINS: [103]
[21:44:55 Msk] [TX_45] Фасилити: 14 | Интент: SYNC_SCROLLBAR_METRICS | Назначение (P1): 14 | Статус TX: READY | Трасса ORIGINS: [102]
[21:44:55 Msk] [TX_46] Фасилити: 14 | Интент: SYNC_SCROLLBAR_METRICS | Назначение (P1): 14 | Статус TX: READY | Трасса ORIGINS: [102]
[21:44:57 Msk] [TOP_GEN] Целевой Канал Шины: 0 | Интент: SET_SLOT_FOCUS | Конечная цель фокуса: 102
[21:44:57 Msk] [TX_54] Фасилити: 102 | Интент: MOUSE_CLICK | Назначение (P1): 102 | Статус TX: READY | Трасса ORIGINS: [10]
[21:44:57 Msk] [TX_53] Фасилити: 0 | Интент: SET_SLOT_FOCUS | Назначение (P1): 0 | Статус TX: READY | Трасса ORIGINS: [10]
[21:44:57 Msk] [TX_59] Фасилити: 14 | Интент: SCROLL_CONTENT_DOWN | Назначение (P1): 14 | Статус TX: READY | Трасса ORIGINS: [10]
[21:44:57 Msk] [TX_62] Фасилити: 108 | Интент: ADD_LOG_ENTRY | Назначение (P1): 108 | Статус TX: READY | Трасса ORIGINS: [102]
[21:44:57 Msk] [TX_63] Фасилити: 102 | Интент: INJECT_VFS_DATA | Назначение (P1): 102 | Статус TX: READY | Трасса ORIGINS: [102]
[21:44:57 Msk] [TX_65] Фасилити: 14 | Интент: SYNC_SCROLLBAR_METRICS | Назначение (P1): 14 | Статус TX: READY | Трасса ORIGINS: [102]
[21:44:57 Msk] [TX_69] Фасилити: 14 | Интент: SCROLL_CONTENT_DOWN | Назначение (P1): 14 | Статус TX: READY | Трасса ORIGINS: [10]
[21:44:57 Msk] [TX_75] Фасилити: 14 | Интент: SCROLL_CONTENT_DOWN | Назначение (P1): 14 | Статус TX: READY | Трасса ORIGINS: [10]
[21:44:57 Msk] [TX_72] Фасилити: 108 | Интент: ADD_LOG_ENTRY | Назначение (P1): 108 | Статус TX: READY | Трасса ORIGINS: [102]
[21:44:57 Msk] [TX_73] Фасилити: 102 | Интент: INJECT_VFS_DATA | Назначение (P1): 102 | Статус TX: READY | Трасса ORIGINS: [102]
[21:44:57 Msk] [TX_78] Фасилити: 14 | Интент: SYNC_SCROLLBAR_METRICS | Назначение (P1): 14 | Статус TX: READY | Трасса ORIGINS: [102]
[21:44:57 Msk] [TX_81] Фасилити: 108 | Интент: ADD_LOG_ENTRY | Назначение (P1): 108 | Статус TX: READY | Трасса ORIGINS: [102]
[21:44:57 Msk] [TX_82] Фасилити: 102 | Интент: INJECT_VFS_DATA | Назначение (P1): 102 | Статус TX: READY | Трасса ORIGINS: [102]
[21:44:57 Msk] [TX_84] Фасилити: 14 | Интент: SYNC_SCROLLBAR_METRICS | Назначение (P1): 14 | Статус TX: READY | Трасса ORIGINS: [102]
[21:44:57 Msk] [TX_88] Фасилити: 14 | Интент: SCROLL_CONTENT_DOWN | Назначение (P1): 14 | Статус TX: READY | Трасса ORIGINS: [10]
[21:44:57 Msk] [TX_91] Фасилити: 108 | Интент: ADD_LOG_ENTRY | Назначение (P1): 108 | Статус TX: READY | Трасса ORIGINS: [102]
[21:44:57 Msk] [TX_92] Фасилити: 102 | Интент: INJECT_VFS_DATA | Назначение (P1): 102 | Статус TX: READY | Трасса ORIGINS: [102]
[21:44:57 Msk] [TX_94] Фасилити: 14 | Интент: SYNC_SCROLLBAR_METRICS | Назначение (P1): 14 | Статус TX: READY | Трасса ORIGINS: [102]
[21:44:57 Msk] [TX_98] Фасилити: 14 | Интент: SCROLL_CONTENT_DOWN | Назначение (P1): 14 | Статус TX: READY | Трасса ORIGINS: [10]
[21:44:57 Msk] [TX_101] Фасилити: 108 | Интент: ADD_LOG_ENTRY | Назначение (P1): 108 | Статус TX: READY | Трасса ORIGINS: [102]
[21:44:57 Msk] [TX_102] Фасилити: 102 | Интент: INJECT_VFS_DATA | Назначение (P1): 102 | Статус TX: READY | Трасса ORIGINS: [102]
[21:44:57 Msk] [TX_104] Фасилити: 14 | Интент: SYNC_SCROLLBAR_METRICS | Назначение (P1): 14 | Статус TX: READY | Трасса ORIGINS: [102]
[21:44:57 Msk] [TX_108] Фасилити: 14 | Интент: SCROLL_CONTENT_UP | Назначение (P1): 14 | Статус TX: READY | Трасса ORIGINS: [10]
[21:44:57 Msk] [TX_111] Фасилити: 108 | Интент: ADD_LOG_ENTRY | Назначение (P1): 108 | Статус TX: READY | Трасса ORIGINS: [102]
[21:44:57 Msk] [TX_112] Фасилити: 102 | Интент: INJECT_VFS_DATA | Назначение (P1): 102 | Статус TX: READY | Трасса ORIGINS: [102]
[21:44:57 Msk] [TX_114] Фасилити: 14 | Интент: SYNC_SCROLLBAR_METRICS | Назначение (P1): 14 | Статус TX: READY | Трасса ORIGINS: [102]
[21:44:57 Msk] [TX_118] Фасилити: 14 | Интент: SCROLL_CONTENT_UP | Назначение (P1): 14 | Статус TX: READY | Трасса ORIGINS: [10]
[21:44:57 Msk] [TX_124] Фасилити: 14 | Интент: SCROLL_CONTENT_UP | Назначение (P1): 14 | Статус TX: READY | Трасса ORIGINS: [10]
[21:44:57 Msk] [TX_121] Фасилити: 108 | Интент: ADD_LOG_ENTRY | Назначение (P1): 108 | Статус TX: READY | Трасса ORIGINS: [102]
[21:44:57 Msk] [TX_122] Фасилити: 102 | Интент: INJECT_VFS_DATA | Назначение (P1): 102 | Статус TX: READY | Трасса ORIGINS: [102]
[21:44:57 Msk] [TX_127] Фасилити: 14 | Интент: SYNC_SCROLLBAR_METRICS | Назначение (P1): 14 | Статус TX: READY | Трасса ORIGINS: [102]
[21:44:57 Msk] [TX_133] Фасилити: 14 | Интент: SCROLL_CONTENT_UP | Назначение (P1): 14 | Статус TX: READY | Трасса ORIGINS: [10]
[21:44:57 Msk] [TX_130] Фасилити: 108 | Интент: ADD_LOG_ENTRY | Назначение (P1): 108 | Статус TX: READY | Трасса ORIGINS: [102]
[21:44:57 Msk] [TX_131] Фасилити: 102 | Интент: INJECT_VFS_DATA | Назначение (P1): 102 | Статус TX: READY | Трасса ORIGINS: [102]
[21:44:57 Msk] [TX_136] Фасилити: 14 | Интент: SYNC_SCROLLBAR_METRICS | Назначение (P1): 14 | Статус TX: READY | Трасса ORIGINS: [102]
[21:44:57 Msk] [TX_142] Фасилити: 14 | Интент: SCROLL_CONTENT_UP | Назначение (P1): 14 | Статус TX: READY | Трасса ORIGINS: [10]
[21:44:57 Msk] [TX_139] Фасилити: 108 | Интент: ADD_LOG_ENTRY | Назначение (P1): 108 | Статус TX: READY | Трасса ORIGINS: [102]
[21:44:57 Msk] [TX_140] Фасилити: 102 | Интент: INJECT_VFS_DATA | Назначение (P1): 102 | Статус TX: READY | Трасса ORIGINS: [102]
[21:44:57 Msk] [TX_145] Фасилити: 14 | Интент: SYNC_SCROLLBAR_METRICS | Назначение (P1): 14 | Статус TX: READY | Трасса ORIGINS: [102]
[21:44:57 Msk] [TX_148] Фасилити: 108 | Интент: ADD_LOG_ENTRY | Назначение (P1): 108 | Статус TX: READY | Трасса ORIGINS: [102]
[21:44:57 Msk] [TX_149] Фасилити: 102 | Интент: INJECT_VFS_DATA | Назначение (P1): 102 | Статус TX: READY | Трасса ORIGINS: [102]
[21:44:57 Msk] [TX_151] Фасилити: 14 | Интент: SYNC_SCROLLBAR_METRICS | Назначение (P1): 14 | Статус TX: READY | Трасса ORIGINS: [102]
[21:44:57 Msk] [TX_155] Фасилити: 14 | Интент: SCROLL_CONTENT_UP | Назначение (P1): 14 | Статус TX: READY | Трасса ORIGINS: [10]
[21:44:57 Msk] [TX_158] Фасилити: 14 | Интент: SCROLL_CONTENT_DOWN | Назначение (P1): 14 | Статус TX: READY | Трасса ORIGINS: [10]
[21:44:57 Msk] [TX_161] Фасилити: 108 | Интент: ADD_LOG_ENTRY | Назначение (P1): 108 | Статус TX: READY | Трасса ORIGINS: [102]
[21:44:57 Msk] [TX_162] Фасилити: 102 | Интент: INJECT_VFS_DATA | Назначение (P1): 102 | Статус TX: READY | Трасса ORIGINS: [102]
[21:44:57 Msk] [TX_164] Фасилити: 14 | Интент: SYNC_SCROLLBAR_METRICS | Назначение (P1): 14 | Статус TX: READY | Трасса ORIGINS: [102]
[21:44:57 Msk] [TX_169] Фасилити: 14 | Интент: SCROLL_CONTENT_DOWN | Назначение (P1): 14 | Статус TX: READY | Трасса ORIGINS: [10]
[21:44:57 Msk] [TX_179] Фасилити: 14 | Интент: SCROLL_CONTENT_DOWN | Назначение (P1): 14 | Статус TX: READY | Трасса ORIGINS: [10]
[21:44:57 Msk] [TX_174] Фасилити: 108 | Интент: ADD_LOG_ENTRY | Назначение (P1): 108 | Статус TX: READY | Трасса ORIGINS: [102]
[21:44:57 Msk] [TX_175] Фасилити: 102 | Интент: INJECT_VFS_DATA | Назначение (P1): 102 | Статус TX: READY | Трасса ORIGINS: [102]
[21:44:57 Msk] [TX_183] Фасилити: 14 | Интент: SYNC_SCROLLBAR_METRICS | Назначение (P1): 14 | Статус TX: READY | Трасса ORIGINS: [102]
[21:44:57 Msk] [TX_184] Фасилити: 14 | Интент: SYNC_SCROLLBAR_METRICS | Назначение (P1): 14 | Статус TX: READY | Трасса ORIGINS: [102]
[21:44:57 Msk] [TX_188] Фасилити: 108 | Интент: ADD_LOG_ENTRY | Назначение (P1): 108 | Статус TX: READY | Трасса ORIGINS: [102]
[21:44:57 Msk] [TX_189] Фасилити: 102 | Интент: INJECT_VFS_DATA | Назначение (P1): 102 | Статус TX: READY | Трасса ORIGINS: [102]
[21:44:57 Msk] [TX_191] Фасилити: 14 | Интент: SYNC_SCROLLBAR_METRICS | Назначение (P1): 14 | Статус TX: READY | Трасса ORIGINS: [102]
[21:44:57 Msk] [TX_195] Фасилити: 14 | Интент: SCROLL_CONTENT_DOWN | Назначение (P1): 14 | Статус TX: READY | Трасса ORIGINS: [10]
[21:44:57 Msk] [TX_198] Фасилити: 108 | Интент: ADD_LOG_ENTRY | Назначение (P1): 108 | Статус TX: READY | Трасса ORIGINS: [102]
[21:44:57 Msk] [TX_199] Фасилити: 102 | Интент: INJECT_VFS_DATA | Назначение (P1): 102 | Статус TX: READY | Трасса ORIGINS: [102]
[21:44:57 Msk] [TX_201] Фасилити: 14 | Интент: SYNC_SCROLLBAR_METRICS | Назначение (P1): 14 | Статус TX: READY | Трасса ORIGINS: [102]
[21:44:59 Msk] [TX_205] Фасилити: 12 | Интент: TAB_CLICKED | Назначение (P1): 12 | Статус TX: READY | Трасса ORIGINS: [10]
[21:44:59 Msk] [TX_208] Фасилити: 14 | Интент: SCROLL_CONTENT_DOWN | Назначение (P1): 14 | Статус TX: READY | Трасса ORIGINS: [10]
[21:44:59 Msk] [TX_211] Фасилити: 108 | Интент: ADD_LOG_ENTRY | Назначение (P1): 108 | Статус TX: READY | Трасса ORIGINS: [102]
[21:44:59 Msk] [TX_212] Фасилити: 102 | Интент: INJECT_VFS_DATA | Назначение (P1): 102 | Статус TX: READY | Трасса ORIGINS: [102]
[21:44:59 Msk] [TX_214] Фасилити: 14 | Интент: SYNC_SCROLLBAR_METRICS | Назначение (P1): 14 | Статус TX: READY | Трасса ORIGINS: [102]
[21:44:59 Msk] [TX_218] Фасилити: 14 | Интент: SCROLL_CONTENT_DOWN | Назначение (P1): 14 | Статус TX: READY | Трасса ORIGINS: [10]
[21:44:59 Msk] [TX_221] Фасилити: 108 | Интент: ADD_LOG_ENTRY | Назначение (P1): 108 | Статус TX: READY | Трасса ORIGINS: [102]
[21:44:59 Msk] [TX_222] Фасилити: 102 | Интент: INJECT_VFS_DATA | Назначение (P1): 102 | Статус TX: READY | Трасса ORIGINS: [102]
[21:44:59 Msk] [TX_224] Фасилити: 14 | Интент: SYNC_SCROLLBAR_METRICS | Назначение (P1): 14 | Статус TX: READY | Трасса ORIGINS: [102]
[21:44:59 Msk] [TX_228] Фасилити: 14 | Интент: SCROLL_CONTENT_DOWN | Назначение (P1): 14 | Статус TX: READY | Трасса ORIGINS: [10]
[21:44:59 Msk] [TX_231] Фасилити: 108 | Интент: ADD_LOG_ENTRY | Назначение (P1): 108 | Статус TX: READY | Трасса ORIGINS: [102]
[21:44:59 Msk] [TX_232] Фасилити: 102 | Интент: INJECT_VFS_DATA | Назначение (P1): 102 | Статус TX: READY | Трасса ORIGINS: [102]
[21:44:59 Msk] [TX_234] Фасилити: 14 | Интент: SYNC_SCROLLBAR_METRICS | Назначение (P1): 14 | Статус TX: READY | Трасса ORIGINS: [102]
[21:44:59 Msk] [TX_238] Фасилити: 14 | Интент: SCROLL_CONTENT_UP | Назначение (P1): 14 | Статус TX: READY | Трасса ORIGINS: [10]
[21:44:59 Msk] [TX_241] Фасилити: 108 | Интент: ADD_LOG_ENTRY | Назначение (P1): 108 | Статус TX: READY | Трасса ORIGINS: [102]
[21:44:59 Msk] [TX_242] Фасилити: 102 | Интент: INJECT_VFS_DATA | Назначение (P1): 102 | Статус TX: READY | Трасса ORIGINS: [102]
[21:44:59 Msk] [TX_244] Фасилити: 14 | Интент: SYNC_SCROLLBAR_METRICS | Назначение (P1): 14 | Статус TX: READY | Трасса ORIGINS: [102]
[21:45:00 Msk] [TX_248] Фасилити: 12 | Интент: TAB_CLICKED | Назначение (P1): 12 | Статус TX: READY | Трасса ORIGINS: [10]
[21:45:00 Msk] [TX_249] Фасилити: 104 | Интент: KEYBOARD_MODIFIER_CHANGED | Назначение (P1): 104 | Статус TX: READY | Трасса ORIGINS: [10]
[21:45:00 Msk] [TX_250] Фасилити: 108 | Интент: ADD_LOG_ENTRY | Назначение (P1): 108 | Статус TX: READY | Трасса ORIGINS: [10]
[21:45:01 Msk] [TX_257] Фасилити: 12 | Интент: TAB_CLICKED | Назначение (P1): 12 | Статус TX: READY | Трасса ORIGINS: [10]
[21:45:01 Msk] [TX_260] Фасилити: 104 | Интент: ROTATE_STACK_DOWN | Назначение (P1): 104 | Статус TX: READY | Трасса ORIGINS: [10]
[21:45:01 Msk] [TX_263] Фасилити: 104 | Интент: ROTATE_STACK_DOWN | Назначение (P1): 104 | Статус TX: READY | Трасса ORIGINS: [10]
[21:45:01 Msk] [TX_266] Фасилити: 104 | Интент: ROTATE_STACK_DOWN | Назначение (P1): 104 | Статус TX: READY | Трасса ORIGINS: [10]
[21:45:01 Msk] [TX_269] Фасилити: 104 | Интент: ROTATE_STACK_DOWN | Назначение (P1): 104 | Статус TX: READY | Трасса ORIGINS: [10]
[21:45:01 Msk] [TX_272] Фасилити: 104 | Интент: ROTATE_STACK_DOWN | Назначение (P1): 104 | Статус TX: READY | Трасса ORIGINS: [10]
[21:45:01 Msk] [TX_275] Фасилити: 104 | Интент: ROTATE_STACK_UP | Назначение (P1): 104 | Статус TX: READY | Трасса ORIGINS: [10]
[21:45:01 Msk] [TX_278] Фасилити: 104 | Интент: ROTATE_STACK_UP | Назначение (P1): 104 | Статус TX: READY | Трасса ORIGINS: [10]
[21:45:01 Msk] [TX_281] Фасилити: 104 | Интент: ROTATE_STACK_UP | Назначение (P1): 104 | Статус TX: READY | Трасса ORIGINS: [10]
[21:45:01 Msk] [TX_284] Фасилити: 104 | Интент: ROTATE_STACK_UP | Назначение (P1): 104 | Статус TX: READY | Трасса ORIGINS: [10]
[21:45:01 Msk] [TX_287] Фасилити: 104 | Интент: ROTATE_STACK_DOWN | Назначение (P1): 104 | Статус TX: READY | Трасса ORIGINS: [10]
[21:45:01 Msk] [TX_290] Фасилити: 104 | Интент: ROTATE_STACK_DOWN | Назначение (P1): 104 | Статус TX: READY | Трасса ORIGINS: [10]
[21:47:16 Msk] [TX_3] Фасилити: 0 | Интент: init | Назначение (P1): 0 | Статус TX: READY | Трасса ORIGINS: []
[21:47:16 Msk] [TX_1] Фасилити: 9 | Интент: TRIGGER_RESIZE | Назначение (P1): 9 | Статус TX: READY | Трасса ORIGINS: []
[21:47:16 Msk] [TX_2] Фасилити: 11 | Интент: BOOT_LAYOUT_TREE | Назначение (P1): 11 | Статус TX: READY | Трасса ORIGINS: []
[21:47:16 Msk] [TX_6] Фасилити: 0 | Интент: SYNCHRONIZE_DYNAMIC_SLOT | Назначение (P1): 0 | Статус TX: READY | Трасса ORIGINS: [11]
[21:47:16 Msk] [TX_17] Фасилити: 12 | Интент: REGISTRATION_TAB_SPACE | Назначение (P1): 12 | Статус TX: READY | Трасса ORIGINS: []
[21:47:16 Msk] [TX_24] Фасилити: 14 | Интент: SYNC_SCROLLBAR_METRICS | Назначение (P1): 14 | Статус TX: READY | Трасса ORIGINS: [106]
[21:47:16 Msk] [TX_22] Фасилити: 108 | Интент: ADD_LOG_ENTRY | Назначение (P1): 108 | Статус TX: READY | Трасса ORIGINS: [1]
[21:47:16 Msk] [TX_35] Фасилити: 9 | Интент: INJECT_GEO_MAP | Назначение (P1): 9 | Статус TX: READY | Трасса ORIGINS: [9]
[21:47:16 Msk] [TX_27] Фасилити: 108 | Интент: ADD_LOG_ENTRY | Назначение (P1): 108 | Статус TX: READY | Трасса ORIGINS: [102]
[21:47:16 Msk] [TX_30] Фасилити: 103 | Интент: INJECT_VFS_DATA | Назначение (P1): 103 | Статус TX: READY | Трасса ORIGINS: [103]
[21:47:16 Msk] [TX_28] Фасилити: 102 | Интент: INJECT_VFS_DATA | Назначение (P1): 102 | Статус TX: READY | Трасса ORIGINS: [102]
[21:47:16 Msk] [TX_43] Фасилити: 14 | Интент: SYNC_SCROLLBAR_METRICS | Назначение (P1): 14 | Статус TX: READY | Трасса ORIGINS: [103]
[21:47:16 Msk] [TX_44] Фасилити: 14 | Интент: SYNC_SCROLLBAR_METRICS | Назначение (P1): 14 | Статус TX: READY | Трасса ORIGINS: [103]
[21:47:16 Msk] [TX_45] Фасилити: 14 | Интент: SYNC_SCROLLBAR_METRICS | Назначение (P1): 14 | Статус TX: READY | Трасса ORIGINS: [102]
[21:47:16 Msk] [TX_46] Фасилити: 14 | Интент: SYNC_SCROLLBAR_METRICS | Назначение (P1): 14 | Статус TX: READY | Трасса ORIGINS: [102]
[21:47:17 Msk] [TX_53] Фасилити: 14 | Интент: SCROLL_CONTENT_UP | Назначение (P1): 14 | Статус TX: READY | Трасса ORIGINS: [10]
[21:47:18 Msk] [TX_56] Фасилити: 14 | Интент: SCROLL_CONTENT_UP | Назначение (P1): 14 | Статус TX: READY | Трасса ORIGINS: [10]
[21:47:18 Msk] [TOP_GEN] Целевой Канал Шины: 0 | Интент: SET_SLOT_FOCUS | Конечная цель фокуса: 102
[21:47:18 Msk] [TX_60] Фасилити: 102 | Интент: MOUSE_CLICK | Назначение (P1): 102 | Статус TX: READY | Трасса ORIGINS: [10]
[21:47:18 Msk] [TX_59] Фасилити: 0 | Интент: SET_SLOT_FOCUS | Назначение (P1): 0 | Статус TX: READY | Трасса ORIGINS: [10]
[21:47:19 Msk] [TX_65] Фасилити: 14 | Интент: SCROLL_CONTENT_DOWN | Назначение (P1): 14 | Статус TX: READY | Трасса ORIGINS: [10]
[21:47:19 Msk] [TX_68] Фасилити: 108 | Интент: ADD_LOG_ENTRY | Назначение (P1): 108 | Статус TX: READY | Трасса ORIGINS: [102]
[21:47:19 Msk] [TX_69] Фасилити: 102 | Интент: INJECT_VFS_DATA | Назначение (P1): 102 | Статус TX: READY | Трасса ORIGINS: [102]
[21:47:19 Msk] [TX_71] Фасилити: 14 | Интент: SYNC_SCROLLBAR_METRICS | Назначение (P1): 14 | Статус TX: READY | Трасса ORIGINS: [102]
[21:47:19 Msk] [TX_75] Фасилити: 14 | Интент: SCROLL_CONTENT_DOWN | Назначение (P1): 14 | Статус TX: READY | Трасса ORIGINS: [10]
[21:47:19 Msk] [TX_78] Фасилити: 108 | Интент: ADD_LOG_ENTRY | Назначение (P1): 108 | Статус TX: READY | Трасса ORIGINS: [102]
[21:47:19 Msk] [TX_79] Фасилити: 102 | Интент: INJECT_VFS_DATA | Назначение (P1): 102 | Статус TX: READY | Трасса ORIGINS: [102]
[21:47:19 Msk] [TX_81] Фасилити: 14 | Интент: SYNC_SCROLLBAR_METRICS | Назначение (P1): 14 | Статус TX: READY | Трасса ORIGINS: [102]
[21:47:19 Msk] [TX_85] Фасилити: 14 | Интент: SCROLL_CONTENT_DOWN | Назначение (P1): 14 | Статус TX: READY | Трасса ORIGINS: [10]
[21:47:19 Msk] [TX_88] Фасилити: 108 | Интент: ADD_LOG_ENTRY | Назначение (P1): 108 | Статус TX: READY | Трасса ORIGINS: [102]
[21:47:19 Msk] [TX_89] Фасилити: 102 | Интент: INJECT_VFS_DATA | Назначение (P1): 102 | Статус TX: READY | Трасса ORIGINS: [102]
[21:47:19 Msk] [TX_91] Фасилити: 14 | Интент: SYNC_SCROLLBAR_METRICS | Назначение (P1): 14 | Статус TX: READY | Трасса ORIGINS: [102]
[21:47:19 Msk] [TX_95] Фасилити: 14 | Интент: SCROLL_CONTENT_DOWN | Назначение (P1): 14 | Статус TX: READY | Трасса ORIGINS: [10]
[21:47:19 Msk] [TX_98] Фасилити: 108 | Интент: ADD_LOG_ENTRY | Назначение (P1): 108 | Статус TX: READY | Трасса ORIGINS: [102]
[21:47:19 Msk] [TX_99] Фасилити: 102 | Интент: INJECT_VFS_DATA | Назначение (P1): 102 | Статус TX: READY | Трасса ORIGINS: [102]
[21:47:19 Msk] [TX_101] Фасилити: 14 | Интент: SYNC_SCROLLBAR_METRICS | Назначение (P1): 14 | Статус TX: READY | Трасса ORIGINS: [102]
[21:47:19 Msk] [TX_105] Фасилити: 14 | Интент: SCROLL_CONTENT_UP | Назначение (P1): 14 | Статус TX: READY | Трасса ORIGINS: [10]
[21:47:19 Msk] [TX_108] Фасилити: 108 | Интент: ADD_LOG_ENTRY | Назначение (P1): 108 | Статус TX: READY | Трасса ORIGINS: [102]
[21:47:19 Msk] [TX_109] Фасилити: 102 | Интент: INJECT_VFS_DATA | Назначение (P1): 102 | Статус TX: READY | Трасса ORIGINS: [102]
[21:47:19 Msk] [TX_111] Фасилити: 14 | Интент: SYNC_SCROLLBAR_METRICS | Назначение (P1): 14 | Статус TX: READY | Трасса ORIGINS: [102]
[21:47:19 Msk] [TX_115] Фасилити: 14 | Интент: SCROLL_CONTENT_UP | Назначение (P1): 14 | Статус TX: READY | Трасса ORIGINS: [10]
[21:47:19 Msk] [TX_118] Фасилити: 108 | Интент: ADD_LOG_ENTRY | Назначение (P1): 108 | Статус TX: READY | Трасса ORIGINS: [102]
[21:47:19 Msk] [TX_119] Фасилити: 102 | Интент: INJECT_VFS_DATA | Назначение (P1): 102 | Статус TX: READY | Трасса ORIGINS: [102]
[21:47:19 Msk] [TX_121] Фасилити: 14 | Интент: SYNC_SCROLLBAR_METRICS | Назначение (P1): 14 | Статус TX: READY | Трасса ORIGINS: [102]
[21:47:19 Msk] [TX_125] Фасилити: 14 | Интент: SCROLL_CONTENT_UP | Назначение (P1): 14 | Статус TX: READY | Трасса ORIGINS: [10]
[21:47:19 Msk] [TX_128] Фасилити: 108 | Интент: ADD_LOG_ENTRY | Назначение (P1): 108 | Статус TX: READY | Трасса ORIGINS: [102]
[21:47:19 Msk] [TX_129] Фасилити: 102 | Интент: INJECT_VFS_DATA | Назначение (P1): 102 | Статус TX: READY | Трасса ORIGINS: [102]
[21:47:19 Msk] [TX_131] Фасилити: 14 | Интент: SYNC_SCROLLBAR_METRICS | Назначение (P1): 14 | Статус TX: READY | Трасса ORIGINS: [102]
[21:47:19 Msk] [TX_135] Фасилити: 14 | Интент: SCROLL_CONTENT_UP | Назначение (P1): 14 | Статус TX: READY | Трасса ORIGINS: [10]
[21:47:19 Msk] [TX_138] Фасилити: 108 | Интент: ADD_LOG_ENTRY | Назначение (P1): 108 | Статус TX: READY | Трасса ORIGINS: [102]
[21:47:19 Msk] [TX_139] Фасилити: 102 | Интент: INJECT_VFS_DATA | Назначение (P1): 102 | Статус TX: READY | Трасса ORIGINS: [102]
[21:47:19 Msk] [TX_141] Фасилити: 14 | Интент: SYNC_SCROLLBAR_METRICS | Назначение (P1): 14 | Статус TX: READY | Трасса ORIGINS: [102]
[21:47:19 Msk] [TX_145] Фасилити: 14 | Интент: SCROLL_CONTENT_DOWN | Назначение (P1): 14 | Статус TX: READY | Трасса ORIGINS: [10]
[21:47:19 Msk] [TX_148] Фасилити: 108 | Интент: ADD_LOG_ENTRY | Назначение (P1): 108 | Статус TX: READY | Трасса ORIGINS: [102]
[21:47:19 Msk] [TX_149] Фасилити: 102 | Интент: INJECT_VFS_DATA | Назначение (P1): 102 | Статус TX: READY | Трасса ORIGINS: [102]
[21:47:19 Msk] [TX_151] Фасилити: 14 | Интент: SYNC_SCROLLBAR_METRICS | Назначение (P1): 14 | Статус TX: READY | Трасса ORIGINS: [102]
[21:47:19 Msk] [TX_155] Фасилити: 14 | Интент: SCROLL_CONTENT_DOWN | Назначение (P1): 14 | Статус TX: READY | Трасса ORIGINS: [10]
[21:47:19 Msk] [TX_158] Фасилити: 108 | Интент: ADD_LOG_ENTRY | Назначение (P1): 108 | Статус TX: READY | Трасса ORIGINS: [102]
[21:47:19 Msk] [TX_159] Фасилити: 102 | Интент: INJECT_VFS_DATA | Назначение (P1): 102 | Статус TX: READY | Трасса ORIGINS: [102]
[21:47:19 Msk] [TX_161] Фасилити: 14 | Интент: SYNC_SCROLLBAR_METRICS | Назначение (P1): 14 | Статус TX: READY | Трасса ORIGINS: [102]
[21:47:19 Msk] [TX_165] Фасилити: 14 | Интент: SCROLL_CONTENT_DOWN | Назначение (P1): 14 | Статус TX: READY | Трасса ORIGINS: [10]
[21:47:19 Msk] [TX_168] Фасилити: 108 | Интент: ADD_LOG_ENTRY | Назначение (P1): 108 | Статус TX: READY | Трасса ORIGINS: [102]
[21:47:19 Msk] [TX_169] Фасилити: 102 | Интент: INJECT_VFS_DATA | Назначение (P1): 102 | Статус TX: READY | Трасса ORIGINS: [102]
[21:47:19 Msk] [TX_171] Фасилити: 14 | Интент: SYNC_SCROLLBAR_METRICS | Назначение (P1): 14 | Статус TX: READY | Трасса ORIGINS: [102]
[21:47:20 Msk] [TX_175] Фасилити: 12 | Интент: TAB_CLICKED | Назначение (P1): 12 | Статус TX: READY | Трасса ORIGINS: [10]
[21:47:20 Msk] [TX_176] Фасилити: 104 | Интент: KEYBOARD_MODIFIER_CHANGED | Назначение (P1): 104 | Статус TX: READY | Трасса ORIGINS: [10]
[21:47:20 Msk] [TX_177] Фасилити: 108 | Интент: ADD_LOG_ENTRY | Назначение (P1): 108 | Статус TX: READY | Трасса ORIGINS: [10]
[21:47:21 Msk] [TX_184] Фасилити: 12 | Интент: TAB_CLICKED | Назначение (P1): 12 | Статус TX: READY | Трасса ORIGINS: [10]
[21:47:23 Msk] [TX_187] Фасилити: 12 | Интент: TAB_CLICKED | Назначение (P1): 12 | Статус TX: READY | Трасса ORIGINS: [10]
[21:47:23 Msk] [TX_188] Фасилити: 104 | Интент: KEYBOARD_MODIFIER_CHANGED | Назначение (P1): 104 | Статус TX: READY | Трасса ORIGINS: [10]
[21:47:23 Msk] [TX_189] Фасилити: 108 | Интент: ADD_LOG_ENTRY | Назначение (P1): 108 | Статус TX: READY | Трасса ORIGINS: [10]
[21:47:24 Msk] [TOP_GEN] Целевой Канал Шины: 0 | Интент: SET_SLOT_FOCUS | Конечная цель фокуса: 102
[21:47:24 Msk] [TX_195] Фасилити: 12 | Интент: TAB_CLICKED | Назначение (P1): 12 | Статус TX: READY | Трасса ORIGINS: [10]
[21:47:24 Msk] [TX_194] Фасилити: 0 | Интент: SET_SLOT_FOCUS | Назначение (P1): 0 | Статус TX: READY | Трасса ORIGINS: [10]
[21:47:25 Msk] [TX_200] Фасилити: 14 | Интент: SCROLL_CONTENT_DOWN | Назначение (P1): 14 | Статус TX: READY | Трасса ORIGINS: [10]
[21:47:25 Msk] [TX_203] Фасилити: 108 | Интент: ADD_LOG_ENTRY | Назначение (P1): 108 | Статус TX: READY | Трасса ORIGINS: [102]
[21:47:25 Msk] [TX_204] Фасилити: 102 | Интент: INJECT_VFS_DATA | Назначение (P1): 102 | Статус TX: READY | Трасса ORIGINS: [102]
[21:47:25 Msk] [TX_206] Фасилити: 14 | Интент: SYNC_SCROLLBAR_METRICS | Назначение (P1): 14 | Статус TX: READY | Трасса ORIGINS: [102]
[21:47:25 Msk] [TX_210] Фасилити: 14 | Интент: SCROLL_CONTENT_DOWN | Назначение (P1): 14 | Статус TX: READY | Трасса ORIGINS: [10]
[21:47:25 Msk] [TX_213] Фасилити: 108 | Интент: ADD_LOG_ENTRY | Назначение (P1): 108 | Статус TX: READY | Трасса ORIGINS: [102]
[21:47:25 Msk] [TX_214] Фасилити: 102 | Интент: INJECT_VFS_DATA | Назначение (P1): 102 | Статус TX: READY | Трасса ORIGINS: [102]
[21:47:25 Msk] [TX_216] Фасилити: 14 | Интент: SYNC_SCROLLBAR_METRICS | Назначение (P1): 14 | Статус TX: READY | Трасса ORIGINS: [102]
[21:47:25 Msk] [TX_220] Фасилити: 14 | Интент: SCROLL_CONTENT_DOWN | Назначение (P1): 14 | Статус TX: READY | Трасса ORIGINS: [10]
[21:47:25 Msk] [TX_223] Фасилити: 108 | Интент: ADD_LOG_ENTRY | Назначение (P1): 108 | Статус TX: READY | Трасса ORIGINS: [102]
[21:47:25 Msk] [TX_224] Фасилити: 102 | Интент: INJECT_VFS_DATA | Назначение (P1): 102 | Статус TX: READY | Трасса ORIGINS: [102]
[21:47:25 Msk] [TX_226] Фасилити: 14 | Интент: SYNC_SCROLLBAR_METRICS | Назначение (P1): 14 | Статус TX: READY | Трасса ORIGINS: [102]
[21:47:25 Msk] [TX_230] Фасилити: 14 | Интент: SCROLL_CONTENT_DOWN | Назначение (P1): 14 | Статус TX: READY | Трасса ORIGINS: [10]
[21:47:25 Msk] [TX_233] Фасилити: 108 | Интент: ADD_LOG_ENTRY | Назначение (P1): 108 | Статус TX: READY | Трасса ORIGINS: [102]
[21:47:25 Msk] [TX_234] Фасилити: 102 | Интент: INJECT_VFS_DATA | Назначение (P1): 102 | Статус TX: READY | Трасса ORIGINS: [102]
[21:47:25 Msk] [TX_236] Фасилити: 14 | Интент: SYNC_SCROLLBAR_METRICS | Назначение (P1): 14 | Статус TX: READY | Трасса ORIGINS: [102]
[21:47:25 Msk] [TX_240] Фасилити: 102 | Интент: MOUSE_CLICK | Назначение (P1): 102 | Статус TX: READY | Трасса ORIGINS: [10]
[21:47:26 Msk] [TX_243] Фасилити: 14 | Интент: SCROLL_CONTENT_UP | Назначение (P1): 14 | Статус TX: READY | Трасса ORIGINS: [10]
[21:47:26 Msk] [TX_246] Фасилити: 108 | Интент: ADD_LOG_ENTRY | Назначение (P1): 108 | Статус TX: READY | Трасса ORIGINS: [102]
[21:47:26 Msk] [TX_247] Фасилити: 102 | Интент: INJECT_VFS_DATA | Назначение (P1): 102 | Статус TX: READY | Трасса ORIGINS: [102]
[21:47:26 Msk] [TX_249] Фасилити: 14 | Интент: SYNC_SCROLLBAR_METRICS | Назначение (P1): 14 | Статус TX: READY | Трасса ORIGINS: [102]
[21:48:32 Msk] [TX_3] Фасилити: 0 | Интент: init | Назначение (P1): 0 | Статус TX: READY | Трасса ORIGINS: []
[21:48:32 Msk] [TX_1] Фасилити: 9 | Интент: TRIGGER_RESIZE | Назначение (P1): 9 | Статус TX: READY | Трасса ORIGINS: []
[21:48:32 Msk] [TX_2] Фасилити: 11 | Интент: BOOT_LAYOUT_TREE | Назначение (P1): 11 | Статус TX: READY | Трасса ORIGINS: []
[21:48:33 Msk] [TX_6] Фасилити: 0 | Интент: SYNCHRONIZE_DYNAMIC_SLOT | Назначение (P1): 0 | Статус TX: READY | Трасса ORIGINS: [11]
[21:48:33 Msk] [TX_17] Фасилити: 12 | Интент: REGISTRATION_TAB_SPACE | Назначение (P1): 12 | Статус TX: READY | Трасса ORIGINS: []
[21:48:33 Msk] [TX_24] Фасилити: 14 | Интент: SYNC_SCROLLBAR_METRICS | Назначение (P1): 14 | Статус TX: READY | Трасса ORIGINS: [106]
[21:48:33 Msk] [TX_22] Фасилити: 108 | Интент: ADD_LOG_ENTRY | Назначение (P1): 108 | Статус TX: READY | Трасса ORIGINS: [1]
[21:48:33 Msk] [TX_35] Фасилити: 9 | Интент: INJECT_GEO_MAP | Назначение (P1): 9 | Статус TX: READY | Трасса ORIGINS: [9]
[21:48:33 Msk] [TX_27] Фасилити: 108 | Интент: ADD_LOG_ENTRY | Назначение (P1): 108 | Статус TX: READY | Трасса ORIGINS: [102]
[21:48:33 Msk] [TX_30] Фасилити: 103 | Интент: INJECT_VFS_DATA | Назначение (P1): 103 | Статус TX: READY | Трасса ORIGINS: [103]
[21:48:33 Msk] [TX_28] Фасилити: 102 | Интент: INJECT_VFS_DATA | Назначение (P1): 102 | Статус TX: READY | Трасса ORIGINS: [102]
[21:48:33 Msk] [TX_43] Фасилити: 14 | Интент: SYNC_SCROLLBAR_METRICS | Назначение (P1): 14 | Статус TX: READY | Трасса ORIGINS: [103]
[21:48:33 Msk] [TX_44] Фасилити: 14 | Интент: SYNC_SCROLLBAR_METRICS | Назначение (P1): 14 | Статус TX: READY | Трасса ORIGINS: [103]
[21:48:33 Msk] [TX_45] Фасилити: 14 | Интент: SYNC_SCROLLBAR_METRICS | Назначение (P1): 14 | Статус TX: READY | Трасса ORIGINS: [102]
[21:48:33 Msk] [TX_46] Фасилити: 14 | Интент: SYNC_SCROLLBAR_METRICS | Назначение (P1): 14 | Статус TX: READY | Трасса ORIGINS: [102]
[21:56:08 Msk] [TX_3] Фасилити: 0 | Интент: init | Назначение (P1): 0 | Статус T[21:56:08 Msk] [TX_1] Фасилити: 9 | Интент: TRIGGER_RESIZE | Назначение (P1): 9 | Статус T[21:56:08 Msk] [TX_2] Фасилити: 11 | Интент: BOOT_LAYOUT_TREE | Назначение (P1): 11 | Статус T[21:56:08 Msk] [TX_6] Фасилити: 0 | Интент: SYNCHRONIZE_DYNAMIC_SLOT | Назначение (P1): 0 | Статус TX:[21:56:08 Msk] [TX_17] Фасилити: 12 | Интент: REGISTRATION_TAB_SPACE | Назначение (P1): 12 | Статус T[21:56:08 Msk] [TX_24] Фасилити: 14 | Интент: SYNC_SCROLLBAR_METRICS | Назначение (P1): 14 | Статус TX: [21:56:08 Msk] [TX_22] Фасилити: 108 | Интент: ADD_LOG_ENTRY | Назначение (P1): 108 | Статус TX[21:56:08 Msk] [TX_35] Фасилити: 9 | Интент: INJECT_GEO_MAP | Назначение (P1): 9 | Статус TX[21:56:08 Msk] [TX_27] Фасилити: 108 | Интент: ADD_LOG_ENTRY | Назначение (P1): 108 | Статус TX: [21:56:08 Msk] [TX_30] Фасилити: 103 | Интент: INJECT_VFS_DATA | Назначение (P1): 103 | Статус TX: [21:56:08 Msk] [TX_28] Фасилити: 102 | Интент: INJECT_VFS_DATA | Назначение (P1): 102 | Статус TX: [21:56:08 Msk] [TX_43] Фасилити: 14 | Интент: SYNC_SCROLLBAR_METRICS | Назначение (P1): 14 | Статус TX: [21:56:08 Msk] [TX_44] Фасилити: 14 | Интент: SYNC_SCROLLBAR_METRICS | Назначение (P1): 14 | Статус TX: [21:56:08 Msk] [TX_45] Фасилити: 14 | Интент: SYNC_SCROLLBAR_METRICS | Назначение (P1): 14 | Статус TX: [21:56:08 Msk] [TX_46] Фасилити: 14 | Интент: SYNC_SCROLLBAR_METRICS | Назначение (P1): 14 | Статус TX: [21:56:10 Msk] [TX_53] Фасилити: 12 | Интент: TAB_CLICKED | Назначение (P1): 12 | Статус TX:[21:56:10 Msk] [TX_54] Фасилити: 104 | Интент: KEYBOARD_MODIFIER_CHANGED | Назначение (P1): 104 | Статус TX:[21:56:10 Msk] [TX_55] Фасилити: 108 | Интент: ADD_LOG_ENTRY | Назначение (P1): 108 | Статус TX:[21:56:11 Msk] [TX_62] Фасилити: 12 | Интент: TAB_CLICKED | Назначение (P1): 12 | Статус TX:[21:56:12 Msk] [TOP_GEN] Целевой Канал Шины: 0 | Интент: SET_SLOT_FOCUS | Конечная цель фокуса: 102
[21:56:12 Msk] [TX_66] Фасилити: 102 | Интент: ROTATE_SLOT_STACK | Назначение (P1): 102 | Статус TX:[21:56:12 Msk] [TX_65] Фасилити: 0 | Интент: SET_SLOT_FOCUS | Назначение (P1): 0 | Статус TX:[21:56:12 Msk] [TX_69] Фасилити: 108 | Интент: ADD_LOG_ENTRY | Назначение (P1): 108 | Статус TX: [21:56:12 Msk] [TX_70] Фасилити: 102 | Интент: INJECT_VFS_DATA | Назначение (P1): 102 | Статус TX: [21:56:12 Msk] [TX_73] Фасилити: 14 | Интент: SYNC_SCROLLBAR_METRICS | Назначение (P1): 14 | Статус TX: [21:56:13 Msk] [TX_77] Фасилити: 102 | Интент: ROTATE_SLOT_STACK | Назначение (P1): 102 | Статус TX:[21:56:13 Msk] [TX_80] Фасилити: 108 | Интент: ADD_LOG_ENTRY | Назначение (P1): 108 | Статус TX: [21:56:13 Msk] [TX_81] Фасилити: 102 | Интент: INJECT_VFS_DATA | Назначение (P1): 102 | Статус TX: [21:56:13 Msk] [TX_83] Фасилити: 14 | Интент: SYNC_SCROLLBAR_METRICS | Назначение (P1): 14 | Статус TX: [21:56:13 Msk] [TX_87] Фасилити: 102 | Интент: ROTATE_SLOT_STACK | Назначение (P1): 102 | Статус TX:[21:56:13 Msk] [TX_90] Фасилити: 108 | Интент: ADD_LOG_ENTRY | Назначение (P1): 108 | Статус TX: [21:56:13 Msk] [TX_91] Фасилити: 102 | Интент: INJECT_VFS_DATA | Назначение (P1): 102 | Статус TX: [21:56:13 Msk] [TX_93] Фасилити: 14 | Интент: SYNC_SCROLLBAR_METRICS | Назначение (P1): 14 | Статус TX: [21:56:13 Msk] [TX_97] Фасилити: 14 | Интент: SCROLL_CONTENT_DOWN | Назначение (P1): 14 | Статус TX:[21:56:13 Msk] [TX_100] Фасилити: 14 | Интент: SCROLL_CONTENT_UP | Назначение (P1): 14 | Статус TX:[21:56:13 Msk] [TX_103] Фасилити: 14 | Интент: SCROLL_CONTENT_UP | Назначение (P1): 14 | Статус TX:[21:56:13 Msk] [TX_106] Фасилити: 14 | Интент: SCROLL_CONTENT_UP | Назначение (P1): 14 | Статус TX:[21:56:13 Msk] [TX_109] Фасилити: 14 | Интент: SCROLL_CONTENT_DOWN | Назначение (P1): 14 | Статус TX:[21:56:13 Msk] [TX_112] Фасилити: 14 | Интент: SCROLL_CONTENT_DOWN | Назначение (P1): 14 | Статус TX:[21:56:13 Msk] [TX_115] Фасилити: 14 | Интент: SCROLL_CONTENT_DOWN | Назначение (P1): 14 | Статус TX:[21:56:13 Msk] [TX_118] Фасилити: 14 | Интент: SCROLL_CONTENT_UP | Назначение (P1): 14 | Статус TX:[21:56:13 Msk] [TX_121] Фасилити: 14 | Интент: SCROLL_CONTENT_UP | Назначение (P1): 14 | Статус TX:[21:56:13 Msk] [TX_124] Фасилити: 14 | Интент: SCROLL_CONTENT_UP | Назначение (P1): 14 | Статус TX:[21:56:14 Msk] [TX_127] Фасилити: 14 | Интент: SCROLL_CONTENT_UP | Назначение (P1): 14 | Статус TX:[21:56:14 Msk] [TX_130] Фасилити: 14 | Интент: SCROLL_CONTENT_UP | Назначение (P1): 14 | Статус TX:[21:56:14 Msk] [TX_133] Фасилити: 14 | Интент: SCROLL_CONTENT_UP | Назначение (P1): 14 | Статус TX:[21:58:16 Msk] [TX_3] Фасилити: 0 | Интент: init | Назначение (P1): 0 | Статус T[21:58:16 Msk] [TX_1] Фасилити: 9 | Интент: TRIGGER_RESIZE | Назначение (P1): 9 | Статус T[21:58:16 Msk] [TX_2] Фасилити: 11 | Интент: BOOT_LAYOUT_TREE | Назначение (P1): 11 | Статус T[21:58:16 Msk] [TX_6] Фасилити: 0 | Интент: SYNCHRONIZE_DYNAMIC_SLOT | Назначение (P1): 0 | Статус TX:[21:58:16 Msk] [TX_17] Фасилити: 12 | Интент: REGISTRATION_TAB_SPACE | Назначение (P1): 12 | Статус T[21:58:16 Msk] [TX_24] Фасилити: 14 | Интент: SYNC_SCROLLBAR_METRICS | Назначение (P1): 14 | Статус TX: [21:58:16 Msk] [TX_22] Фасилити: 108 | Интент: ADD_LOG_ENTRY | Назначение (P1): 108 | Статус TX[21:58:16 Msk] [TX_27] Фасилити: 9 | Интент: INJECT_GEO_MAP | Назначение (P1): 9 | Статус TX[21:58:16 Msk] [TX_28] Фасилити: 108 | Интент: ADD_LOG_ENTRY | Назначение (P1): 108 | Статус TX: [21:58:16 Msk] [TX_31] Фасилити: 103 | Интент: INJECT_VFS_DATA | Назначение (P1): 103 | Статус TX: [21:58:16 Msk] [TX_29] Фасилити: 102 | Интент: INJECT_VFS_DATA | Назначение (P1): 102 | Статус TX: [21:58:16 Msk] [TX_43] Фасилити: 14 | Интент: SYNC_SCROLLBAR_METRICS | Назначение (P1): 14 | Статус TX: [21:58:16 Msk] [TX_44] Фасилити: 14 | Интент: SYNC_SCROLLBAR_METRICS | Назначение (P1): 14 | Статус TX: [21:58:16 Msk] [TX_45] Фасилити: 14 | Интент: SYNC_SCROLLBAR_METRICS | Назначение (P1): 14 | Статус TX: [21:58:16 Msk] [TX_46] Фасилити: 14 | Интент: SYNC_SCROLLBAR_METRICS | Назначение (P1): 14 | Статус TX: [21:58:18 Msk] [TX_53] Фасилити: 14 | Интент: SCROLL_CONTENT_DOWN | Назначение (P1): 14 | Статус TX:[21:58:18 Msk] [TX_56] Фасилити: 108 | Интент: ADD_LOG_ENTRY | Назначение (P1): 108 | Статус TX: [21:58:18 Msk] [TX_57] Фасилити: 102 | Интент: INJECT_VFS_DATA | Назначение (P1): 102 | Статус TX: [21:58:18 Msk] [TX_59] Фасилити: 14 | Интент: SYNC_SCROLLBAR_METRICS | Назначение (P1): 14 | Статус TX: [21:58:18 Msk] [TX_63] Фасилити: 14 | Интент: SCROLL_CONTENT_DOWN | Назначение (P1): 14 | Статус TX:[21:58:18 Msk] [TX_66] Фасилити: 108 | Интент: ADD_LOG_ENTRY | Назначение (P1): 108 | Статус TX: [21:58:18 Msk] [TX_67] Фасилити: 102 | Интент: INJECT_VFS_DATA | Назначение (P1): 102 | Статус TX: [21:58:18 Msk] [TX_69] Фасилити: 14 | Интент: SYNC_SCROLLBAR_METRICS | Назначение (P1): 14 | Статус TX: [21:58:18 Msk] [TX_73] Фасилити: 14 | Интент: SCROLL_CONTENT_DOWN | Назначение (P1): 14 | Статус TX:[21:58:18 Msk] [TX_76] Фасилити: 108 | Интент: ADD_LOG_ENTRY | Назначение (P1): 108 | Статус TX: [21:58:18 Msk] [TX_77] Фасилити: 102 | Интент: INJECT_VFS_DATA | Назначение (P1): 102 | Статус TX: [21:58:18 Msk] [TX_79] Фасилити: 14 | Интент: SYNC_SCROLLBAR_METRICS | Назначение (P1): 14 | Статус TX: [21:58:18 Msk] [TX_83] Фасилити: 14 | Интент: SCROLL_CONTENT_DOWN | Назначение (P1): 14 | Статус TX:[21:58:18 Msk] [TX_86] Фасилити: 108 | Интент: ADD_LOG_ENTRY | Назначение (P1): 108 | Статус TX: [21:58:18 Msk] [TX_87] Фасилити: 102 | Интент: INJECT_VFS_DATA | Назначение (P1): 102 | Статус TX: [21:58:18 Msk] [TX_89] Фасилити: 14 | Интент: SYNC_SCROLLBAR_METRICS | Назначение (P1): 14 | Статус TX: [21:58:19 Msk] [TOP_GEN] Целевой Канал Шины: 0 | Интент: SET_SLOT_FOCUS | Конечная цель фокуса: 102
[21:58:19 Msk] [TX_94] Фасилити: 102 | Интент: MOUSE_CLICK | Назначение (P1): 102 | Статус TX:[21:58:19 Msk] [TX_93] Фасилити: 0 | Интент: SET_SLOT_FOCUS | Назначение (P1): 0 | Статус TX:[21:58:19 Msk] [TX_100] Фасилити: 14 | Интент: SCROLL_CONTENT_UP | Назначение (P1): 14 | Статус TX:[21:58:19 Msk] [TX_103] Фасилити: 108 | Интент: ADD_LOG_ENTRY | Назначение (P1): 108 | Статус TX: [21:58:19 Msk] [TX_104] Фасилити: 102 | Интент: INJECT_VFS_DATA | Назначение (P1): 102 | Статус TX: [21:58:19 Msk] [TX_106] Фасилити: 14 | Интент: SYNC_SCROLLBAR_METRICS | Назначение (P1): 14 | Статус TX: [21:58:19 Msk] [TX_110] Фасилити: 14 | Интент: SCROLL_CONTENT_UP | Назначение (P1): 14 | Статус TX:[21:58:19 Msk] [TX_113] Фасилити: 108 | Интент: ADD_LOG_ENTRY | Назначение (P1): 108 | Статус TX: [21:58:19 Msk] [TX_114] Фасилити: 102 | Интент: INJECT_VFS_DATA | Назначение (P1): 102 | Статус TX: [21:58:19 Msk] [TX_116] Фасилити: 14 | Интент: SYNC_SCROLLBAR_METRICS | Назначение (P1): 14 | Статус TX: [21:58:19 Msk] [TX_120] Фасилити: 14 | Интент: SCROLL_CONTENT_UP | Назначение (P1): 14 | Статус TX:[21:58:19 Msk] [TX_123] Фасилити: 108 | Интент: ADD_LOG_ENTRY | Назначение (P1): 108 | Статус TX: [21:58:19 Msk] [TX_124] Фасилити: 102 | Интент: INJECT_VFS_DATA | Назначение (P1): 102 | Статус TX: [21:58:19 Msk] [TX_126] Фасилити: 14 | Интент: SYNC_SCROLLBAR_METRICS | Назначение (P1): 14 | Статус TX: [21:58:19 Msk] [TX_130] Фасилити: 14 | Интент: SCROLL_CONTENT_UP | Назначение (P1): 14 | Статус TX:[21:58:19 Msk] [TX_133] Фасилити: 108 | Интент: ADD_LOG_ENTRY | Назначение (P1): 108 | Статус TX: [21:58:19 Msk] [TX_134] Фасилити: 102 | Интент: INJECT_VFS_DATA | Назначение (P1): 102 | Статус TX: [21:58:19 Msk] [TX_136] Фасилити: 14 | Интент: SYNC_SCROLLBAR_METRICS | Назначение (P1): 14 | Статус TX: [21:58:20 Msk] [TX_140] Фасилити: 14 | Интент: SCROLL_CONTENT_UP | Назначение (P1): 14 | Статус TX:[21:58:20 Msk] [TX_143] Фасилити: 14 | Интент: SCROLL_CONTENT_UP | Назначение (P1): 14 | Статус TX:[21:58:20 Msk] [TX_146] Фасилити: 14 | Интент: SCROLL_CONTENT_UP | Назначение (P1): 14 | Статус TX:[21:58:21 Msk] [TX_149] Фасилити: 12 | Интент: TAB_CLICKED | Назначение (P1): 12 | Статус TX:[21:58:21 Msk] [TX_150] Фасилити: 104 | Интент: KEYBOARD_MODIFIER_CHANGED | Назначение (P1): 104 | Статус TX:[21:58:21 Msk] [TX_151] Фасилити: 108 | Интент: ADD_LOG_ENTRY | Назначение (P1): 108 | Статус TX:[21:58:22 Msk] [TX_158] Фасилити: 12 | Интент: TAB_CLICKED | Назначение (P1): 12 | Статус TX:[21:58:22 Msk] [TX_161] Фасилити: 12 | Интент: TAB_CLICKED | Назначение (P1): 12 | Статус TX:[21:59:41 Msk] [TX_3] Фасилити: 0 | Интент: init | Назначение (P1): 0 | Статус T[21:59:41 Msk] [TX_1] Фасилити: 9 | Интент: TRIGGER_RESIZE | Назначение (P1): 9 | Статус T[21:59:41 Msk] [TX_2] Фасилити: 11 | Интент: BOOT_LAYOUT_TREE | Назначение (P1): 11 | Статус T[21:59:41 Msk] [TX_6] Фасилити: 0 | Интент: SYNCHRONIZE_DYNAMIC_SLOT | Назначение (P1): 0 | Статус TX:[21:59:41 Msk] [TX_17] Фасилити: 12 | Интент: REGISTRATION_TAB_SPACE | Назначение (P1): 12 | Статус T[21:59:41 Msk] [TX_24] Фасилити: 14 | Интент: SYNC_SCROLLBAR_METRICS | Назначение (P1): 14 | Статус TX: [21:59:41 Msk] [TX_22] Фасилити: 108 | Интент: ADD_LOG_ENTRY | Назначение (P1): 108 | Статус TX[21:59:41 Msk] [TX_35] Фасилити: 9 | Интент: INJECT_GEO_MAP | Назначение (P1): 9 | Статус TX[21:59:41 Msk] [TX_27] Фасилити: 108 | Интент: ADD_LOG_ENTRY | Назначение (P1): 108 | Статус TX: [21:59:41 Msk] [TX_30] Фасилити: 103 | Интент: INJECT_VFS_DATA | Назначение (P1): 103 | Статус TX: [21:59:41 Msk] [TX_28] Фасилити: 102 | Интент: INJECT_VFS_DATA | Назначение (P1): 102 | Статус TX: [21:59:41 Msk] [TX_43] Фасилити: 14 | Интент: SYNC_SCROLLBAR_METRICS | Назначение (P1): 14 | Статус TX: [21:59:41 Msk] [TX_44] Фасилити: 14 | Интент: SYNC_SCROLLBAR_METRICS | Назначение (P1): 14 | Статус TX: [21:59:41 Msk] [TX_45] Фасилити: 14 | Интент: SYNC_SCROLLBAR_METRICS | Назначение (P1): 14 | Статус TX: [21:59:41 Msk] [TX_46] Фасилити: 14 | Интент: SYNC_SCROLLBAR_METRICS | Назначение (P1): 14 | Статус TX: [21:59:43 Msk] [TX_53] Фасилити: 14 | Интент: SCROLL_CONTENT_DOWN | Назначение (P1): 14 | Статус TX:[21:59:43 Msk] [TX_56] Фасилити: 108 | Интент: ADD_LOG_ENTRY | Назначение (P1): 108 | Статус TX: [21:59:43 Msk] [TX_57] Фасилити: 102 | Интент: INJECT_VFS_DATA | Назначение (P1): 102 | Статус TX: [21:59:43 Msk] [TX_59] Фасилити: 14 | Интент: SYNC_SCROLLBAR_METRICS | Назначение (P1): 14 | Статус TX: [21:59:43 Msk] [TX_63] Фасилити: 14 | Интент: SCROLL_CONTENT_DOWN | Назначение (P1): 14 | Статус TX:[21:59:43 Msk] [TX_66] Фасилити: 108 | Интент: ADD_LOG_ENTRY | Назначение (P1): 108 | Статус TX: [21:59:43 Msk] [TX_67] Фасилити: 102 | Интент: INJECT_VFS_DATA | Назначение (P1): 102 | Статус TX: [21:59:43 Msk] [TX_69] Фасилити: 14 | Интент: SYNC_SCROLLBAR_METRICS | Назначение (P1): 14 | Статус TX: [21:59:43 Msk] [TX_73] Фасилити: 14 | Интент: SCROLL_CONTENT_DOWN | Назначение (P1): 14 | Статус TX:[21:59:43 Msk] [TX_76] Фасилити: 108 | Интент: ADD_LOG_ENTRY | Назначение (P1): 108 | Статус TX: [21:59:43 Msk] [TX_77] Фасилити: 102 | Интент: INJECT_VFS_DATA | Назначение (P1): 102 | Статус TX: [21:59:43 Msk] [TX_79] Фасилити: 14 | Интент: SYNC_SCROLLBAR_METRICS | Назначение (P1): 14 | Статус TX: [21:59:45 Msk] [TOP_GEN] Целевой Канал Шины: 0 | Интент: SET_SLOT_FOCUS | Конечная цель фокуса: 102
[21:59:45 Msk] [TX_84] Фасилити: 12 | Интент: TAB_CLICKED | Назначение (P1): 12 | Статус TX:[21:59:45 Msk] [TX_83] Фасилити: 0 | Интент: SET_SLOT_FOCUS | Назначение (P1): 0 | Статус TX:[21:59:45 Msk] [TX_89] Фасилити: 14 | Интент: SCROLL_CONTENT_DOWN | Назначение (P1): 14 | Статус TX:[21:59:45 Msk] [TX_92] Фасилити: 108 | Интент: ADD_LOG_ENTRY | Назначение (P1): 108 | Статус TX: [21:59:45 Msk] [TX_93] Фасилити: 102 | Интент: INJECT_VFS_DATA | Назначение (P1): 102 | Статус TX: [21:59:45 Msk] [TX_95] Фасилити: 14 | Интент: SYNC_SCROLLBAR_METRICS | Назначение (P1): 14 | Статус TX: [21:59:45 Msk] [TX_99] Фасилити: 14 | Интент: SCROLL_CONTENT_DOWN | Назначение (P1): 14 | Статус TX:[21:59:45 Msk] [TX_102] Фасилити: 108 | Интент: ADD_LOG_ENTRY | Назначение (P1): 108 | Статус TX: [21:59:45 Msk] [TX_103] Фасилити: 102 | Интент: INJECT_VFS_DATA | Назначение (P1): 102 | Статус TX: [21:59:45 Msk] [TX_105] Фасилити: 14 | Интент: SYNC_SCROLLBAR_METRICS | Назначение (P1): 14 | Статус TX: [21:59:45 Msk] [TX_109] Фасилити: 14 | Интент: SCROLL_CONTENT_DOWN | Назначение (P1): 14 | Статус TX:[21:59:46 Msk] [TX_112] Фасилити: 108 | Интент: ADD_LOG_ENTRY | Назначение (P1): 108 | Статус TX: [21:59:46 Msk] [TX_113] Фасилити: 102 | Интент: INJECT_VFS_DATA | Назначение (P1): 102 | Статус TX: [21:59:46 Msk] [TX_115] Фасилити: 14 | Интент: SYNC_SCROLLBAR_METRICS | Назначение (P1): 14 | Статус TX: [21:59:46 Msk] [TX_119] Фасилити: 14 | Интент: SCROLL_CONTENT_UP | Назначение (P1): 14 | Статус TX:[21:59:46 Msk] [TX_122] Фасилити: 108 | Интент: ADD_LOG_ENTRY | Назначение (P1): 108 | Статус TX: [21:59:46 Msk] [TX_123] Фасилити: 102 | Интент: INJECT_VFS_DATA | Назначение (P1): 102 | Статус TX: [21:59:46 Msk] [TX_125] Фасилити: 14 | Интент: SYNC_SCROLLBAR_METRICS | Назначение (P1): 14 | Статус TX: [21:59:46 Msk] [TX_129] Фасилити: 14 | Интент: SCROLL_CONTENT_UP | Назначение (P1): 14 | Статус TX:[21:59:46 Msk] [TX_132] Фасилити: 108 | Интент: ADD_LOG_ENTRY | Назначение (P1): 108 | Статус TX: [21:59:46 Msk] [TX_133] Фасилити: 102 | Интент: INJECT_VFS_DATA | Назначение (P1): 102 | Статус TX: [21:59:46 Msk] [TX_135] Фасилити: 14 | Интент: SYNC_SCROLLBAR_METRICS | Назначение (P1): 14 | Статус TX: [21:59:46 Msk] [TX_139] Фасилити: 14 | Интент: SCROLL_CONTENT_UP | Назначение (P1): 14 | Статус TX:[21:59:46 Msk] [TX_142] Фасилити: 108 | Интент: ADD_LOG_ENTRY | Назначение (P1): 108 | Статус TX: [21:59:46 Msk] [TX_143] Фасилити: 102 | Интент: INJECT_VFS_DATA | Назначение (P1): 102 | Статус TX: [21:59:46 Msk] [TX_145] Фасилити: 14 | Интент: SYNC_SCROLLBAR_METRICS | Назначение (P1): 14 | Статус TX: [21:59:46 Msk] [TX_149] Фасилити: 14 | Интент: SCROLL_CONTENT_DOWN | Назначение (P1): 14 | Статус TX:[21:59:46 Msk] [TX_152] Фасилити: 108 | Интент: ADD_LOG_ENTRY | Назначение (P1): 108 | Статус TX: [21:59:46 Msk] [TX_153] Фасилити: 102 | Интент: INJECT_VFS_DATA | Назначение (P1): 102 | Статус TX: [21:59:46 Msk] [TX_155] Фасилити: 14 | Интент: SYNC_SCROLLBAR_METRICS | Назначение (P1): 14 | Статус TX: [21:59:46 Msk] [TX_159] Фасилити: 14 | Интент: SCROLL_CONTENT_DOWN | Назначение (P1): 14 | Статус TX:[21:59:46 Msk] [TX_162] Фасилити: 108 | Интент: ADD_LOG_ENTRY | Назначение (P1): 108 | Статус TX: [21:59:46 Msk] [TX_163] Фасилити: 102 | Интент: INJECT_VFS_DATA | Назначение (P1): 102 | Статус TX: [21:59:46 Msk] [TX_165] Фасилити: 14 | Интент: SYNC_SCROLLBAR_METRICS | Назначение (P1): 14 | Статус TX: [21:59:47 Msk] [TX_169] Фасилити: 12 | Интент: TAB_CLICKED | Назначение (P1): 12 | Статус TX:[21:59:47 Msk] [TX_170] Фасилити: 104 | Интент: KEYBOARD_MODIFIER_CHANGED | Назначение (P1): 104 | Статус TX:[21:59:47 Msk] [TX_171] Фасилити: 108 | Интент: ADD_LOG_ENTRY | Назначение (P1): 108 | Статус TX:[21:59:47 Msk] [TX_178] Фасилити: 104 | Интент: ROTATE_STACK_DOWN | Назначение (P1): 104 | Статус TX:[21:59:47 Msk] [TX_181] Фасилити: 104 | Интент: ROTATE_STACK_DOWN | Назначение (P1): 104 | Статус TX:[21:59:47 Msk] [TX_184] Фасилити: 104 | Интент: ROTATE_STACK_DOWN | Назначение (P1): 104 | Статус TX:[21:59:47 Msk] [TX_187] Фасилити: 104 | Интент: ROTATE_STACK_UP | Назначение (P1): 104 | Статус TX:[21:59:47 Msk] [TX_190] Фасилити: 104 | Интент: ROTATE_STACK_UP | Назначение (P1): 104 | Статус TX:[21:59:48 Msk] [TX_193] Фасилити: 104 | Интент: ROTATE_STACK_UP | Назначение (P1): 104 | Статус TX:[22:01:01 Msk] [TX_3] Фасилити: 0 | Интент: init | Назначение (P1): 0 | Статус T[22:01:01 Msk] [TX_1] Фасилити: 9 | Интент: TRIGGER_RESIZE | Назначение (P1): 9 | Статус T[22:01:01 Msk] [TX_2] Фасилити: 11 | Интент: BOOT_LAYOUT_TREE | Назначение (P1): 11 | Статус T[22:01:01 Msk] [TX_6] Фасилити: 0 | Интент: SYNCHRONIZE_DYNAMIC_SLOT | Назначение (P1): 0 | Статус TX:[22:01:01 Msk] [TX_17] Фасилити: 12 | Интент: REGISTRATION_TAB_SPACE | Назначение (P1): 12 | Статус T[22:01:01 Msk] [TX_24] Фасилити: 14 | Интент: SYNC_SCROLLBAR_METRICS | Назначение (P1): 14 | Статус TX: [22:01:01 Msk] [TX_22] Фасилити: 108 | Интент: ADD_LOG_ENTRY | Назначение (P1): 108 | Статус TX[22:01:01 Msk] [TX_35] Фасилити: 9 | Интент: INJECT_GEO_MAP | Назначение (P1): 9 | Статус TX[22:01:01 Msk] [TX_27] Фасилити: 108 | Интент: ADD_LOG_ENTRY | Назначение (P1): 108 | Статус TX: [22:01:01 Msk] [TX_30] Фасилити: 103 | Интент: INJECT_VFS_DATA | Назначение (P1): 103 | Статус TX: [22:01:01 Msk] [TX_28] Фасилити: 102 | Интент: INJECT_VFS_DATA | Назначение (P1): 102 | Статус TX: [22:01:01 Msk] [TX_43] Фасилити: 14 | Интент: SYNC_SCROLLBAR_METRICS | Назначение (P1): 14 | Статус TX: [22:01:01 Msk] [TX_44] Фасилити: 14 | Интент: SYNC_SCROLLBAR_METRICS | Назначение (P1): 14 | Статус TX: [22:01:01 Msk] [TX_45] Фасилити: 14 | Интент: SYNC_SCROLLBAR_METRICS | Назначение (P1): 14 | Статус TX: [22:01:01 Msk] [TX_46] Фасилити: 14 | Интент: SYNC_SCROLLBAR_METRICS | Назначение (P1): 14 | Статус TX: [22:01:04 Msk] [TX_53] Фасилити: 14 | Интент: SCROLL_CONTENT_DOWN | Назначение (P1): 14 | Статус TX:[22:01:04 Msk] [TX_56] Фасилити: 108 | Интент: ADD_LOG_ENTRY | Назначение (P1): 108 | Статус TX: [22:01:04 Msk] [TX_57] Фасилити: 102 | Интент: INJECT_VFS_DATA | Назначение (P1): 102 | Статус TX: [22:01:04 Msk] [TX_59] Фасилити: 14 | Интент: SYNC_SCROLLBAR_METRICS | Назначение (P1): 14 | Статус TX: [22:01:04 Msk] [TX_63] Фасилити: 14 | Интент: SCROLL_CONTENT_DOWN | Назначение (P1): 14 | Статус TX:[22:01:04 Msk] [TX_66] Фасилити: 108 | Интент: ADD_LOG_ENTRY | Назначение (P1): 108 | Статус TX: [22:01:04 Msk] [TX_67] Фасилити: 102 | Интент: INJECT_VFS_DATA | Назначение (P1): 102 | Статус TX: [22:01:04 Msk] [TX_69] Фасилити: 14 | Интент: SYNC_SCROLLBAR_METRICS | Назначение (P1): 14 | Статус TX: [22:01:04 Msk] [TX_73] Фасилити: 14 | Интент: SCROLL_CONTENT_DOWN | Назначение (P1): 14 | Статус TX:[22:01:04 Msk] [TX_76] Фасилити: 108 | Интент: ADD_LOG_ENTRY | Назначение (P1): 108 | Статус TX: [22:01:04 Msk] [TX_77] Фасилити: 102 | Интент: INJECT_VFS_DATA | Назначение (P1): 102 | Статус TX: [22:01:04 Msk] [TX_79] Фасилити: 14 | Интент: SYNC_SCROLLBAR_METRICS | Назначение (P1): 14 | Статус TX: [22:01:04 Msk] [TX_83] Фасилити: 14 | Интент: SCROLL_CONTENT_DOWN | Назначение (P1): 14 | Статус TX:[22:01:04 Msk] [TX_86] Фасилити: 108 | Интент: ADD_LOG_ENTRY | Назначение (P1): 108 | Статус TX: [22:01:04 Msk] [TX_87] Фасилити: 102 | Интент: INJECT_VFS_DATA | Назначение (P1): 102 | Статус TX: [22:01:04 Msk] [TX_89] Фасилити: 14 | Интент: SYNC_SCROLLBAR_METRICS | Назначение (P1): 14 | Статус TX: [22:01:04 Msk] [TOP_GEN] Целевой Канал Шины: 0 | Интент: SET_SLOT_FOCUS | Конечная цель фокуса: 102
[22:01:04 Msk] [TX_94] Фасилити: 102 | Интент: MOUSE_CLICK | Назначение (P1): 102 | Статус TX:[22:01:04 Msk] [TX_93] Фасилити: 0 | Интент: SET_SLOT_FOCUS | Назначение (P1): 0 | Статус TX:[22:01:05 Msk] [TX_100] Фасилити: 14 | Интент: SCROLL_CONTENT_DOWN | Назначение (P1): 14 | Статус TX:[22:01:05 Msk] [TX_103] Фасилити: 108 | Интент: ADD_LOG_ENTRY | Назначение (P1): 108 | Статус TX: [22:01:05 Msk] [TX_104] Фасилити: 102 | Интент: INJECT_VFS_DATA | Назначение (P1): 102 | Статус TX: [22:01:05 Msk] [TX_106] Фасилити: 14 | Интент: SYNC_SCROLLBAR_METRICS | Назначение (P1): 14 | Статус TX: [22:01:05 Msk] [TX_110] Фасилити: 14 | Интент: SCROLL_CONTENT_DOWN | Назначение (P1): 14 | Статус TX:[22:01:05 Msk] [TX_113] Фасилити: 108 | Интент: ADD_LOG_ENTRY | Назначение (P1): 108 | Статус TX: [22:01:05 Msk] [TX_114] Фасилити: 102 | Интент: INJECT_VFS_DATA | Назначение (P1): 102 | Статус TX: [22:01:05 Msk] [TX_116] Фасилити: 14 | Интент: SYNC_SCROLLBAR_METRICS | Назначение (P1): 14 | Статус TX: [22:01:05 Msk] [TX_120] Фасилити: 14 | Интент: SCROLL_CONTENT_DOWN | Назначение (P1): 14 | Статус TX:[22:01:05 Msk] [TX_123] Фасилити: 108 | Интент: ADD_LOG_ENTRY | Назначение (P1): 108 | Статус TX: [22:01:05 Msk] [TX_124] Фасилити: 102 | Интент: INJECT_VFS_DATA | Назначение (P1): 102 | Статус TX: [22:01:05 Msk] [TX_126] Фасилити: 14 | Интент: SYNC_SCROLLBAR_METRICS | Назначение (P1): 14 | Статус TX: [22:01:05 Msk] [TX_130] Фасилити: 14 | Интент: SCROLL_CONTENT_UP | Назначение (P1): 14 | Статус TX:[22:01:05 Msk] [TX_133] Фасилити: 108 | Интент: ADD_LOG_ENTRY | Назначение (P1): 108 | Статус TX: [22:01:05 Msk] [TX_134] Фасилити: 102 | Интент: INJECT_VFS_DATA | Назначение (P1): 102 | Статус TX: [22:01:05 Msk] [TX_136] Фасилити: 14 | Интент: SYNC_SCROLLBAR_METRICS | Назначение (P1): 14 | Статус TX: [22:01:05 Msk] [TX_140] Фасилити: 14 | Интент: SCROLL_CONTENT_UP | Назначение (P1): 14 | Статус TX:[22:01:05 Msk] [TX_146] Фасилити: 14 | Интент: SCROLL_CONTENT_UP | Назначение (P1): 14 | Статус TX:[22:01:05 Msk] [TX_143] Фасилити: 108 | Интент: ADD_LOG_ENTRY | Назначение (P1): 108 | Статус TX: [22:01:05 Msk] [TX_144] Фасилити: 102 | Интент: INJECT_VFS_DATA | Назначение (P1): 102 | Статус TX: [22:01:05 Msk] [TX_149] Фасилити: 14 | Интент: SYNC_SCROLLBAR_METRICS | Назначение (P1): 14 | Статус TX: [22:01:05 Msk] [TX_152] Фасилити: 108 | Интент: ADD_LOG_ENTRY | Назначение (P1): 108 | Статус TX: [22:01:05 Msk] [TX_153] Фасилити: 102 | Интент: INJECT_VFS_DATA | Назначение (P1): 102 | Статус TX: [22:01:05 Msk] [TX_155] Фасилити: 14 | Интент: SYNC_SCROLLBAR_METRICS | Назначение (P1): 14 | Статус TX: [22:01:05 Msk] [TX_159] Фасилити: 14 | Интент: SCROLL_CONTENT_UP | Назначение (P1): 14 | Статус TX:[22:01:05 Msk] [TX_162] Фасилити: 108 | Интент: ADD_LOG_ENTRY | Назначение (P1): 108 | Статус TX: [22:01:05 Msk] [TX_163] Фасилити: 102 | Интент: INJECT_VFS_DATA | Назначение (P1): 102 | Статус TX: [22:01:05 Msk] [TX_165] Фасилити: 14 | Интент: SYNC_SCROLLBAR_METRICS | Назначение (P1): 14 | Статус TX: [22:02:50 Msk] [TX_3] Фасилити: 0 | Интент: init | Назначение (P1): 0 | Статус T[22:02:50 Msk] [TX_1] Фасилити: 9 | Интент: TRIGGER_RESIZE | Назначение (P1): 9 | Статус T[22:02:50 Msk] [TX_2] Фасилити: 11 | Интент: BOOT_LAYOUT_TREE | Назначение (P1): 11 | Статус T[22:02:50 Msk] [TX_6] Фасилити: 0 | Интент: SYNCHRONIZE_DYNAMIC_SLOT | Назначение (P1): 0 | Статус TX:[22:02:50 Msk] [TX_17] Фасилити: 12 | Интент: REGISTRATION_TAB_SPACE | Назначение (P1): 12 | Статус T[22:02:50 Msk] [TX_24] Фасилити: 14 | Интент: SYNC_SCROLLBAR_METRICS | Назначение (P1): 14 | Статус TX: [22:02:50 Msk] [TX_22] Фасилити: 108 | Интент: ADD_LOG_ENTRY | Назначение (P1): 108 | Статус TX[22:02:50 Msk] [TX_35] Фасилити: 9 | Интент: INJECT_GEO_MAP | Назначение (P1): 9 | Статус TX[22:02:50 Msk] [TX_27] Фасилити: 108 | Интент: ADD_LOG_ENTRY | Назначение (P1): 108 | Статус TX: [22:02:50 Msk] [TX_30] Фасилити: 103 | Интент: INJECT_VFS_DATA | Назначение (P1): 103 | Статус TX: [22:02:50 Msk] [TX_28] Фасилити: 102 | Интент: INJECT_VFS_DATA | Назначение (P1): 102 | Статус TX: [22:02:50 Msk] [TX_43] Фасилити: 14 | Интент: SYNC_SCROLLBAR_METRICS | Назначение (P1): 14 | Статус TX: [22:02:50 Msk] [TX_44] Фасилити: 14 | Интент: SYNC_SCROLLBAR_METRICS | Назначение (P1): 14 | Статус TX: [22:02:50 Msk] [TX_45] Фасилити: 14 | Интент: SYNC_SCROLLBAR_METRICS | Назначение (P1): 14 | Статус TX: [22:02:50 Msk] [TX_46] Фасилити: 14 | Интент: SYNC_SCROLLBAR_METRICS | Назначение (P1): 14 | Статус TX: [22:02:54 Msk] [TOP_GEN] Целевой Канал Шины: 0 | Интент: SET_SLOT_FOCUS | Конечная цель фокуса: 102
[22:02:54 Msk] [TX_62] Фасилити: 102 | Интент: MOUSE_CLICK | Назначение (P1): 102 | Статус TX:[22:02:54 Msk] [TX_61] Фасилити: 0 | Интент: SET_SLOT_FOCUS | Назначение (P1): 0 | Статус TX:[22:02:56 Msk] [TX_77] Фасилити: 102 | Интент: MOUSE_CLICK | Назначение (P1): 102 | Статус TX:[22:02:57 Msk] [TX_81] Фасилити: 102 | Интент: MOUSE_CLICK | Назначение (P1): 102 | Статус TX:[22:02:58 Msk] [TX_85] Фасилити: 14 | Интент: SCROLL_CONTENT_UP | Назначение (P1): 14 | Статус TX:[22:02:58 Msk] [TX_88] Фасилити: 14 | Интент: SCROLL_CONTENT_UP | Назначение (P1): 14 | Статус TX:[22:02:58 Msk] [TX_91] Фасилити: 14 | Интент: SCROLL_CONTENT_UP | Назначение (P1): 14 | Статус TX:[22:02:58 Msk] [TX_94] Фасилити: 14 | Интент: SCROLL_CONTENT_UP | Назначение (P1): 14 | Статус TX:[22:02:58 Msk] [TX_97] Фасилити: 14 | Интент: SCROLL_CONTENT_UP | Назначение (P1): 14 | Статус TX:[22:02:59 Msk] [TX_100] Фасилити: 102 | Интент: MOUSE_CLICK | Назначение (P1): 102 | Статус TX:[22:03:00 Msk] [TX_104] Фасилити: 14 | Интент: SCROLL_CONTENT_DOWN | Назначение (P1): 14 | Статус TX:[22:03:00 Msk] [TX_107] Фасилити: 108 | Интент: ADD_LOG_ENTRY | Назначение (P1): 108 | Статус TX: [22:03:00 Msk] [TX_108] Фасилити: 102 | Интент: INJECT_VFS_DATA | Назначение (P1): 102 | Статус TX: [22:03:00 Msk] [TX_110] Фасилити: 14 | Интент: SYNC_SCROLLBAR_METRICS | Назначение (P1): 14 | Статус TX: [22:03:00 Msk] [TX_114] Фасилити: 14 | Интент: SCROLL_CONTENT_DOWN | Назначение (P1): 14 | Статус TX:[22:03:00 Msk] [TX_117] Фасилити: 108 | Интент: ADD_LOG_ENTRY | Назначение (P1): 108 | Статус TX: [22:03:00 Msk] [TX_118] Фасилити: 102 | Интент: INJECT_VFS_DATA | Назначение (P1): 102 | Статус TX: [22:03:00 Msk] [TX_120] Фасилити: 14 | Интент: SYNC_SCROLLBAR_METRICS | Назначение (P1): 14 | Статус TX: [22:03:00 Msk] [TX_124] Фасилити: 14 | Интент: SCROLL_CONTENT_DOWN | Назначение (P1): 14 | Статус TX:[22:03:00 Msk] [TX_127] Фасилити: 108 | Интент: ADD_LOG_ENTRY | Назначение (P1): 108 | Статус TX: [22:03:00 Msk] [TX_128] Фасилити: 102 | Интент: INJECT_VFS_DATA | Назначение (P1): 102 | Статус TX: [22:03:00 Msk] [TX_130] Фасилити: 14 | Интент: SYNC_SCROLLBAR_METRICS | Назначение (P1): 14 | Статус TX: [22:03:00 Msk] [TX_134] Фасилити: 14 | Интент: SCROLL_CONTENT_DOWN | Назначение (P1): 14 | Статус TX:[22:03:00 Msk] [TX_137] Фасилити: 108 | Интент: ADD_LOG_ENTRY | Назначение (P1): 108 | Статус TX: [22:03:00 Msk] [TX_138] Фасилити: 102 | Интент: INJECT_VFS_DATA | Назначение (P1): 102 | Статус TX: [22:03:00 Msk] [TX_140] Фасилити: 14 | Интент: SYNC_SCROLLBAR_METRICS | Назначение (P1): 14 | Статус TX: [22:03:00 Msk] [TX_144] Фасилити: 14 | Интент: SCROLL_CONTENT_DOWN | Назначение (P1): 14 | Статус TX:[22:03:00 Msk] [TX_147] Фасилити: 108 | Интент: ADD_LOG_ENTRY | Назначение (P1): 108 | Статус TX: [22:03:00 Msk] [TX_148] Фасилити: 102 | Интент: INJECT_VFS_DATA | Назначение (P1): 102 | Статус TX: [22:03:00 Msk] [TX_150] Фасилити: 14 | Интент: SYNC_SCROLLBAR_METRICS | Назначение (P1): 14 | Статус TX: [22:03:00 Msk] [TX_154] Фасилити: 14 | Интент: SCROLL_CONTENT_UP | Назначение (P1): 14 | Статус TX:[22:03:00 Msk] [TX_157] Фасилити: 108 | Интент: ADD_LOG_ENTRY | Назначение (P1): 108 | Статус TX: [22:03:00 Msk] [TX_158] Фасилити: 102 | Интент: INJECT_VFS_DATA | Назначение (P1): 102 | Статус TX: [22:03:00 Msk] [TX_160] Фасилити: 14 | Интент: SYNC_SCROLLBAR_METRICS | Назначение (P1): 14 | Статус TX: [22:03:00 Msk] [TX_165] Фасилити: 14 | Интент: SCROLL_CONTENT_UP | Назначение (P1): 14 | Статус TX:[22:03:00 Msk] [TX_170] Фасилити: 108 | Интент: ADD_LOG_ENTRY | Назначение (P1): 108 | Статус TX: [22:03:00 Msk] [TX_171] Фасилити: 102 | Интент: INJECT_VFS_DATA | Назначение (P1): 102 | Статус TX: [22:03:00 Msk] [TX_176] Фасилити: 14 | Интент: SYNC_SCROLLBAR_METRICS | Назначение (P1): 14 | Статус TX: [22:03:00 Msk] [TX_177] Фасилити: 14 | Интент: SYNC_SCROLLBAR_METRICS | Назначение (P1): 14 | Статус TX: [22:03:00 Msk] [TX_183] Фасилити: 14 | Интент: SCROLL_CONTENT_UP | Назначение (P1): 14 | Статус TX:[22:03:00 Msk] [TX_188] Фасилити: 108 | Интент: ADD_LOG_ENTRY | Назначение (P1): 108 | Статус TX: [22:03:00 Msk] [TX_189] Фасилити: 102 | Интент: INJECT_VFS_DATA | Назначение (P1): 102 | Статус TX: [22:03:00 Msk] [TX_194] Фасилити: 14 | Интент: SYNC_SCROLLBAR_METRICS | Назначение (P1): 14 | Статус TX: [22:03:00 Msk] [TX_195] Фасилити: 14 | Интент: SYNC_SCROLLBAR_METRICS | Назначение (P1): 14 | Статус TX: [22:03:00 Msk] [TX_200] Фасилити: 14 | Интент: SCROLL_CONTENT_UP | Назначение (P1): 14 | Статус TX:[22:03:00 Msk] [TX_203] Фасилити: 14 | Интент: SCROLL_CONTENT_DOWN | Назначение (P1): 14 | Статус TX:[22:03:00 Msk] [TX_206] Фасилити: 108 | Интент: ADD_LOG_ENTRY | Назначение (P1): 108 | Статус TX: [22:03:00 Msk] [TX_207] Фасилити: 102 | Интент: INJECT_VFS_DATA | Назначение (P1): 102 | Статус TX: [22:03:00 Msk] [TX_209] Фасилити: 14 | Интент: SYNC_SCROLLBAR_METRICS | Назначение (P1): 14 | Статус TX: [22:03:00 Msk] [TX_213] Фасилити: 14 | Интент: SCROLL_CONTENT_DOWN | Назначение (P1): 14 | Статус TX:[22:03:00 Msk] [TX_216] Фасилити: 108 | Интент: ADD_LOG_ENTRY | Назначение (P1): 108 | Статус TX: [22:03:00 Msk] [TX_217] Фасилити: 102 | Интент: INJECT_VFS_DATA | Назначение (P1): 102 | Статус TX: [22:03:00 Msk] [TX_219] Фасилити: 14 | Интент: SYNC_SCROLLBAR_METRICS | Назначение (P1): 14 | Статус TX: [22:03:00 Msk] [TX_223] Фасилити: 14 | Интент: SCROLL_CONTENT_DOWN | Назначение (P1): 14 | Статус TX:[22:03:00 Msk] [TX_226] Фасилити: 108 | Интент: ADD_LOG_ENTRY | Назначение (P1): 108 | Статус TX: [22:03:00 Msk] [TX_227] Фасилити: 102 | Интент: INJECT_VFS_DATA | Назначение (P1): 102 | Статус TX: [22:03:00 Msk] [TX_229] Фасилити: 14 | Интент: SYNC_SCROLLBAR_METRICS | Назначение (P1): 14 | Статус TX: [22:03:00 Msk] [TX_233] Фасилити: 14 | Интент: SCROLL_CONTENT_DOWN | Назначение (P1): 14 | Статус TX:[22:03:00 Msk] [TX_236] Фасилити: 108 | Интент: ADD_LOG_ENTRY | Назначение (P1): 108 | Статус TX: [22:03:00 Msk] [TX_237] Фасилити: 102 | Интент: INJECT_VFS_DATA | Назначение (P1): 102 | Статус TX: [22:03:00 Msk] [TX_239] Фасилити: 14 | Интент: SYNC_SCROLLBAR_METRICS | Назначение (P1): 14 | Статус TX: [22:03:00 Msk] [TX_243] Фасилити: 14 | Интент: SCROLL_CONTENT_DOWN | Назначение (P1): 14 | Статус TX:[22:03:00 Msk] [TX_246] Фасилити: 108 | Интент: ADD_LOG_ENTRY | Назначение (P1): 108 | Статус TX: [22:03:00 Msk] [TX_247] Фасилити: 102 | Интент: INJECT_VFS_DATA | Назначение (P1): 102 | Статус TX: [22:03:00 Msk] [TX_249] Фасилити: 14 | Интент: SYNC_SCROLLBAR_METRICS | Назначение (P1): 14 | Статус TX: [22:03:00 Msk] [TX_253] Фасилити: 14 | Интент: SCROLL_CONTENT_UP | Назначение (P1): 14 | Статус TX:[22:03:00 Msk] [TX_256] Фасилити: 108 | Интент: ADD_LOG_ENTRY | Назначение (P1): 108 | Статус TX: [22:03:00 Msk] [TX_257] Фасилити: 102 | Интент: INJECT_VFS_DATA | Назначение (P1): 102 | Статус TX: [22:03:00 Msk] [TX_259] Фасилити: 14 | Интент: SYNC_SCROLLBAR_METRICS | Назначение (P1): 14 | Статус TX: [22:03:01 Msk] [TX_263] Фасилити: 14 | Интент: SCROLL_CONTENT_UP | Назначение (P1): 14 | Статус TX:[22:03:01 Msk] [TX_269] Фасилити: 14 | Интент: SCROLL_CONTENT_UP | Назначение (P1): 14 | Статус TX:[22:03:01 Msk] [TX_266] Фасилити: 108 | Интент: ADD_LOG_ENTRY | Назначение (P1): 108 | Статус TX: [22:03:01 Msk] [TX_267] Фасилити: 102 | Интент: INJECT_VFS_DATA | Назначение (P1): 102 | Статус TX: [22:03:01 Msk] [TX_272] Фасилити: 14 | Интент: SYNC_SCROLLBAR_METRICS | Назначение (P1): 14 | Статус TX: [22:03:01 Msk] [TX_275] Фасилити: 108 | Интент: ADD_LOG_ENTRY | Назначение (P1): 108 | Статус TX: [22:03:01 Msk] [TX_276] Фасилити: 102 | Интент: INJECT_VFS_DATA | Назначение (P1): 102 | Статус TX: [22:03:01 Msk] [TX_278] Фасилити: 14 | Интент: SYNC_SCROLLBAR_METRICS | Назначение (P1): 14 | Статус TX: [22:03:01 Msk] [TX_282] Фасилити: 14 | Интент: SCROLL_CONTENT_UP | Назначение (P1): 14 | Статус TX:[22:03:01 Msk] [TX_285] Фасилити: 108 | Интент: ADD_LOG_ENTRY | Назначение (P1): 108 | Статус TX: [22:03:01 Msk] [TX_286] Фасилити: 102 | Интент: INJECT_VFS_DATA | Назначение (P1): 102 | Статус TX: [22:03:01 Msk] [TX_288] Фасилити: 14 | Интент: SYNC_SCROLLBAR_METRICS | Назначение (P1): 14 | Статус TX: [22:03:01 Msk] [TX_292] Фасилити: 102 | Интент: MOUSE_CLICK | Назначение (P1): 102 | Статус TX:[22:05:56 Msk] [TX_3] Фасилити: 0 | Интент: init | Назначение (P1): 0 | Статус T[22:05:56 Msk] [TX_1] Фасилити: 9 | Интент: TRIGGER_RESIZE | Назначение (P1): 9 | Статус T[22:05:56 Msk] [TX_2] Фасилити: 11 | Интент: BOOT_LAYOUT_TREE | Назначение (P1): 11 | Статус T[22:05:56 Msk] [TX_6] Фасилити: 0 | Интент: SYNCHRONIZE_DYNAMIC_SLOT | Назначение (P1): 0 | Статус TX:[22:05:56 Msk] [TX_17] Фасилити: 12 | Интент: REGISTRATION_TAB_SPACE | Назначение (P1): 12 | Статус T[22:05:56 Msk] [TX_24] Фасилити: 14 | Интент: SYNC_SCROLLBAR_METRICS | Назначение (P1): 14 | Статус TX: [22:05:56 Msk] [TX_22] Фасилити: 108 | Интент: ADD_LOG_ENTRY | Назначение (P1): 108 | Статус TX[22:05:56 Msk] [TX_35] Фасилити: 9 | Интент: INJECT_GEO_MAP | Назначение (P1): 9 | Статус TX[22:05:56 Msk] [TX_27] Фасилити: 108 | Интент: ADD_LOG_ENTRY | Назначение (P1): 108 | Статус TX: [22:05:56 Msk] [TX_30] Фасилити: 103 | Интент: INJECT_VFS_DATA | Назначение (P1): 103 | Статус TX: [22:05:56 Msk] [TX_28] Фасилити: 102 | Интент: INJECT_VFS_DATA | Назначение (P1): 102 | Статус TX: [22:05:56 Msk] [TX_43] Фасилити: 14 | Интент: SYNC_SCROLLBAR_METRICS | Назначение (P1): 14 | Статус TX: [22:05:56 Msk] [TX_44] Фасилити: 14 | Интент: SYNC_SCROLLBAR_METRICS | Назначение (P1): 14 | Статус TX: [22:05:56 Msk] [TX_45] Фасилити: 14 | Интент: SYNC_SCROLLBAR_METRICS | Назначение (P1): 14 | Статус TX: [22:05:56 Msk] [TX_46] Фасилити: 14 | Интент: SYNC_SCROLLBAR_METRICS | Назначение (P1): 14 | Статус TX: [22:05:59 Msk] [TX_53] Фасилити: 14 | Интент: SCROLL_CONTENT_DOWN | Назначение (P1): 14 | Статус TX:[22:05:59 Msk] [TX_56] Фасилити: 108 | Интент: ADD_LOG_ENTRY | Назначение (P1): 108 | Статус TX: [22:05:59 Msk] [TX_57] Фасилити: 102 | Интент: INJECT_VFS_DATA | Назначение (P1): 102 | Статус TX: [22:05:59 Msk] [TX_59] Фасилити: 14 | Интент: SYNC_SCROLLBAR_METRICS | Назначение (P1): 14 | Статус TX: [22:05:59 Msk] [TX_63] Фасилити: 14 | Интент: SCROLL_CONTENT_DOWN | Назначение (P1): 14 | Статус TX:[22:05:59 Msk] [TX_66] Фасилити: 108 | Интент: ADD_LOG_ENTRY | Назначение (P1): 108 | Статус TX: [22:05:59 Msk] [TX_67] Фасилити: 102 | Интент: INJECT_VFS_DATA | Назначение (P1): 102 | Статус TX: [22:05:59 Msk] [TX_69] Фасилити: 14 | Интент: SYNC_SCROLLBAR_METRICS | Назначение (P1): 14 | Статус TX: [22:05:59 Msk] [TX_73] Фасилити: 14 | Интент: SCROLL_CONTENT_DOWN | Назначение (P1): 14 | Статус TX:[22:05:59 Msk] [TX_79] Фасилити: 14 | Интент: SCROLL_CONTENT_DOWN | Назначение (P1): 14 | Статус TX:[22:05:59 Msk] [TX_77] Фасилити: 108 | Интент: ADD_LOG_ENTRY | Назначение (P1): 108 | Статус TX: [22:05:59 Msk] [TX_78] Фасилити: 102 | Интент: INJECT_VFS_DATA | Назначение (P1): 102 | Статус TX: [22:05:59 Msk] [TX_82] Фасилити: 14 | Интент: SYNC_SCROLLBAR_METRICS | Назначение (P1): 14 | Статус TX: [22:05:59 Msk] [TX_85] Фасилити: 108 | Интент: ADD_LOG_ENTRY | Назначение (P1): 108 | Статус TX: [22:05:59 Msk] [TX_86] Фасилити: 102 | Интент: INJECT_VFS_DATA | Назначение (P1): 102 | Статус TX: [22:05:59 Msk] [TX_88] Фасилити: 14 | Интент: SYNC_SCROLLBAR_METRICS | Назначение (P1): 14 | Статус TX: [22:05:59 Msk] [TX_92] Фасилити: 14 | Интент: SCROLL_CONTENT_DOWN | Назначение (P1): 14 | Статус TX:[22:05:59 Msk] [TX_95] Фасилити: 108 | Интент: ADD_LOG_ENTRY | Назначение (P1): 108 | Статус TX: [22:05:59 Msk] [TX_96] Фасилити: 102 | Интент: INJECT_VFS_DATA | Назначение (P1): 102 | Статус TX: [22:05:59 Msk] [TX_98] Фасилити: 14 | Интент: SYNC_SCROLLBAR_METRICS | Назначение (P1): 14 | Статус TX: [22:05:59 Msk] [TX_102] Фасилити: 14 | Интент: SCROLL_CONTENT_DOWN | Назначение (P1): 14 | Статус TX:[22:05:59 Msk] [TX_105] Фасилити: 108 | Интент: ADD_LOG_ENTRY | Назначение (P1): 108 | Статус TX: [22:05:59 Msk] [TX_106] Фасилити: 102 | Интент: INJECT_VFS_DATA | Назначение (P1): 102 | Статус TX: [22:05:59 Msk] [TX_108] Фасилити: 14 | Интент: SYNC_SCROLLBAR_METRICS | Назначение (P1): 14 | Статус TX: [22:06:00 Msk] [TX_112] Фасилити: 14 | Интент: SCROLL_CONTENT_DOWN | Назначение (P1): 14 | Статус TX:[22:06:00 Msk] [TX_115] Фасилити: 108 | Интент: ADD_LOG_ENTRY | Назначение (P1): 108 | Статус TX: [22:06:00 Msk] [TX_116] Фасилити: 102 | Интент: INJECT_VFS_DATA | Назначение (P1): 102 | Статус TX: [22:06:00 Msk] [TX_118] Фасилити: 14 | Интент: SYNC_SCROLLBAR_METRICS | Назначение (P1): 14 | Статус TX: [22:06:00 Msk] [TX_122] Фасилити: 14 | Интент: SCROLL_CONTENT_UP | Назначение (P1): 14 | Статус TX:[22:06:00 Msk] [TX_125] Фасилити: 108 | Интент: ADD_LOG_ENTRY | Назначение (P1): 108 | Статус TX: [22:06:00 Msk] [TX_126] Фасилити: 102 | Интент: INJECT_VFS_DATA | Назначение (P1): 102 | Статус TX: [22:06:00 Msk] [TX_128] Фасилити: 14 | Интент: SYNC_SCROLLBAR_METRICS | Назначение (P1): 14 | Статус TX: [22:06:00 Msk] [TX_132] Фасилити: 14 | Интент: SCROLL_CONTENT_UP | Назначение (P1): 14 | Статус TX:[22:06:00 Msk] [TX_135] Фасилити: 108 | Интент: ADD_LOG_ENTRY | Назначение (P1): 108 | Статус TX: [22:06:00 Msk] [TX_136] Фасилити: 102 | Интент: INJECT_VFS_DATA | Назначение (P1): 102 | Статус TX: [22:06:00 Msk] [TX_138] Фасилити: 14 | Интент: SYNC_SCROLLBAR_METRICS | Назначение (P1): 14 | Статус TX: [22:06:00 Msk] [TX_142] Фасилити: 14 | Интент: SCROLL_CONTENT_UP | Назначение (P1): 14 | Статус TX:[22:06:00 Msk] [TX_145] Фасилити: 108 | Интент: ADD_LOG_ENTRY | Назначение (P1): 108 | Статус TX: [22:06:00 Msk] [TX_146] Фасилити: 102 | Интент: INJECT_VFS_DATA | Назначение (P1): 102 | Статус TX: [22:06:00 Msk] [TX_148] Фасилити: 14 | Интент: SYNC_SCROLLBAR_METRICS | Назначение (P1): 14 | Статус TX: [22:06:00 Msk] [TX_152] Фасилити: 14 | Интент: SCROLL_CONTENT_UP | Назначение (P1): 14 | Статус TX:[22:06:00 Msk] [TX_155] Фасилити: 108 | Интент: ADD_LOG_ENTRY | Назначение (P1): 108 | Статус TX: [22:06:00 Msk] [TX_156] Фасилити: 102 | Интент: INJECT_VFS_DATA | Назначение (P1): 102 | Статус TX: [22:06:00 Msk] [TX_158] Фасилити: 14 | Интент: SYNC_SCROLLBAR_METRICS | Назначение (P1): 14 | Статус TX: [22:06:00 Msk] [TX_162] Фасилити: 14 | Интент: SCROLL_CONTENT_UP | Назначение (P1): 14 | Статус TX:[22:06:00 Msk] [TX_165] Фасилити: 108 | Интент: ADD_LOG_ENTRY | Назначение (P1): 108 | Статус TX: [22:06:00 Msk] [TX_166] Фасилити: 102 | Интент: INJECT_VFS_DATA | Назначение (P1): 102 | Статус TX: [22:06:00 Msk] [TX_168] Фасилити: 14 | Интент: SYNC_SCROLLBAR_METRICS | Назначение (P1): 14 | Статус TX: [22:06:00 Msk] [TOP_GEN] Целевой Канал Шины: 0 | Интент: SET_SLOT_FOCUS | Конечная цель фокуса: 102
[22:06:00 Msk] [TX_173] Фасилити: 102 | Интент: MOUSE_CLICK | Назначение (P1): 102 | Статус TX:[22:06:00 Msk] [TX_172] Фасилити: 0 | Интент: SET_SLOT_FOCUS | Назначение (P1): 0 | Статус TX:[22:06:01 Msk] [TX_179] Фасилити: 14 | Интент: SCROLL_CONTENT_UP | Назначение (P1): 14 | Статус TX:[22:06:01 Msk] [TX_182] Фасилити: 108 | Интент: ADD_LOG_ENTRY | Назначение (P1): 108 | Статус TX: [22:06:01 Msk] [TX_183] Фасилити: 102 | Интент: INJECT_VFS_DATA | Назначение (P1): 102 | Статус TX: [22:06:01 Msk] [TX_185] Фасилити: 14 | Интент: SYNC_SCROLLBAR_METRICS | Назначение (P1): 14 | Статус TX: [22:06:01 Msk] [TX_189] Фасилити: 14 | Интент: SCROLL_CONTENT_UP | Назначение (P1): 14 | Статус TX:[22:06:01 Msk] [TX_192] Фасилити: 108 | Интент: ADD_LOG_ENTRY | Назначение (P1): 108 | Статус TX: [22:06:01 Msk] [TX_193] Фасилити: 102 | Интент: INJECT_VFS_DATA | Назначение (P1): 102 | Статус TX: [22:06:01 Msk] [TX_195] Фасилити: 14 | Интент: SYNC_SCROLLBAR_METRICS | Назначение (P1): 14 | Статус TX: [22:06:01 Msk] [TX_199] Фасилити: 14 | Интент: SCROLL_CONTENT_UP | Назначение (P1): 14 | Статус TX:[22:06:01 Msk] [TX_202] Фасилити: 14 | Интент: SCROLL_CONTENT_UP | Назначение (P1): 14 | Статус TX:[22:06:01 Msk] [TX_205] Фасилити: 14 | Интент: SCROLL_CONTENT_UP | Назначение (P1): 14 | Статус TX:[22:06:01 Msk] [TX_209] Фасилити: 14 | Интент: SCROLL_CONTENT_UP | Назначение (P1): 14 | Статус TX:[22:06:02 Msk] [TX_213] Фасилити: 102 | Интент: MOUSE_CLICK | Назначение (P1): 102 | Статус TX:[22:06:02 Msk] [TX_217] Фасилити: 14 | Интент: SCROLL_CONTENT_UP | Назначение (P1): 14 | Статус TX:[22:06:02 Msk] [TX_220] Фасилити: 14 | Интент: SCROLL_CONTENT_UP | Назначение (P1): 14 | Статус TX:[22:06:02 Msk] [TX_223] Фасилити: 14 | Интент: SCROLL_CONTENT_UP | Назначение (P1): 14 | Статус TX:[22:07:11 Msk] [TX_3] Фасилити: 0 | Интент: init | Назначение (P1): 0 | Статус T[22:07:11 Msk] [TX_1] Фасилити: 9 | Интент: TRIGGER_RESIZE | Назначение (P1): 9 | Статус T[22:07:11 Msk] [TX_2] Фасилити: 11 | Интент: BOOT_LAYOUT_TREE | Назначение (P1): 11 | Статус T[22:07:11 Msk] [TX_6] Фасилити: 0 | Интент: SYNCHRONIZE_DYNAMIC_SLOT | Назначение (P1): 0 | Статус TX:[22:07:11 Msk] [TX_17] Фасилити: 12 | Интент: REGISTRATION_TAB_SPACE | Назначение (P1): 12 | Статус T[22:07:11 Msk] [TX_24] Фасилити: 14 | Интент: SYNC_SCROLLBAR_METRICS | Назначение (P1): 14 | Статус TX: [22:07:11 Msk] [TX_22] Фасилити: 108 | Интент: ADD_LOG_ENTRY | Назначение (P1): 108 | Статус TX[22:07:11 Msk] [TX_27] Фасилити: 9 | Интент: INJECT_GEO_MAP | Назначение (P1): 9 | Статус TX[22:07:11 Msk] [TX_28] Фасилити: 108 | Интент: ADD_LOG_ENTRY | Назначение (P1): 108 | Статус TX: [22:07:11 Msk] [TX_31] Фасилити: 103 | Интент: INJECT_VFS_DATA | Назначение (P1): 103 | Статус TX: [22:07:11 Msk] [TX_29] Фасилити: 102 | Интент: INJECT_VFS_DATA | Назначение (P1): 102 | Статус TX: [22:07:11 Msk] [TX_43] Фасилити: 14 | Интент: SYNC_SCROLLBAR_METRICS | Назначение (P1): 14 | Статус TX: [22:07:11 Msk] [TX_44] Фасилити: 14 | Интент: SYNC_SCROLLBAR_METRICS | Назначение (P1): 14 | Статус TX: [22:07:11 Msk] [TX_45] Фасилити: 14 | Интент: SYNC_SCROLLBAR_METRICS | Назначение (P1): 14 | Статус TX: [22:07:11 Msk] [TX_46] Фасилити: 14 | Интент: SYNC_SCROLLBAR_METRICS | Назначение (P1): 14 | Статус TX: [22:07:13 Msk] [TOP_GEN] Целевой Канал Шины: 0 | Интент: SET_SLOT_FOCUS | Конечная цель фокуса: 102
[22:07:13 Msk] [TX_54] Фасилити: 102 | Интент: MOUSE_CLICK | Назначение (P1): 102 | Статус TX:[22:07:13 Msk] [TX_53] Фасилити: 0 | Интент: SET_SLOT_FOCUS | Назначение (P1): 0 | Статус TX:[22:07:15 Msk] [TX_60] Фасилити: 12 | Интент: TAB_CLICKED | Назначение (P1): 12 | Статус TX:[22:07:16 Msk] [TX_63] Фасилити: 12 | Интент: TAB_CLICKED | Назначение (P1): 12 | Статус TX:[22:07:17 Msk] [TX_66] Фасилити: 12 | Интент: TAB_CLICKED | Назначение (P1): 12 | Статус TX:[22:07:17 Msk] [TX_67] Фасилити: 104 | Интент: KEYBOARD_MODIFIER_CHANGED | Назначение (P1): 104 | Статус TX:[22:07:17 Msk] [TX_68] Фасилити: 108 | Интент: ADD_LOG_ENTRY | Назначение (P1): 108 | Статус TX:[22:07:17 Msk] [TX_75] Фасилити: 104 | Интент: ROTATE_STACK_DOWN | Назначение (P1): 104 | Статус TX:[22:07:17 Msk] [TX_78] Фасилити: 104 | Интент: ROTATE_STACK_DOWN | Назначение (P1): 104 | Статус TX:[22:07:17 Msk] [TX_81] Фасилити: 104 | Интент: ROTATE_STACK_DOWN | Назначение (P1): 104 | Статус TX:[22:07:17 Msk] [TX_84] Фасилити: 104 | Интент: ROTATE_STACK_UP | Назначение (P1): 104 | Статус TX:[22:07:17 Msk] [TX_87] Фасилити: 104 | Интент: ROTATE_STACK_UP | Назначение (P1): 104 | Статус TX:[22:07:17 Msk] [TX_90] Фасилити: 104 | Интент: ROTATE_STACK_UP | Назначение (P1): 104 | Статус TX:[22:07:17 Msk] [TX_93] Фасилити: 104 | Интент: ROTATE_STACK_UP | Назначение (P1): 104 | Статус TX:[22:07:17 Msk] [TX_96] Фасилити: 104 | Интент: ROTATE_STACK_DOWN | Назначение (P1): 104 | Статус TX:[22:07:18 Msk] [TOP_GEN] Целевой Канал Шины: 0 | Интент: SET_SLOT_FOCUS | Конечная цель фокуса: 102
[22:07:18 Msk] [TX_100] Фасилити: 12 | Интент: TAB_CLICKED | Назначение (P1): 12 | Статус TX:[22:07:18 Msk] [TX_99] Фасилити: 0 | Интент: SET_SLOT_FOCUS | Назначение (P1): 0 | Статус TX:[22:07:18 Msk] [TX_105] Фасилити: 102 | Интент: MOUSE_CLICK | Назначение (P1): 102 | Статус TX:[22:07:19 Msk] [TX_109] Фасилити: 14 | Интент: SCROLL_CONTENT_DOWN | Назначение (P1): 14 | Статус TX:[22:07:19 Msk] [TX_112] Фасилити: 108 | Интент: ADD_LOG_ENTRY | Назначение (P1): 108 | Статус TX: [22:07:19 Msk] [TX_113] Фасилити: 102 | Интент: INJECT_VFS_DATA | Назначение (P1): 102 | Статус TX: [22:07:19 Msk] [TX_115] Фасилити: 14 | Интент: SYNC_SCROLLBAR_METRICS | Назначение (P1): 14 | Статус TX: [22:07:19 Msk] [TX_119] Фасилити: 14 | Интент: SCROLL_CONTENT_UP | Назначение (P1): 14 | Статус TX:[22:07:19 Msk] [TX_122] Фасилити: 108 | Интент: ADD_LOG_ENTRY | Назначение (P1): 108 | Статус TX: [22:07:19 Msk] [TX_123] Фасилити: 102 | Интент: INJECT_VFS_DATA | Назначение (P1): 102 | Статус TX: [22:07:19 Msk] [TX_125] Фасилити: 14 | Интент: SYNC_SCROLLBAR_METRICS | Назначение (P1): 14 | Статус TX: [22:07:19 Msk] [TX_129] Фасилити: 14 | Интент: SCROLL_CONTENT_UP | Назначение (P1): 14 | Статус TX:[22:07:19 Msk] [TX_132] Фасилити: 14 | Интент: SCROLL_CONTENT_UP | Назначение (P1): 14 | Статус TX:[22:07:20 Msk] [TX_135] Фасилити: 12 | Интент: TAB_CLICKED | Назначение (P1): 12 | Статус TX:[22:07:21 Msk] [TX_138] Фасилити: 12 | Интент: TAB_CLICKED | Назначение (P1): 12 | Статус TX:[22:09:19 Msk] [TX_3] Фасилити: 0 | Интент: init | Назначение (P1): 0 | Статус T[22:09:19 Msk] [TX_1] Фасилити: 9 | Интент: TRIGGER_RESIZE | Назначение (P1): 9 | Статус T[22:09:19 Msk] [TX_2] Фасилити: 11 | Интент: BOOT_LAYOUT_TREE | Назначение (P1): 11 | Статус T[22:09:19 Msk] [TX_6] Фасилити: 0 | Интент: SYNCHRONIZE_DYNAMIC_SLOT | Назначение (P1): 0 | Статус TX:[22:09:19 Msk] [TX_17] Фасилити: 12 | Интент: REGISTRATION_TAB_SPACE | Назначение (P1): 12 | Статус T[22:09:19 Msk] [TX_24] Фасилити: 14 | Интент: SYNC_SCROLLBAR_METRICS | Назначение (P1): 14 | Статус TX: [22:09:19 Msk] [TX_22] Фасилити: 108 | Интент: ADD_LOG_ENTRY | Назначение (P1): 108 | Статус TX[22:09:19 Msk] [TX_27] Фасилити: 9 | Интент: INJECT_GEO_MAP | Назначение (P1): 9 | Статус TX[22:09:19 Msk] [TX_28] Фасилити: 108 | Интент: ADD_LOG_ENTRY | Назначение (P1): 108 | Статус TX: [22:09:19 Msk] [TX_31] Фасилити: 103 | Интент: INJECT_VFS_DATA | Назначение (P1): 103 | Статус TX: [22:09:19 Msk] [TX_29] Фасилити: 102 | Интент: INJECT_VFS_DATA | Назначение (P1): 102 | Статус TX: [22:09:19 Msk] [TX_43] Фасилити: 14 | Интент: SYNC_SCROLLBAR_METRICS | Назначение (P1): 14 | Статус TX: [22:09:19 Msk] [TX_44] Фасилити: 14 | Интент: SYNC_SCROLLBAR_METRICS | Назначение (P1): 14 | Статус TX: [22:09:19 Msk] [TX_45] Фасилити: 14 | Интент: SYNC_SCROLLBAR_METRICS | Назначение (P1): 14 | Статус TX: [22:09:19 Msk] [TX_46] Фасилити: 14 | Интент: SYNC_SCROLLBAR_METRICS | Назначение (P1): 14 | Статус TX: [22:09:22 Msk] [TOP_GEN] Целевой Канал Шины: 0 | Интент: SET_SLOT_FOCUS | Конечная цель фокуса: 102
[22:09:22 Msk] [TX_54] Фасилити: 102 | Интент: MOUSE_CLICK | Назначение (P1): 102 | Статус TX:[22:09:22 Msk] [TX_53] Фасилити: 0 | Интент: SET_SLOT_FOCUS | Назначение (P1): 0 | Статус TX:[22:09:22 Msk] [TX_60] Фасилити: 14 | Интент: SCROLL_CONTENT_DOWN | Назначение (P1): 14 | Статус TX:[22:09:22 Msk] [TX_63] Фасилити: 108 | Интент: ADD_LOG_ENTRY | Назначение (P1): 108 | Статус TX: [22:09:22 Msk] [TX_64] Фасилити: 102 | Интент: INJECT_VFS_DATA | Назначение (P1): 102 | Статус TX: [22:09:22 Msk] [TX_66] Фасилити: 14 | Интент: SYNC_SCROLLBAR_METRICS | Назначение (P1): 14 | Статус TX: [22:09:22 Msk] [TX_70] Фасилити: 14 | Интент: SCROLL_CONTENT_DOWN | Назначение (P1): 14 | Статус TX:[22:09:22 Msk] [TX_76] Фасилити: 14 | Интент: SCROLL_CONTENT_DOWN | Назначение (P1): 14 | Статус TX:[22:09:22 Msk] [TX_74] Фасилити: 108 | Интент: ADD_LOG_ENTRY | Назначение (P1): 108 | Статус TX: [22:09:22 Msk] [TX_75] Фасилити: 102 | Интент: INJECT_VFS_DATA | Назначение (P1): 102 | Статус TX: [22:09:22 Msk] [TX_79] Фасилити: 14 | Интент: SYNC_SCROLLBAR_METRICS | Назначение (P1): 14 | Статус TX: [22:09:22 Msk] [TX_85] Фасилити: 14 | Интент: SCROLL_CONTENT_DOWN | Назначение (P1): 14 | Статус TX:[22:09:22 Msk] [TX_83] Фасилити: 108 | Интент: ADD_LOG_ENTRY | Назначение (P1): 108 | Статус TX: [22:09:22 Msk] [TX_84] Фасилити: 102 | Интент: INJECT_VFS_DATA | Назначение (P1): 102 | Статус TX: [22:09:22 Msk] [TX_88] Фасилити: 14 | Интент: SYNC_SCROLLBAR_METRICS | Назначение (P1): 14 | Статус TX: [22:09:22 Msk] [TX_91] Фасилити: 108 | Интент: ADD_LOG_ENTRY | Назначение (P1): 108 | Статус TX: [22:09:22 Msk] [TX_92] Фасилити: 102 | Интент: INJECT_VFS_DATA | Назначение (P1): 102 | Статус TX: [22:09:22 Msk] [TX_94] Фасилити: 14 | Интент: SYNC_SCROLLBAR_METRICS | Назначение (P1): 14 | Статус TX: [22:09:22 Msk] [TX_98] Фасилити: 14 | Интент: SCROLL_CONTENT_DOWN | Назначение (P1): 14 | Статус TX:[22:09:22 Msk] [TX_101] Фасилити: 108 | Интент: ADD_LOG_ENTRY | Назначение (P1): 108 | Статус TX: [22:09:22 Msk] [TX_102] Фасилити: 102 | Интент: INJECT_VFS_DATA | Назначение (P1): 102 | Статус TX: [22:09:22 Msk] [TX_104] Фасилити: 14 | Интент: SYNC_SCROLLBAR_METRICS | Назначение (P1): 14 | Статус TX: [22:09:22 Msk] [TX_108] Фасилити: 14 | Интент: SCROLL_CONTENT_UP | Назначение (P1): 14 | Статус TX:[22:09:22 Msk] [TX_111] Фасилити: 108 | Интент: ADD_LOG_ENTRY | Назначение (P1): 108 | Статус TX: [22:09:22 Msk] [TX_112] Фасилити: 102 | Интент: INJECT_VFS_DATA | Назначение (P1): 102 | Статус TX: [22:09:22 Msk] [TX_114] Фасилити: 14 | Интент: SYNC_SCROLLBAR_METRICS | Назначение (P1): 14 | Статус TX: [22:09:22 Msk] [TX_118] Фасилити: 14 | Интент: SCROLL_CONTENT_UP | Назначение (P1): 14 | Статус TX:[22:09:22 Msk] [TX_121] Фасилити: 108 | Интент: ADD_LOG_ENTRY | Назначение (P1): 108 | Статус TX: [22:09:22 Msk] [TX_122] Фасилити: 102 | Интент: INJECT_VFS_DATA | Назначение (P1): 102 | Статус TX: [22:09:22 Msk] [TX_124] Фасилити: 14 | Интент: SYNC_SCROLLBAR_METRICS | Назначение (P1): 14 | Статус TX: [22:09:23 Msk] [TX_128] Фасилити: 14 | Интент: SCROLL_CONTENT_UP | Назначение (P1): 14 | Статус TX:[22:09:23 Msk] [TX_134] Фасилити: 14 | Интент: SCROLL_CONTENT_UP | Назначение (P1): 14 | Статус TX:[22:09:23 Msk] [TX_131] Фасилити: 108 | Интент: ADD_LOG_ENTRY | Назначение (P1): 108 | Статус TX: [22:09:23 Msk] [TX_132] Фасилити: 102 | Интент: INJECT_VFS_DATA | Назначение (P1): 102 | Статус TX: [22:09:23 Msk] [TX_137] Фасилити: 14 | Интент: SYNC_SCROLLBAR_METRICS | Назначение (P1): 14 | Статус TX: [22:09:23 Msk] [TX_143] Фасилити: 14 | Интент: SCROLL_CONTENT_UP | Назначение (P1): 14 | Статус TX:[22:09:23 Msk] [TX_140] Фасилити: 108 | Интент: ADD_LOG_ENTRY | Назначение (P1): 108 | Статус TX: [22:09:23 Msk] [TX_141] Фасилити: 102 | Интент: INJECT_VFS_DATA | Назначение (P1): 102 | Статус TX: [22:09:23 Msk] [TX_146] Фасилити: 14 | Интент: SYNC_SCROLLBAR_METRICS | Назначение (P1): 14 | Статус TX: [22:09:23 Msk] [TX_149] Фасилити: 108 | Интент: ADD_LOG_ENTRY | Назначение (P1): 108 | Статус TX: [22:09:23 Msk] [TX_150] Фасилити: 102 | Интент: INJECT_VFS_DATA | Назначение (P1): 102 | Статус TX: [22:09:23 Msk] [TX_152] Фасилити: 14 | Интент: SYNC_SCROLLBAR_METRICS | Назначение (P1): 14 | Статус TX: [22:09:23 Msk] [TX_156] Фасилити: 14 | Интент: SCROLL_CONTENT_UP | Назначение (P1): 14 | Статус TX:[22:09:23 Msk] [TX_159] Фасилити: 14 | Интент: SCROLL_CONTENT_DOWN | Назначение (P1): 14 | Статус TX:[22:09:23 Msk] [TX_162] Фасилити: 108 | Интент: ADD_LOG_ENTRY | Назначение (P1): 108 | Статус TX: [22:09:23 Msk] [TX_163] Фасилити: 102 | Интент: INJECT_VFS_DATA | Назначение (P1): 102 | Статус TX: [22:09:23 Msk] [TX_165] Фасилити: 14 | Интент: SYNC_SCROLLBAR_METRICS | Назначение (P1): 14 | Статус TX: [22:09:23 Msk] [TX_169] Фасилити: 14 | Интент: SCROLL_CONTENT_DOWN | Назначение (P1): 14 | Статус TX:[22:09:23 Msk] [TX_172] Фасилити: 108 | Интент: ADD_LOG_ENTRY | Назначение (P1): 108 | Статус TX: [22:09:23 Msk] [TX_173] Фасилити: 102 | Интент: INJECT_VFS_DATA | Назначение (P1): 102 | Статус TX: [22:09:23 Msk] [TX_175] Фасилити: 14 | Интент: SYNC_SCROLLBAR_METRICS | Назначение (P1): 14 | Статус TX: [22:09:23 Msk] [TX_179] Фасилити: 14 | Интент: SCROLL_CONTENT_DOWN | Назначение (P1): 14 | Статус TX:[22:09:23 Msk] [TX_182] Фасилити: 108 | Интент: ADD_LOG_ENTRY | Назначение (P1): 108 | Статус TX: [22:09:23 Msk] [TX_183] Фасилити: 102 | Интент: INJECT_VFS_DATA | Назначение (P1): 102 | Статус TX: [22:09:23 Msk] [TX_185] Фасилити: 14 | Интент: SYNC_SCROLLBAR_METRICS | Назначение (P1): 14 | Статус TX: [22:09:24 Msk] [TX_189] Фасилити: 102 | Интент: MOUSE_CLICK | Назначение (P1): 102 | Статус TX:[22:09:25 Msk] [TX_193] Фасилити: 12 | Интент: TAB_CLICKED | Назначение (P1): 12 | Статус TX:[22:09:26 Msk] [TX_196] Фасилити: 12 | Интент: TAB_CLICKED | Назначение (P1): 12 | Статус TX:[22:09:26 Msk] [TX_197] Фасилити: 104 | Интент: KEYBOARD_MODIFIER_CHANGED | Назначение (P1): 104 | Статус TX:[22:09:26 Msk] [TX_198] Фасилити: 108 | Интент: ADD_LOG_ENTRY | Назначение (P1): 108 | Статус TX:[22:10:58 Msk] [TX_3] Фасилити: 0 | Интент: init | Назначение (P1): 0 | Статус T[22:10:58 Msk] [TX_1] Фасилити: 9 | Интент: TRIGGER_RESIZE | Назначение (P1): 9 | Статус T[22:10:58 Msk] [TX_2] Фасилити: 11 | Интент: BOOT_LAYOUT_TREE | Назначение (P1): 11 | Статус T[22:10:58 Msk] [TX_6] Фасилити: 0 | Интент: SYNCHRONIZE_DYNAMIC_SLOT | Назначение (P1): 0 | Статус TX:[22:10:58 Msk] [TX_17] Фасилити: 12 | Интент: REGISTRATION_TAB_SPACE | Назначение (P1): 12 | Статус T[22:10:58 Msk] [TX_24] Фасилити: 14 | Интент: SYNC_SCROLLBAR_METRICS | Назначение (P1): 14 | Статус TX: [22:10:58 Msk] [TX_22] Фасилити: 108 | Интент: ADD_LOG_ENTRY | Назначение (P1): 108 | Статус TX[22:10:58 Msk] [TX_35] Фасилити: 9 | Интент: INJECT_GEO_MAP | Назначение (P1): 9 | Статус TX[22:10:58 Msk] [TX_27] Фасилити: 108 | Интент: ADD_LOG_ENTRY | Назначение (P1): 108 | Статус TX: [22:10:58 Msk] [TX_30] Фасилити: 103 | Интент: INJECT_VFS_DATA | Назначение (P1): 103 | Статус TX: [22:10:58 Msk] [TX_28] Фасилити: 102 | Интент: INJECT_VFS_DATA | Назначение (P1): 102 | Статус TX: [22:10:58 Msk] [TX_43] Фасилити: 14 | Интент: SYNC_SCROLLBAR_METRICS | Назначение (P1): 14 | Статус TX: [22:10:58 Msk] [TX_44] Фасилити: 14 | Интент: SYNC_SCROLLBAR_METRICS | Назначение (P1): 14 | Статус TX: [22:10:58 Msk] [TX_45] Фасилити: 14 | Интент: SYNC_SCROLLBAR_METRICS | Назначение (P1): 14 | Статус TX: [22:10:58 Msk] [TX_46] Фасилити: 14 | Интент: SYNC_SCROLLBAR_METRICS | Назначение (P1): 14 | Статус TX: [22:10:59 Msk] [TOP_GEN] Целевой Канал Шины: 0 | Интент: SET_SLOT_FOCUS | Конечная цель фокуса: 102
[22:10:59 Msk] [TX_54] Фасилити: 102 | Интент: MOUSE_CLICK | Назначение (P1): 102 | Статус TX:[22:10:59 Msk] [TX_53] Фасилити: 0 | Интент: SET_SLOT_FOCUS | Назначение (P1): 0 | Статус TX:[22:11:00 Msk] [TX_59] Фасилити: 14 | Интент: SCROLL_CONTENT_DOWN | Назначение (P1): 14 | Статус TX:[22:11:00 Msk] [TX_62] Фасилити: 108 | Интент: ADD_LOG_ENTRY | Назначение (P1): 108 | Статус TX: [22:11:00 Msk] [TX_63] Фасилити: 102 | Интент: INJECT_VFS_DATA | Назначение (P1): 102 | Статус TX: [22:11:00 Msk] [TX_65] Фасилити: 14 | Интент: SYNC_SCROLLBAR_METRICS | Назначение (P1): 14 | Статус TX: [22:11:00 Msk] [TX_69] Фасилити: 14 | Интент: SCROLL_CONTENT_DOWN | Назначение (P1): 14 | Статус TX:[22:11:00 Msk] [TX_72] Фасилити: 108 | Интент: ADD_LOG_ENTRY | Назначение (P1): 108 | Статус TX: [22:11:00 Msk] [TX_73] Фасилити: 102 | Интент: INJECT_VFS_DATA | Назначение (P1): 102 | Статус TX: [22:11:00 Msk] [TX_75] Фасилити: 14 | Интент: SYNC_SCROLLBAR_METRICS | Назначение (P1): 14 | Статус TX: [22:11:00 Msk] [TX_79] Фасилити: 14 | Интент: SCROLL_CONTENT_DOWN | Назначение (P1): 14 | Статус TX:[22:11:00 Msk] [TX_82] Фасилити: 108 | Интент: ADD_LOG_ENTRY | Назначение (P1): 108 | Статус TX: [22:11:00 Msk] [TX_83] Фасилити: 102 | Интент: INJECT_VFS_DATA | Назначение (P1): 102 | Статус TX: [22:11:00 Msk] [TX_85] Фасилити: 14 | Интент: SYNC_SCROLLBAR_METRICS | Назначение (P1): 14 | Статус TX: [22:11:00 Msk] [TX_89] Фасилити: 14 | Интент: SCROLL_CONTENT_UP | Назначение (P1): 14 | Статус TX:[22:11:00 Msk] [TX_92] Фасилити: 108 | Интент: ADD_LOG_ENTRY | Назначение (P1): 108 | Статус TX: [22:11:00 Msk] [TX_93] Фасилити: 102 | Интент: INJECT_VFS_DATA | Назначение (P1): 102 | Статус TX: [22:11:00 Msk] [TX_95] Фасилити: 14 | Интент: SYNC_SCROLLBAR_METRICS | Назначение (P1): 14 | Статус TX: [22:11:00 Msk] [TX_99] Фасилити: 14 | Интент: SCROLL_CONTENT_UP | Назначение (P1): 14 | Статус TX:[22:11:00 Msk] [TX_102] Фасилити: 108 | Интент: ADD_LOG_ENTRY | Назначение (P1): 108 | Статус TX: [22:11:00 Msk] [TX_103] Фасилити: 102 | Интент: INJECT_VFS_DATA | Назначение (P1): 102 | Статус TX: [22:11:00 Msk] [TX_105] Фасилити: 14 | Интент: SYNC_SCROLLBAR_METRICS | Назначение (P1): 14 | Статус TX: [22:11:01 Msk] [TX_109] Фасилити: 12 | Интент: TAB_CLICKED | Назначение (P1): 12 | Статус TX:[22:11:01 Msk] [TX_110] Фасилити: 104 | Интент: KEYBOARD_MODIFIER_CHANGED | Назначение (P1): 104 | Статус TX:[22:11:01 Msk] [TX_111] Фасилити: 108 | Интент: ADD_LOG_ENTRY | Назначение (P1): 108 | Статус TX:[22:11:02 Msk] [TOP_GEN] Целевой Канал Шины: 0 | Интент: SET_SLOT_FOCUS | Конечная цель фокуса: 102
[22:11:02 Msk] [TX_119] Фасилити: 12 | Интент: TAB_CLICKED | Назначение (P1): 12 | Статус TX:[22:11:02 Msk] [TX_118] Фасилити: 0 | Интент: SET_SLOT_FOCUS | Назначение (P1): 0 | Статус TX:[22:11:03 Msk] [TX_124] Фасилити: 12 | Интент: TAB_CLICKED | Назначение (P1): 12 | Статус TX:[22:12:07 Msk] [TX_3] Фасилити: 0 | Интент: init | Назначение (P1): 0 | Статус T[22:12:07 Msk] [TX_1] Фасилити: 9 | Интент: TRIGGER_RESIZE | Назначение (P1): 9 | Статус T[22:12:07 Msk] [TX_2] Фасилити: 11 | Интент: BOOT_LAYOUT_TREE | Назначение (P1): 11 | Статус T[22:12:07 Msk] [TX_6] Фасилити: 0 | Интент: SYNCHRONIZE_DYNAMIC_SLOT | Назначение (P1): 0 | Статус TX:[22:12:07 Msk] [TX_17] Фасилити: 12 | Интент: REGISTRATION_TAB_SPACE | Назначение (P1): 12 | Статус T[22:12:07 Msk] [TX_24] Фасилити: 14 | Интент: SYNC_SCROLLBAR_METRICS | Назначение (P1): 14 | Статус TX: [22:12:07 Msk] [TX_22] Фасилити: 108 | Интент: ADD_LOG_ENTRY | Назначение (P1): 108 | Статус TX[22:12:07 Msk] [TX_35] Фасилити: 9 | Интент: INJECT_GEO_MAP | Назначение (P1): 9 | Статус TX[22:12:07 Msk] [TX_27] Фасилити: 108 | Интент: ADD_LOG_ENTRY | Назначение (P1): 108 | Статус TX: [22:12:07 Msk] [TX_30] Фасилити: 103 | Интент: INJECT_VFS_DATA | Назначение (P1): 103 | Статус TX: [22:12:07 Msk] [TX_28] Фасилити: 102 | Интент: INJECT_VFS_DATA | Назначение (P1): 102 | Статус TX: [22:12:07 Msk] [TX_43] Фасилити: 14 | Интент: SYNC_SCROLLBAR_METRICS | Назначение (P1): 14 | Статус TX: [22:12:07 Msk] [TX_44] Фасилити: 14 | Интент: SYNC_SCROLLBAR_METRICS | Назначение (P1): 14 | Статус TX: [22:12:07 Msk] [TX_45] Фасилити: 14 | Интент: SYNC_SCROLLBAR_METRICS | Назначение (P1): 14 | Статус TX: [22:12:07 Msk] [TX_46] Фасилити: 14 | Интент: SYNC_SCROLLBAR_METRICS | Назначение (P1): 14 | Статус TX: [22:12:09 Msk] [TOP_GEN] Целевой Канал Шины: 0 | Интент: SET_SLOT_FOCUS | Конечная цель фокуса: 102
[22:12:09 Msk] [TX_54] Фасилити: 12 | Интент: TAB_CLICKED | Назначение (P1): 12 | Статус TX:[22:12:09 Msk] [TX_53] Фасилити: 0 | Интент: SET_SLOT_FOCUS | Назначение (P1): 0 | Статус TX:[22:12:10 Msk] [TX_59] Фасилити: 14 | Интент: SCROLL_CONTENT_DOWN | Назначение (P1): 14 | Статус TX:[22:12:10 Msk] [TX_62] Фасилити: 108 | Интент: ADD_LOG_ENTRY | Назначение (P1): 108 | Статус TX: [22:12:10 Msk] [TX_63] Фасилити: 102 | Интент: INJECT_VFS_DATA | Назначение (P1): 102 | Статус TX: [22:12:10 Msk] [TX_65] Фасилити: 14 | Интент: SYNC_SCROLLBAR_METRICS | Назначение (P1): 14 | Статус TX: [22:12:10 Msk] [TX_69] Фасилити: 14 | Интент: SCROLL_CONTENT_DOWN | Назначение (P1): 14 | Статус TX:[22:12:10 Msk] [TX_72] Фасилити: 108 | Интент: ADD_LOG_ENTRY | Назначение (P1): 108 | Статус TX: [22:12:10 Msk] [TX_73] Фасилити: 102 | Интент: INJECT_VFS_DATA | Назначение (P1): 102 | Статус TX: [22:12:10 Msk] [TX_75] Фасилити: 14 | Интент: SYNC_SCROLLBAR_METRICS | Назначение (P1): 14 | Статус TX: [22:12:10 Msk] [TX_79] Фасилити: 14 | Интент: SCROLL_CONTENT_DOWN | Назначение (P1): 14 | Статус TX:[22:12:10 Msk] [TX_82] Фасилити: 108 | Интент: ADD_LOG_ENTRY | Назначение (P1): 108 | Статус TX: [22:12:10 Msk] [TX_83] Фасилити: 102 | Интент: INJECT_VFS_DATA | Назначение (P1): 102 | Статус TX: [22:12:10 Msk] [TX_85] Фасилити: 14 | Интент: SYNC_SCROLLBAR_METRICS | Назначение (P1): 14 | Статус TX: [22:12:10 Msk] [TX_89] Фасилити: 14 | Интент: SCROLL_CONTENT_UP | Назначение (P1): 14 | Статус TX:[22:12:10 Msk] [TX_92] Фасилити: 108 | Интент: ADD_LOG_ENTRY | Назначение (P1): 108 | Статус TX: [22:12:10 Msk] [TX_93] Фасилити: 102 | Интент: INJECT_VFS_DATA | Назначение (P1): 102 | Статус TX: [22:12:10 Msk] [TX_95] Фасилити: 14 | Интент: SYNC_SCROLLBAR_METRICS | Назначение (P1): 14 | Статус TX: [22:12:10 Msk] [TX_99] Фасилити: 14 | Интент: SCROLL_CONTENT_UP | Назначение (P1): 14 | Статус TX:[22:12:10 Msk] [TX_102] Фасилити: 108 | Интент: ADD_LOG_ENTRY | Назначение (P1): 108 | Статус TX: [22:12:10 Msk] [TX_103] Фасилити: 102 | Интент: INJECT_VFS_DATA | Назначение (P1): 102 | Статус TX: [22:12:10 Msk] [TX_105] Фасилити: 14 | Интент: SYNC_SCROLLBAR_METRICS | Назначение (P1): 14 | Статус TX: [22:12:10 Msk] [TX_109] Фасилити: 14 | Интент: SCROLL_CONTENT_UP | Назначение (P1): 14 | Статус TX:[22:12:10 Msk] [TX_112] Фасилити: 108 | Интент: ADD_LOG_ENTRY | Назначение (P1): 108 | Статус TX: [22:12:10 Msk] [TX_113] Фасилити: 102 | Интент: INJECT_VFS_DATA | Назначение (P1): 102 | Статус TX: [22:12:10 Msk] [TX_115] Фасилити: 14 | Интент: SYNC_SCROLLBAR_METRICS | Назначение (P1): 14 | Статус TX: [22:12:10 Msk] [TX_119] Фасилити: 14 | Интент: SCROLL_CONTENT_DOWN | Назначение (P1): 14 | Статус TX:[22:12:10 Msk] [TX_122] Фасилити: 108 | Интент: ADD_LOG_ENTRY | Назначение (P1): 108 | Статус TX: [22:12:10 Msk] [TX_123] Фасилити: 102 | Интент: INJECT_VFS_DATA | Назначение (P1): 102 | Статус TX: [22:12:10 Msk] [TX_125] Фасилити: 14 | Интент: SYNC_SCROLLBAR_METRICS | Назначение (P1): 14 | Статус TX: [22:12:10 Msk] [TX_129] Фасилити: 14 | Интент: SCROLL_CONTENT_DOWN | Назначение (P1): 14 | Статус TX:[22:12:10 Msk] [TX_132] Фасилити: 108 | Интент: ADD_LOG_ENTRY | Назначение (P1): 108 | Статус TX: [22:12:10 Msk] [TX_133] Фасилити: 102 | Интент: INJECT_VFS_DATA | Назначение (P1): 102 | Статус TX: [22:12:10 Msk] [TX_135] Фасилити: 14 | Интент: SYNC_SCROLLBAR_METRICS | Назначение (P1): 14 | Статус TX: [22:12:12 Msk] [TOP_GEN] Целевой Канал Шины: 0 | Интент: SET_SLOT_FOCUS | Конечная цель фокуса: 108
[22:12:12 Msk] [TX_139] Фасилити: 0 | Интент: SET_SLOT_FOCUS | Назначение (P1): 0 | Статус TX:[22:12:12 Msk] [TOP_GEN] Целевой Канал Шины: 0 | Интент: SET_SLOT_FOCUS | Конечная цель фокуса: 104
[22:12:12 Msk] [TX_144] Фасилити: 0 | Интент: SET_SLOT_FOCUS | Назначение (P1): 0 | Статус TX:[22:12:13 Msk] [TX_149] Фасилити: 104 | Интент: ROTATE_STACK_DOWN | Назначение (P1): 104 | Статус TX:[22:12:13 Msk] [TX_152] Фасилити: 104 | Интент: ROTATE_STACK_DOWN | Назначение (P1): 104 | Статус TX:[22:12:13 Msk] [TX_155] Фасилити: 104 | Интент: ROTATE_STACK_DOWN | Назначение (P1): 104 | Статус TX:[22:12:13 Msk] [TX_158] Фасилити: 104 | Интент: ROTATE_STACK_DOWN | Назначение (P1): 104 | Статус TX:[22:12:13 Msk] [TX_161] Фасилити: 104 | Интент: ROTATE_STACK_UP | Назначение (P1): 104 | Статус TX:[22:12:13 Msk] [TX_164] Фасилити: 104 | Интент: ROTATE_STACK_UP | Назначение (P1): 104 | Статус TX:[22:12:13 Msk] [TX_167] Фасилити: 104 | Интент: ROTATE_STACK_UP | Назначение (P1): 104 | Статус TX:[22:12:13 Msk] [TX_170] Фасилити: 104 | Интент: ROTATE_STACK_UP | Назначение (P1): 104 | Статус TX:[22:12:13 Msk] [TX_173] Фасилити: 104 | Интент: ROTATE_STACK_DOWN | Назначение (P1): 104 | Статус TX:[22:12:13 Msk] [TX_176] Фасилити: 104 | Интент: ROTATE_STACK_DOWN | Назначение (P1): 104 | Статус TX:[22:12:14 Msk] [TOP_GEN] Целевой Канал Шины: 0 | Интент: SET_SLOT_FOCUS | Конечная цель фокуса: 102
[22:12:14 Msk] [TX_180] Фасилити: 102 | Интент: MOUSE_CLICK | Назначение (P1): 102 | Статус TX:[22:12:14 Msk] [TX_179] Фасилити: 0 | Интент: SET_SLOT_FOCUS | Назначение (P1): 0 | Статус TX:[22:12:14 Msk] [TX_186] Фасилити: 14 | Интент: SCROLL_CONTENT_DOWN | Назначение (P1): 14 | Статус TX:[22:12:14 Msk] [TX_189] Фасилити: 108 | Интент: ADD_LOG_ENTRY | Назначение (P1): 108 | Статус TX: [22:12:14 Msk] [TX_190] Фасилити: 102 | Интент: INJECT_VFS_DATA | Назначение (P1): 102 | Статус TX: [22:12:14 Msk] [TX_192] Фасилити: 14 | Интент: SYNC_SCROLLBAR_METRICS | Назначение (P1): 14 | Статус TX: [22:12:14 Msk] [TX_196] Фасилити: 14 | Интент: SCROLL_CONTENT_DOWN | Назначение (P1): 14 | Статус TX:[22:12:14 Msk] [TX_199] Фасилити: 108 | Интент: ADD_LOG_ENTRY | Назначение (P1): 108 | Статус TX: [22:12:14 Msk] [TX_200] Фасилити: 102 | Интент: INJECT_VFS_DATA | Назначение (P1): 102 | Статус TX: [22:12:14 Msk] [TX_202] Фасилити: 14 | Интент: SYNC_SCROLLBAR_METRICS | Назначение (P1): 14 | Статус TX: [22:12:14 Msk] [TX_206] Фасилити: 14 | Интент: SCROLL_CONTENT_DOWN | Назначение (P1): 14 | Статус TX:[22:12:14 Msk] [TX_209] Фасилити: 108 | Интент: ADD_LOG_ENTRY | Назначение (P1): 108 | Статус TX: [22:12:14 Msk] [TX_210] Фасилити: 102 | Интент: INJECT_VFS_DATA | Назначение (P1): 102 | Статус TX: [22:12:14 Msk] [TX_212] Фасилити: 14 | Интент: SYNC_SCROLLBAR_METRICS | Назначение (P1): 14 | Статус TX: [22:12:14 Msk] [TX_216] Фасилити: 14 | Интент: SCROLL_CONTENT_UP | Назначение (P1): 14 | Статус TX:[22:12:14 Msk] [TX_219] Фасилити: 108 | Интент: ADD_LOG_ENTRY | Назначение (P1): 108 | Статус TX: [22:12:14 Msk] [TX_220] Фасилити: 102 | Интент: INJECT_VFS_DATA | Назначение (P1): 102 | Статус TX: [22:12:14 Msk] [TX_222] Фасилити: 14 | Интент: SYNC_SCROLLBAR_METRICS | Назначение (P1): 14 | Статус TX: [22:12:14 Msk] [TX_226] Фасилити: 14 | Интент: SCROLL_CONTENT_UP | Назначение (P1): 14 | Статус TX:[22:12:14 Msk] [TX_232] Фасилити: 14 | Интент: SCROLL_CONTENT_UP | Назначение (P1): 14 | Статус TX:[22:12:14 Msk] [TX_230] Фасилити: 108 | Интент: ADD_LOG_ENTRY | Назначение (P1): 108 | Статус TX: [22:12:14 Msk] [TX_231] Фасилити: 102 | Интент: INJECT_VFS_DATA | Назначение (P1): 102 | Статус TX: [22:12:14 Msk] [TX_235] Фасилити: 14 | Интент: SYNC_SCROLLBAR_METRICS | Назначение (P1): 14 | Статус TX: [22:12:14 Msk] [TX_241] Фасилити: 14 | Интент: SCROLL_CONTENT_UP | Назначение (P1): 14 | Статус TX:[22:12:14 Msk] [TX_239] Фасилити: 108 | Интент: ADD_LOG_ENTRY | Назначение (P1): 108 | Статус TX: [22:12:14 Msk] [TX_240] Фасилити: 102 | Интент: INJECT_VFS_DATA | Назначение (P1): 102 | Статус TX: [22:12:14 Msk] [TX_244] Фасилити: 14 | Интент: SYNC_SCROLLBAR_METRICS | Назначение (P1): 14 | Статус TX: [22:12:14 Msk] [TX_250] Фасилити: 14 | Интент: SCROLL_CONTENT_UP | Назначение (P1): 14 | Статус TX:[22:12:14 Msk] [TX_248] Фасилити: 108 | Интент: ADD_LOG_ENTRY | Назначение (P1): 108 | Статус TX: [22:12:14 Msk] [TX_249] Фасилити: 102 | Интент: INJECT_VFS_DATA | Назначение (P1): 102 | Статус TX: [22:12:14 Msk] [TX_253] Фасилити: 14 | Интент: SYNC_SCROLLBAR_METRICS | Назначение (P1): 14 | Статус TX: [22:12:14 Msk] [TX_256] Фасилити: 108 | Интент: ADD_LOG_ENTRY | Назначение (P1): 108 | Статус TX: [22:12:14 Msk] [TX_257] Фасилити: 102 | Интент: INJECT_VFS_DATA | Назначение (P1): 102 | Статус TX: [22:12:14 Msk] [TX_259] Фасилити: 14 | Интент: SYNC_SCROLLBAR_METRICS | Назначение (P1): 14 | Статус TX: [22:12:14 Msk] [TX_263] Фасилити: 14 | Интент: SCROLL_CONTENT_DOWN | Назначение (P1): 14 | Статус TX:[22:12:14 Msk] [TX_266] Фасилити: 108 | Интент: ADD_LOG_ENTRY | Назначение (P1): 108 | Статус TX: [22:12:14 Msk] [TX_267] Фасилити: 102 | Интент: INJECT_VFS_DATA | Назначение (P1): 102 | Статус TX: [22:12:14 Msk] [TX_269] Фасилити: 14 | Интент: SYNC_SCROLLBAR_METRICS | Назначение (P1): 14 | Статус TX: [22:12:14 Msk] [TX_273] Фасилити: 14 | Интент: SCROLL_CONTENT_DOWN | Назначение (P1): 14 | Статус TX:[22:12:14 Msk] [TX_276] Фасилити: 108 | Интент: ADD_LOG_ENTRY | Назначение (P1): 108 | Статус TX: [22:12:14 Msk] [TX_277] Фасилити: 102 | Интент: INJECT_VFS_DATA | Назначение (P1): 102 | Статус TX: [22:12:14 Msk] [TX_279] Фасилити: 14 | Интент: SYNC_SCROLLBAR_METRICS | Назначение (P1): 14 | Статус TX: [22:12:14 Msk] [TX_283] Фасилити: 14 | Интент: SCROLL_CONTENT_DOWN | Назначение (P1): 14 | Статус TX:[22:12:14 Msk] [TX_286] Фасилити: 108 | Интент: ADD_LOG_ENTRY | Назначение (P1): 108 | Статус TX: [22:12:14 Msk] [TX_287] Фасилити: 102 | Интент: INJECT_VFS_DATA | Назначение (P1): 102 | Статус TX: [22:12:14 Msk] [TX_289] Фасилити: 14 | Интент: SYNC_SCROLLBAR_METRICS | Назначение (P1): 14 | Статус TX: [22:12:14 Msk] [TX_293] Фасилити: 14 | Интент: SCROLL_CONTENT_UP | Назначение (P1): 14 | Статус TX:[22:12:14 Msk] [TX_296] Фасилити: 108 | Интент: ADD_LOG_ENTRY | Назначение (P1): 108 | Статус TX: [22:12:14 Msk] [TX_297] Фасилити: 102 | Интент: INJECT_VFS_DATA | Назначение (P1): 102 | Статус TX: [22:12:14 Msk] [TX_299] Фасилити: 14 | Интент: SYNC_SCROLLBAR_METRICS | Назначение (P1): 14 | Статус TX: [22:14:12 Msk] [TX_3] Фасилити: 0 | Интент: init | Назначение (P1): 0 | Статус T[22:14:12 Msk] [TX_1] Фасилити: 9 | Интент: TRIGGER_RESIZE | Назначение (P1): 9 | Статус T[22:14:12 Msk] [TX_2] Фасилити: 11 | Интент: BOOT_LAYOUT_TREE | Назначение (P1): 11 | Статус T[22:14:12 Msk] [TX_8] Фасилити: 0 | Интент: SYNCHRONIZE_DYNAMIC_SLOT | Назначение (P1): 0 | Статус TX:[22:14:12 Msk] [TX_19] Фасилити: 12 | Интент: REGISTRATION_TAB_SPACE | Назначение (P1): 12 | Статус T[22:14:12 Msk] [TX_24] Фасилити: 108 | Интент: ADD_LOG_ENTRY | Назначение (P1): 108 | Статус TX[22:14:12 Msk] [TX_28] Фасилити: 9 | Интент: INJECT_GEO_MAP | Назначение (P1): 9 | Статус TX[22:14:12 Msk] [TX_29] Фасилити: 108 | Интент: ADD_LOG_ENTRY | Назначение (P1): 108 | Статус TX: [22:14:12 Msk] [TX_32] Фасилити: 103 | Интент: INJECT_VFS_DATA | Назначение (P1): 103 | Статус TX: [22:14:12 Msk] [TX_30] Фасилити: 102 | Интент: INJECT_VFS_DATA | Назначение (P1): 102 | Статус TX: [22:14:12 Msk] [TX_44] Фасилити: 14 | Интент: SYNC_SCROLLBAR_METRICS | Назначение (P1): 14 | Статус TX: [22:14:12 Msk] [TX_45] Фасилити: 14 | Интент: SYNC_SCROLLBAR_METRICS | Назначение (P1): 14 | Статус TX: [22:14:12 Msk] [TX_46] Фасилити: 14 | Интент: SYNC_SCROLLBAR_METRICS | Назначение (P1): 14 | Статус TX: [22:14:12 Msk] [TX_47] Фасилити: 14 | Интент: SYNC_SCROLLBAR_METRICS | Назначение (P1): 14 | Статус TX: [22:14:12 Msk] [TX_49] Фасилити: 14 | Интент: SYNC_SCROLLBAR_METRICS | Назначение (P1): 14 | Статус TX: [22:14:16 Msk] [TOP_GEN] Целевой Канал Шины: 0 | Интент: SET_SLOT_FOCUS | Конечная цель фокуса: 102
[22:14:16 Msk] [TX_57] Фасилити: 102 | Интент: MOUSE_CLICK | Назначение (P1): 102 | Статус TX:[22:14:16 Msk] [TX_56] Фасилити: 0 | Интент: SET_SLOT_FOCUS | Назначение (P1): 0 | Статус TX:[22:14:16 Msk] [TX_63] Фасилити: 14 | Интент: SCROLL_CONTENT_DOWN | Назначение (P1): 14 | Статус TX:[22:14:16 Msk] [TX_66] Фасилити: 108 | Интент: ADD_LOG_ENTRY | Назначение (P1): 108 | Статус TX: [22:14:16 Msk] [TX_67] Фасилити: 102 | Интент: INJECT_VFS_DATA | Назначение (P1): 102 | Статус TX: [22:14:16 Msk] [TX_69] Фасилити: 14 | Интент: SYNC_SCROLLBAR_METRICS | Назначение (P1): 14 | Статус TX: [22:14:16 Msk] [TX_73] Фасилити: 14 | Интент: SCROLL_CONTENT_DOWN | Назначение (P1): 14 | Статус TX:[22:14:16 Msk] [TX_76] Фасилити: 108 | Интент: ADD_LOG_ENTRY | Назначение (P1): 108 | Статус TX: [22:14:16 Msk] [TX_77] Фасилити: 102 | Интент: INJECT_VFS_DATA | Назначение (P1): 102 | Статус TX: [22:14:16 Msk] [TX_79] Фасилити: 14 | Интент: SYNC_SCROLLBAR_METRICS | Назначение (P1): 14 | Статус TX: [22:14:16 Msk] [TX_83] Фасилити: 14 | Интент: SCROLL_CONTENT_DOWN | Назначение (P1): 14 | Статус TX:[22:14:16 Msk] [TX_86] Фасилити: 108 | Интент: ADD_LOG_ENTRY | Назначение (P1): 108 | Статус TX: [22:14:16 Msk] [TX_87] Фасилити: 102 | Интент: INJECT_VFS_DATA | Назначение (P1): 102 | Статус TX: [22:14:16 Msk] [TX_89] Фасилити: 14 | Интент: SYNC_SCROLLBAR_METRICS | Назначение (P1): 14 | Статус TX: [22:14:16 Msk] [TX_93] Фасилити: 14 | Интент: SCROLL_CONTENT_UP | Назначение (P1): 14 | Статус TX:[22:14:16 Msk] [TX_96] Фасилити: 108 | Интент: ADD_LOG_ENTRY | Назначение (P1): 108 | Статус TX: [22:14:16 Msk] [TX_97] Фасилити: 102 | Интент: INJECT_VFS_DATA | Назначение (P1): 102 | Статус TX: [22:14:16 Msk] [TX_99] Фасилити: 14 | Интент: SYNC_SCROLLBAR_METRICS | Назначение (P1): 14 | Статус TX: [22:14:16 Msk] [TX_103] Фасилити: 14 | Интент: SCROLL_CONTENT_UP | Назначение (P1): 14 | Статус TX:[22:14:16 Msk] [TX_109] Фасилити: 14 | Интент: SCROLL_CONTENT_UP | Назначение (P1): 14 | Статус TX:[22:14:16 Msk] [TX_107] Фасилити: 108 | Интент: ADD_LOG_ENTRY | Назначение (P1): 108 | Статус TX: [22:14:16 Msk] [TX_108] Фасилити: 102 | Интент: INJECT_VFS_DATA | Назначение (P1): 102 | Статус TX: [22:14:16 Msk] [TX_112] Фасилити: 14 | Интент: SYNC_SCROLLBAR_METRICS | Назначение (P1): 14 | Статус TX: [22:14:16 Msk] [TX_118] Фасилити: 14 | Интент: SCROLL_CONTENT_UP | Назначение (P1): 14 | Статус TX:[22:14:16 Msk] [TX_115] Фасилити: 108 | Интент: ADD_LOG_ENTRY | Назначение (P1): 108 | Статус TX: [22:14:16 Msk] [TX_116] Фасилити: 102 | Интент: INJECT_VFS_DATA | Назначение (P1): 102 | Статус TX: [22:14:16 Msk] [TX_120] Фасилити: 14 | Интент: SYNC_SCROLLBAR_METRICS | Назначение (P1): 14 | Статус TX: [22:14:16 Msk] [TX_124] Фасилити: 14 | Интент: SCROLL_CONTENT_UP | Назначение (P1): 14 | Статус TX:[22:14:17 Msk] [TX_127] Фасилити: 14 | Интент: SCROLL_CONTENT_DOWN | Назначение (P1): 14 | Статус TX:[22:14:17 Msk] [TX_130] Фасилити: 108 | Интент: ADD_LOG_ENTRY | Назначение (P1): 108 | Статус TX: [22:14:17 Msk] [TX_131] Фасилити: 102 | Интент: INJECT_VFS_DATA | Назначение (P1): 102 | Статус TX: [22:14:17 Msk] [TX_133] Фасилити: 14 | Интент: SYNC_SCROLLBAR_METRICS | Назначение (P1): 14 | Статус TX: [22:14:17 Msk] [TX_137] Фасилити: 14 | Интент: SCROLL_CONTENT_DOWN | Назначение (P1): 14 | Статус TX:[22:14:17 Msk] [TX_140] Фасилити: 108 | Интент: ADD_LOG_ENTRY | Назначение (P1): 108 | Статус TX: [22:14:17 Msk] [TX_141] Фасилити: 102 | Интент: INJECT_VFS_DATA | Назначение (P1): 102 | Статус TX: [22:14:17 Msk] [TX_143] Фасилити: 14 | Интент: SYNC_SCROLLBAR_METRICS | Назначение (P1): 14 | Статус TX: [22:14:17 Msk] [TX_147] Фасилити: 14 | Интент: SCROLL_CONTENT_DOWN | Назначение (P1): 14 | Статус TX:[22:14:17 Msk] [TX_150] Фасилити: 108 | Интент: ADD_LOG_ENTRY | Назначение (P1): 108 | Статус TX: [22:14:17 Msk] [TX_151] Фасилити: 102 | Интент: INJECT_VFS_DATA | Назначение (P1): 102 | Статус TX: [22:14:17 Msk] [TX_153] Фасилити: 14 | Интент: SYNC_SCROLLBAR_METRICS | Назначение (P1): 14 | Статус TX: [22:14:17 Msk] [TX_157] Фасилити: 102 | Интент: MOUSE_CLICK | Назначение (P1): 102 | Статус TX:[22:14:18 Msk] [TX_161] Фасилити: 14 | Интент: SCROLL_CONTENT_UP | Назначение (P1): 14 | Статус TX:[22:14:18 Msk] [TX_164] Фасилити: 108 | Интент: ADD_LOG_ENTRY | Назначение (P1): 108 | Статус TX: [22:14:18 Msk] [TX_165] Фасилити: 102 | Интент: INJECT_VFS_DATA | Назначение (P1): 102 | Статус TX: [22:14:18 Msk] [TX_167] Фасилити: 14 | Интент: SYNC_SCROLLBAR_METRICS | Назначение (P1): 14 | Статус TX: [22:14:18 Msk] [TX_171] Фасилити: 14 | Интент: SCROLL_CONTENT_UP | Назначение (P1): 14 | Статус TX:[22:14:18 Msk] [TX_174] Фасилити: 108 | Интент: ADD_LOG_ENTRY | Назначение (P1): 108 | Статус TX: [22:14:18 Msk] [TX_175] Фасилити: 102 | Интент: INJECT_VFS_DATA | Назначение (P1): 102 | Статус TX: [22:14:18 Msk] [TX_177] Фасилити: 14 | Интент: SYNC_SCROLLBAR_METRICS | Назначение (P1): 14 | Статус TX: [22:14:18 Msk] [TX_181] Фасилити: 14 | Интент: SCROLL_CONTENT_UP | Назначение (P1): 14 | Статус TX:[22:14:18 Msk] [TX_184] Фасилити: 108 | Интент: ADD_LOG_ENTRY | Назначение (P1): 108 | Статус TX: [22:14:18 Msk] [TX_185] Фасилити: 102 | Интент: INJECT_VFS_DATA | Назначение (P1): 102 | Статус TX: [22:14:18 Msk] [TX_187] Фасилити: 14 | Интент: SYNC_SCROLLBAR_METRICS | Назначение (P1): 14 | Статус TX: [22:14:18 Msk] [TX_191] Фасилити: 14 | Интент: SCROLL_CONTENT_DOWN | Назначение (P1): 14 | Статус TX:[22:14:18 Msk] [TX_194] Фасилити: 108 | Интент: ADD_LOG_ENTRY | Назначение (P1): 108 | Статус TX: [22:14:18 Msk] [TX_195] Фасилити: 102 | Интент: INJECT_VFS_DATA | Назначение (P1): 102 | Статус TX: [22:14:18 Msk] [TX_197] Фасилити: 14 | Интент: SYNC_SCROLLBAR_METRICS | Назначение (P1): 14 | Статус TX: [22:14:18 Msk] [TX_201] Фасилити: 14 | Интент: SCROLL_CONTENT_DOWN | Назначение (P1): 14 | Статус TX:[22:14:18 Msk] [TX_204] Фасилити: 108 | Интент: ADD_LOG_ENTRY | Назначение (P1): 108 | Статус TX: [22:14:18 Msk] [TX_205] Фасилити: 102 | Интент: INJECT_VFS_DATA | Назначение (P1): 102 | Статус TX: [22:14:18 Msk] [TX_207] Фасилити: 14 | Интент: SYNC_SCROLLBAR_METRICS | Назначение (P1): 14 | Статус TX: [22:14:18 Msk] [TX_211] Фасилити: 14 | Интент: SCROLL_CONTENT_DOWN | Назначение (P1): 14 | Статус TX:[22:14:18 Msk] [TX_214] Фасилити: 108 | Интент: ADD_LOG_ENTRY | Назначение (P1): 108 | Статус TX: [22:14:18 Msk] [TX_215] Фасилити: 102 | Интент: INJECT_VFS_DATA | Назначение (P1): 102 | Статус TX: [22:14:18 Msk] [TX_217] Фасилити: 14 | Интент: SYNC_SCROLLBAR_METRICS | Назначение (P1): 14 | Статус TX: [22:14:18 Msk] [TX_221] Фасилити: 14 | Интент: SCROLL_CONTENT_DOWN | Назначение (P1): 14 | Статус TX:[22:14:18 Msk] [TX_224] Фасилити: 108 | Интент: ADD_LOG_ENTRY | Назначение (P1): 108 | Статус TX: [22:14:18 Msk] [TX_225] Фасилити: 102 | Интент: INJECT_VFS_DATA | Назначение (P1): 102 | Статус TX: [22:14:18 Msk] [TX_227] Фасилити: 14 | Интент: SYNC_SCROLLBAR_METRICS | Назначение (P1): 14 | Статус TX: [22:14:18 Msk] [TX_231] Фасилити: 14 | Интент: SCROLL_CONTENT_UP | Назначение (P1): 14 | Статус TX:[22:14:18 Msk] [TX_234] Фасилити: 108 | Интент: ADD_LOG_ENTRY | Назначение (P1): 108 | Статус TX: [22:14:18 Msk] [TX_235] Фасилити: 102 | Интент: INJECT_VFS_DATA | Назначение (P1): 102 | Статус TX: [22:14:18 Msk] [TX_237] Фасилити: 14 | Интент: SYNC_SCROLLBAR_METRICS | Назначение (P1): 14 | Статус TX: [22:14:18 Msk] [TX_241] Фасилити: 14 | Интент: SCROLL_CONTENT_UP | Назначение (P1): 14 | Статус TX:[22:14:18 Msk] [TX_244] Фасилити: 108 | Интент: ADD_LOG_ENTRY | Назначение (P1): 108 | Статус TX: [22:14:18 Msk] [TX_245] Фасилити: 102 | Интент: INJECT_VFS_DATA | Назначение (P1): 102 | Статус TX: [22:14:18 Msk] [TX_247] Фасилити: 14 | Интент: SYNC_SCROLLBAR_METRICS | Назначение (P1): 14 | Статус TX: [22:14:19 Msk] [TX_251] Фасилити: 14 | Интент: SCROLL_CONTENT_UP | Назначение (P1): 14 | Статус TX:[22:14:19 Msk] [TX_254] Фасилити: 108 | Интент: ADD_LOG_ENTRY | Назначение (P1): 108 | Статус TX: [22:14:19 Msk] [TX_255] Фасилити: 102 | Интент: INJECT_VFS_DATA | Назначение (P1): 102 | Статус TX: [22:14:19 Msk] [TX_257] Фасилити: 14 | Интент: SYNC_SCROLLBAR_METRICS | Назначение (P1): 14 | Статус TX: [22:14:20 Msk] [TX_261] Фасилити: 12 | Интент: TAB_CLICKED | Назначение (P1): 12 | Статус TX:[22:14:21 Msk] [TX_264] Фасилити: 12 | Интент: TAB_CLICKED | Назначение (P1): 12 | Статус TX:[22:14:21 Msk] [TX_265] Фасилити: 104 | Интент: KEYBOARD_MODIFIER_CHANGED | Назначение (P1): 104 | Статус TX:[22:14:21 Msk] [TX_266] Фасилити: 108 | Интент: ADD_LOG_ENTRY | Назначение (P1): 108 | Статус TX:[22:14:22 Msk] [TX_273] Фасилити: 12 | Интент: TAB_CLICKED | Назначение (P1): 12 | Статус TX:[22:16:54 Msk] [TX_3] Фасилити: 0 | Интент: init | Назначение (P1): 0 | Статус T[22:16:54 Msk] [TX_1] Фасилити: 9 | Интент: TRIGGER_RESIZE | Назначение (P1): 9 | Статус T[22:18:35 Msk] [TX_3] Фасилити: 0 | Интент: init | Назначение (P1): 0 | Статус T[22:18:35 Msk] [TX_1] Фасилити: 9 | Интент: TRIGGER_RESIZE | Назначение (P1): 9 | Статус T[22:18:36 Msk] [TX_2] Фасилити: 11 | Интент: BOOT_LAYOUT_TREE | Назначение (P1): 11 | Статус T[22:18:36 Msk] [TX_8] Фасилити: 0 | Интент: SYNCHRONIZE_DYNAMIC_SLOT | Назначение (P1): 0 | Статус TX:[22:18:36 Msk] [TX_19] Фасилити: 12 | Интент: REGISTRATION_TAB_SPACE | Назначение (P1): 12 | Статус T[22:18:36 Msk] [TX_24] Фасилити: 108 | Интент: ADD_LOG_ENTRY | Назначение (P1): 108 | Статус TX[22:18:36 Msk] [TX_36] Фасилити: 9 | Интент: INJECT_GEO_MAP | Назначение (P1): 9 | Статус TX[22:18:36 Msk] [TX_28] Фасилити: 108 | Интент: ADD_LOG_ENTRY | Назначение (P1): 108 | Статус TX: [22:18:36 Msk] [TX_31] Фасилити: 103 | Интент: INJECT_VFS_DATA | Назначение (P1): 103 | Статус TX: [22:18:36 Msk] [TX_29] Фасилити: 102 | Интент: INJECT_VFS_DATA | Назначение (P1): 102 | Статус TX: [22:18:36 Msk] [TX_44] Фасилити: 14 | Интент: SYNC_SCROLLBAR_METRICS | Назначение (P1): 14 | Статус TX: [22:18:36 Msk] [TX_45] Фасилити: 14 | Интент: SYNC_SCROLLBAR_METRICS | Назначение (P1): 14 | Статус TX: [22:18:36 Msk] [TX_46] Фасилити: 14 | Интент: SYNC_SCROLLBAR_METRICS | Назначение (P1): 14 | Статус TX: [22:18:36 Msk] [TX_47] Фасилити: 14 | Интент: SYNC_SCROLLBAR_METRICS | Назначение (P1): 14 | Статус TX: [22:18:36 Msk] [TX_49] Фасилити: 14 | Интент: SYNC_SCROLLBAR_METRICS | Назначение (P1): 14 | Статус TX: [22:18:39 Msk] [TOP_GEN] Целевой Канал Шины: 0 | Интент: SET_SLOT_FOCUS | Конечная цель фокуса: 104
[22:18:39 Msk] [TX_56] Фасилити: 0 | Интент: SET_SLOT_FOCUS | Назначение (P1): 0 | Статус TX:[22:18:39 Msk] [TX_61] Фасилити: 104 | Интент: ROTATE_STACK_UP | Назначение (P1): 104 | Статус TX:[22:18:39 Msk] [TX_64] Фасилити: 104 | Интент: ROTATE_STACK_UP | Назначение (P1): 104 | Статус TX:[22:18:39 Msk] [TX_67] Фасилити: 104 | Интент: ROTATE_STACK_UP | Назначение (P1): 104 | Статус TX:[22:18:39 Msk] [TX_70] Фасилити: 104 | Интент: ROTATE_STACK_DOWN | Назначение (P1): 104 | Статус TX:[22:18:39 Msk] [TX_73] Фасилити: 104 | Интент: ROTATE_STACK_DOWN | Назначение (P1): 104 | Статус TX:[22:18:39 Msk] [TX_76] Фасилити: 104 | Интент: ROTATE_STACK_DOWN | Назначение (P1): 104 | Статус TX:[22:18:40 Msk] [TX_79] Фасилити: 104 | Интент: ROTATE_STACK_DOWN | Назначение (P1): 104 | Статус TX:[22:18:40 Msk] [TX_82] Фасилити: 104 | Интент: ROTATE_STACK_DOWN | Назначение (P1): 104 | Статус TX:[22:18:40 Msk] [TX_85] Фасилити: 104 | Интент: ROTATE_STACK_UP | Назначение (P1): 104 | Статус TX:[22:18:40 Msk] [TX_88] Фасилити: 104 | Интент: ROTATE_STACK_UP | Назначение (P1): 104 | Статус TX:[22:18:40 Msk] [TX_91] Фасилити: 104 | Интент: ROTATE_STACK_UP | Назначение (P1): 104 | Статус TX:[22:18:40 Msk] [TX_94] Фасилити: 104 | Интент: ROTATE_STACK_UP | Назначение (P1): 104 | Статус TX:[22:18:40 Msk] [TOP_GEN] Целевой Канал Шины: 0 | Интент: SET_SLOT_FOCUS | Конечная цель фокуса: 102
[22:18:40 Msk] [TX_98] Фасилити: 102 | Интент: MOUSE_CLICK | Назначение (P1): 102 | Статус TX:[22:18:40 Msk] [TX_97] Фасилити: 0 | Интент: SET_SLOT_FOCUS | Назначение (P1): 0 | Статус TX:[22:18:41 Msk] [TX_104] Фасилити: 14 | Интент: SCROLL_CONTENT_UP | Назначение (P1): 14 | Статус TX:[22:18:41 Msk] [TX_107] Фасилити: 14 | Интент: SCROLL_CONTENT_UP | Назначение (P1): 14 | Статус TX:[22:18:41 Msk] [TX_110] Фасилити: 14 | Интент: SCROLL_CONTENT_UP | Назначение (P1): 14 | Статус TX:[22:18:42 Msk] [TX_113] Фасилити: 12 | Интент: TAB_CLICKED | Назначение (P1): 12 | Статус TX:[22:18:42 Msk] [TX_116] Фасилити: 14 | Интент: SCROLL_CONTENT_DOWN | Назначение (P1): 14 | Статус TX:[22:18:42 Msk] [TX_119] Фасилити: 108 | Интент: ADD_LOG_ENTRY | Назначение (P1): 108 | Статус TX: [22:18:42 Msk] [TX_120] Фасилити: 102 | Интент: INJECT_VFS_DATA | Назначение (P1): 102 | Статус TX: [22:18:42 Msk] [TX_122] Фасилити: 14 | Интент: SYNC_SCROLLBAR_METRICS | Назначение (P1): 14 | Статус TX: [22:18:42 Msk] [TX_126] Фасилити: 14 | Интент: SCROLL_CONTENT_DOWN | Назначение (P1): 14 | Статус TX:[22:18:42 Msk] [TX_132] Фасилити: 14 | Интент: SCROLL_CONTENT_DOWN | Назначение (P1): 14 | Статус TX:[22:18:42 Msk] [TX_129] Фасилити: 108 | Интент: ADD_LOG_ENTRY | Назначение (P1): 108 | Статус TX: [22:18:42 Msk] [TX_130] Фасилити: 102 | Интент: INJECT_VFS_DATA | Назначение (P1): 102 | Статус TX: [22:18:42 Msk] [TX_135] Фасилити: 14 | Интент: SYNC_SCROLLBAR_METRICS | Назначение (P1): 14 | Статус TX: [22:18:42 Msk] [TX_138] Фасилити: 108 | Интент: ADD_LOG_ENTRY | Назначение (P1): 108 | Статус TX: [22:18:42 Msk] [TX_139] Фасилити: 102 | Интент: INJECT_VFS_DATA | Назначение (P1): 102 | Статус TX: [22:18:42 Msk] [TX_141] Фасилити: 14 | Интент: SYNC_SCROLLBAR_METRICS | Назначение (P1): 14 | Статус TX: [22:18:42 Msk] [TX_145] Фасилити: 14 | Интент: SCROLL_CONTENT_DOWN | Назначение (P1): 14 | Статус TX:[22:18:42 Msk] [TX_148] Фасилити: 108 | Интент: ADD_LOG_ENTRY | Назначение (P1): 108 | Статус TX: [22:18:42 Msk] [TX_149] Фасилити: 102 | Интент: INJECT_VFS_DATA | Назначение (P1): 102 | Статус TX: [22:18:42 Msk] [TX_151] Фасилити: 14 | Интент: SYNC_SCROLLBAR_METRICS | Назначение (P1): 14 | Статус TX: [22:18:42 Msk] [TX_155] Фасилити: 14 | Интент: SCROLL_CONTENT_UP | Назначение (P1): 14 | Статус TX:[22:18:42 Msk] [TX_158] Фасилити: 108 | Интент: ADD_LOG_ENTRY | Назначение (P1): 108 | Статус TX: [22:18:42 Msk] [TX_159] Фасилити: 102 | Интент: INJECT_VFS_DATA | Назначение (P1): 102 | Статус TX: [22:18:42 Msk] [TX_161] Фасилити: 14 | Интент: SYNC_SCROLLBAR_METRICS | Назначение (P1): 14 | Статус TX: [22:18:42 Msk] [TX_165] Фасилити: 14 | Интент: SCROLL_CONTENT_UP | Назначение (P1): 14 | Статус TX:[22:18:42 Msk] [TX_168] Фасилити: 108 | Интент: ADD_LOG_ENTRY | Назначение (P1): 108 | Статус TX: [22:18:42 Msk] [TX_169] Фасилити: 102 | Интент: INJECT_VFS_DATA | Назначение (P1): 102 | Статус TX: [22:18:42 Msk] [TX_171] Фасилити: 14 | Интент: SYNC_SCROLLBAR_METRICS | Назначение (P1): 14 | Статус TX: [22:18:42 Msk] [TX_175] Фасилити: 14 | Интент: SCROLL_CONTENT_UP | Назначение (P1): 14 | Статус TX:[22:18:42 Msk] [TX_178] Фасилити: 108 | Интент: ADD_LOG_ENTRY | Назначение (P1): 108 | Статус TX: [22:18:42 Msk] [TX_179] Фасилити: 102 | Интент: INJECT_VFS_DATA | Назначение (P1): 102 | Статус TX: [22:18:42 Msk] [TX_181] Фасилити: 14 | Интент: SYNC_SCROLLBAR_METRICS | Назначение (P1): 14 | Статус TX: [22:18:42 Msk] [TX_185] Фасилити: 14 | Интент: SCROLL_CONTENT_UP | Назначение (P1): 14 | Статус TX:[22:18:42 Msk] [TX_188] Фасилити: 108 | Интент: ADD_LOG_ENTRY | Назначение (P1): 108 | Статус TX: [22:18:42 Msk] [TX_189] Фасилити: 102 | Интент: INJECT_VFS_DATA | Назначение (P1): 102 | Статус TX: [22:18:42 Msk] [TX_191] Фасилити: 14 | Интент: SYNC_SCROLLBAR_METRICS | Назначение (P1): 14 | Статус TX: [22:18:43 Msk] [TX_195] Фасилити: 14 | Интент: SCROLL_CONTENT_DOWN | Назначение (P1): 14 | Статус TX:[22:18:43 Msk] [TX_198] Фасилити: 108 | Интент: ADD_LOG_ENTRY | Назначение (P1): 108 | Статус TX: [22:18:43 Msk] [TX_199] Фасилити: 102 | Интент: INJECT_VFS_DATA | Назначение (P1): 102 | Статус TX: [22:18:43 Msk] [TX_201] Фасилити: 14 | Интент: SYNC_SCROLLBAR_METRICS | Назначение (P1): 14 | Статус TX: [22:18:43 Msk] [TX_205] Фасилити: 14 | Интент: SCROLL_CONTENT_DOWN | Назначение (P1): 14 | Статус TX:[22:18:43 Msk] [TX_208] Фасилити: 108 | Интент: ADD_LOG_ENTRY | Назначение (P1): 108 | Статус TX: [22:18:43 Msk] [TX_209] Фасилити: 102 | Интент: INJECT_VFS_DATA | Назначение (P1): 102 | Статус TX: [22:18:43 Msk] [TX_211] Фасилити: 14 | Интент: SYNC_SCROLLBAR_METRICS | Назначение (P1): 14 | Статус TX: [22:18:43 Msk] [TX_215] Фасилити: 14 | Интент: SCROLL_CONTENT_DOWN | Назначение (P1): 14 | Статус TX:[22:18:43 Msk] [TX_218] Фасилити: 108 | Интент: ADD_LOG_ENTRY | Назначение (P1): 108 | Статус TX: [22:18:43 Msk] [TX_219] Фасилити: 102 | Интент: INJECT_VFS_DATA | Назначение (P1): 102 | Статус TX: [22:18:43 Msk] [TX_221] Фасилити: 14 | Интент: SYNC_SCROLLBAR_METRICS | Назначение (P1): 14 | Статус TX: [22:18:43 Msk] [TX_225] Фасилити: 12 | Интент: TAB_CLICKED | Назначение (P1): 12 | Статус TX:[22:18:43 Msk] [TX_226] Фасилити: 104 | Интент: KEYBOARD_MODIFIER_CHANGED | Назначение (P1): 104 | Статус TX:[22:18:43 Msk] [TX_227] Фасилити: 108 | Интент: ADD_LOG_ENTRY | Назначение (P1): 108 | Статус TX:[22:18:44 Msk] [TX_234] Фасилити: 104 | Интент: ROTATE_STACK_DOWN | Назначение (P1): 104 | Статус TX:[22:18:44 Msk] [TX_237] Фасилити: 104 | Интент: ROTATE_STACK_DOWN | Назначение (P1): 104 | Статус TX:[22:18:44 Msk] [TX_240] Фасилити: 104 | Интент: ROTATE_STACK_DOWN | Назначение (P1): 104 | Статус TX:[22:18:44 Msk] [TX_243] Фасилити: 104 | Интент: ROTATE_STACK_DOWN | Назначение (P1): 104 | Статус TX:[22:18:44 Msk] [TX_246] Фасилити: 104 | Интент: ROTATE_STACK_UP | Назначение (P1): 104 | Статус TX:[22:18:44 Msk] [TX_249] Фасилити: 104 | Интент: ROTATE_STACK_UP | Назначение (P1): 104 | Статус TX:[22:18:44 Msk] [TX_252] Фасилити: 104 | Интент: ROTATE_STACK_UP | Назначение (P1): 104 | Статус TX:[22:18:44 Msk] [TX_255] Фасилити: 104 | Интент: ROTATE_STACK_UP | Назначение (P1): 104 | Статус TX:[22:22:43 Msk] [TX_3] Фасилити: 0 | Интент: init | Назначение (P1): 0 | Статус T[22:22:43 Msk] [TX_1] Фасилити: 9 | Интент: TRIGGER_RESIZE | Назначение (P1): 9 | Статус T[22:23:01 Msk] [TX_3] Фасилити: 0 | Интент: init | Назначение (P1): 0 | Статус T[22:23:01 Msk] [TX_1] Фасилити: 9 | Интент: TRIGGER_RESIZE | Назначение (P1): 9 | Статус T[22:23:01 Msk] [TX_2] Фасилити: 11 | Интент: BOOT_LAYOUT_TREE | Назначение (P1): 11 | Статус T[22:23:01 Msk] [TX_8] Фасилити: 0 | Интент: SYNCHRONIZE_DYNAMIC_SLOT | Назначение (P1): 0 | Статус TX:[22:23:01 Msk] [TX_19] Фасилити: 12 | Интент: REGISTRATION_TAB_SPACE | Назначение (P1): 12 | Статус T[22:23:01 Msk] [TX_24] Фасилити: 108 | Интент: ADD_LOG_ENTRY | Назначение (P1): 108 | Статус TX[22:23:01 Msk] [TX_36] Фасилити: 9 | Интент: INJECT_GEO_MAP | Назначение (P1): 9 | Статус TX[22:23:01 Msk] [TX_28] Фасилити: 108 | Интент: ADD_LOG_ENTRY | Назначение (P1): 108 | Статус TX: [22:23:01 Msk] [TX_31] Фасилити: 103 | Интент: INJECT_VFS_DATA | Назначение (P1): 103 | Статус TX: [22:23:01 Msk] [TX_29] Фасилити: 102 | Интент: INJECT_VFS_DATA | Назначение (P1): 102 | Статус TX: [22:23:01 Msk] [TX_44] Фасилити: 14 | Интент: SYNC_SCROLLBAR_METRICS | Назначение (P1): 14 | Статус TX: [22:23:01 Msk] [TX_45] Фасилити: 14 | Интент: SYNC_SCROLLBAR_METRICS | Назначение (P1): 14 | Статус TX: [22:23:01 Msk] [TX_46] Фасилити: 14 | Интент: SYNC_SCROLLBAR_METRICS | Назначение (P1): 14 | Статус TX: [22:23:01 Msk] [TX_47] Фасилити: 14 | Интент: SYNC_SCROLLBAR_METRICS | Назначение (P1): 14 | Статус TX: [22:23:01 Msk] [TX_49] Фасилити: 14 | Интент: SYNC_SCROLLBAR_METRICS | Назначение (P1): 14 | Статус TX: [22:23:05 Msk] [TOP_GEN] Целевой Канал Шины: 0 | Интент: SET_SLOT_FOCUS | Конечная цель фокуса: 102
[22:23:05 Msk] [TX_57] Фасилити: 102 | Интент: MOUSE_CLICK | Назначение (P1): 102 | Статус TX:[22:23:05 Msk] [TX_56] Фасилити: 0 | Интент: SET_SLOT_FOCUS | Назначение (P1): 0 | Статус TX:[22:23:06 Msk] [TX_63] Фасилити: 14 | Интент: SCROLL_CONTENT_DOWN | Назначение (P1): 14 | Статус TX:[22:23:06 Msk] [TX_66] Фасилити: 108 | Интент: ADD_LOG_ENTRY | Назначение (P1): 108 | Статус TX: [22:23:06 Msk] [TX_67] Фасилити: 102 | Интент: INJECT_VFS_DATA | Назначение (P1): 102 | Статус TX: [22:23:06 Msk] [TX_69] Фасилити: 14 | Интент: SYNC_SCROLLBAR_METRICS | Назначение (P1): 14 | Статус TX: [22:23:06 Msk] [TX_73] Фасилити: 14 | Интент: SCROLL_CONTENT_DOWN | Назначение (P1): 14 | Статус TX:[22:23:06 Msk] [TX_76] Фасилити: 108 | Интент: ADD_LOG_ENTRY | Назначение (P1): 108 | Статус TX: [22:23:06 Msk] [TX_77] Фасилити: 102 | Интент: INJECT_VFS_DATA | Назначение (P1): 102 | Статус TX: [22:23:06 Msk] [TX_79] Фасилити: 14 | Интент: SYNC_SCROLLBAR_METRICS | Назначение (P1): 14 | Статус TX: [22:23:06 Msk] [TX_83] Фасилити: 14 | Интент: SCROLL_CONTENT_DOWN | Назначение (P1): 14 | Статус TX:[22:23:06 Msk] [TX_86] Фасилити: 108 | Интент: ADD_LOG_ENTRY | Назначение (P1): 108 | Статус TX: [22:23:06 Msk] [TX_87] Фасилити: 102 | Интент: INJECT_VFS_DATA | Назначение (P1): 102 | Статус TX: [22:23:06 Msk] [TX_89] Фасилити: 14 | Интент: SYNC_SCROLLBAR_METRICS | Назначение (P1): 14 | Статус TX: [22:23:06 Msk] [TX_93] Фасилити: 14 | Интент: SCROLL_CONTENT_UP | Назначение (P1): 14 | Статус TX:[22:23:06 Msk] [TX_99] Фасилити: 14 | Интент: SCROLL_CONTENT_UP | Назначение (P1): 14 | Статус TX:[22:23:06 Msk] [TX_96] Фасилити: 108 | Интент: ADD_LOG_ENTRY | Назначение (P1): 108 | Статус TX: [22:23:06 Msk] [TX_97] Фасилити: 102 | Интент: INJECT_VFS_DATA | Назначение (P1): 102 | Статус TX: [22:23:06 Msk] [TX_102] Фасилити: 14 | Интент: SYNC_SCROLLBAR_METRICS | Назначение (P1): 14 | Статус TX: [22:23:06 Msk] [TX_109] Фасилити: 14 | Интент: SCROLL_CONTENT_UP | Назначение (P1): 14 | Статус TX:[22:23:06 Msk] [TX_105] Фасилити: 108 | Интент: ADD_LOG_ENTRY | Назначение (P1): 108 | Статус TX: [22:23:06 Msk] [TX_106] Фасилити: 102 | Интент: INJECT_VFS_DATA | Назначение (P1): 102 | Статус TX: [22:23:06 Msk] [TX_113] Фасилити: 14 | Интент: SYNC_SCROLLBAR_METRICS | Назначение (P1): 14 | Статус TX: [22:23:06 Msk] [TX_119] Фасилити: 14 | Интент: SCROLL_CONTENT_UP | Назначение (P1): 14 | Статус TX:[22:23:06 Msk] [TX_116] Фасилити: 108 | Интент: ADD_LOG_ENTRY | Назначение (P1): 108 | Статус TX: [22:23:06 Msk] [TX_117] Фасилити: 102 | Интент: INJECT_VFS_DATA | Назначение (P1): 102 | Статус TX: [22:23:06 Msk] [TX_121] Фасилити: 14 | Интент: SYNC_SCROLLBAR_METRICS | Назначение (P1): 14 | Статус TX: [22:23:06 Msk] [TX_125] Фасилити: 14 | Интент: SCROLL_CONTENT_UP | Назначение (P1): 14 | Статус TX:[22:23:07 Msk] [TX_128] Фасилити: 12 | Интент: TAB_CLICKED | Назначение (P1): 12 | Статус TX:[22:23:07 Msk] [TX_129] Фасилити: 104 | Интент: KEYBOARD_MODIFIER_CHANGED | Назначение (P1): 104 | Статус TX:[22:23:07 Msk] [TX_130] Фасилити: 108 | Интент: ADD_LOG_ENTRY | Назначение (P1): 108 | Статус TX:[22:23:08 Msk] [TOP_GEN] Целевой Канал Шины: 0 | Интент: SET_SLOT_FOCUS | Конечная цель фокуса: 102
[22:23:08 Msk] [TX_138] Фасилити: 12 | Интент: TAB_CLICKED | Назначение (P1): 12 | Статус TX:[22:23:08 Msk] [TX_137] Фасилити: 0 | Интент: SET_SLOT_FOCUS | Назначение (P1): 0 | Статус TX:[22:23:09 Msk] [TX_143] Фасилити: 12 | Интент: TAB_CLICKED | Назначение (P1): 12 | Статус TX:[22:23:09 Msk] [TX_146] Фасилити: 14 | Интент: SCROLL_CONTENT_DOWN | Назначение (P1): 14 | Статус TX:[22:23:09 Msk] [TX_149] Фасилити: 108 | Интент: ADD_LOG_ENTRY | Назначение (P1): 108 | Статус TX: [22:23:09 Msk] [TX_150] Фасилити: 102 | Интент: INJECT_VFS_DATA | Назначение (P1): 102 | Статус TX: [22:23:09 Msk] [TX_152] Фасилити: 14 | Интент: SYNC_SCROLLBAR_METRICS | Назначение (P1): 14 | Статус TX: [22:23:09 Msk] [TX_156] Фасилити: 14 | Интент: SCROLL_CONTENT_DOWN | Назначение (P1): 14 | Статус TX:[22:23:09 Msk] [TX_159] Фасилити: 108 | Интент: ADD_LOG_ENTRY | Назначение (P1): 108 | Статус TX: [22:23:09 Msk] [TX_160] Фасилити: 102 | Интент: INJECT_VFS_DATA | Назначение (P1): 102 | Статус TX: [22:23:09 Msk] [TX_162] Фасилити: 14 | Интент: SYNC_SCROLLBAR_METRICS | Назначение (P1): 14 | Статус TX: [22:23:09 Msk] [TX_166] Фасилити: 14 | Интент: SCROLL_CONTENT_DOWN | Назначение (P1): 14 | Статус TX:[22:23:09 Msk] [TX_169] Фасилити: 108 | Интент: ADD_LOG_ENTRY | Назначение (P1): 108 | Статус TX: [22:23:09 Msk] [TX_170] Фасилити: 102 | Интент: INJECT_VFS_DATA | Назначение (P1): 102 | Статус TX: [22:23:09 Msk] [TX_172] Фасилити: 14 | Интент: SYNC_SCROLLBAR_METRICS | Назначение (P1): 14 | Статус TX: [22:23:09 Msk] [TX_176] Фасилити: 14 | Интент: SCROLL_CONTENT_DOWN | Назначение (P1): 14 | Статус TX:[22:23:09 Msk] [TX_179] Фасилити: 108 | Интент: ADD_LOG_ENTRY | Назначение (P1): 108 | Статус TX: [22:23:09 Msk] [TX_180] Фасилити: 102 | Интент: INJECT_VFS_DATA | Назначение (P1): 102 | Статус TX: [22:23:09 Msk] [TX_182] Фасилити: 14 | Интент: SYNC_SCROLLBAR_METRICS | Назначение (P1): 14 | Статус TX: [22:23:09 Msk] [TX_186] Фасилити: 14 | Интент: SCROLL_CONTENT_UP | Назначение (P1): 14 | Статус TX:[22:23:09 Msk] [TX_189] Фасилити: 108 | Интент: ADD_LOG_ENTRY | Назначение (P1): 108 | Статус TX: [22:23:09 Msk] [TX_190] Фасилити: 102 | Интент: INJECT_VFS_DATA | Назначение (P1): 102 | Статус TX: [22:23:09 Msk] [TX_192] Фасилити: 14 | Интент: SYNC_SCROLLBAR_METRICS | Назначение (P1): 14 | Статус TX: [22:23:09 Msk] [TX_196] Фасилити: 14 | Интент: SCROLL_CONTENT_UP | Назначение (P1): 14 | Статус TX:[22:23:09 Msk] [TX_202] Фасилити: 14 | Интент: SCROLL_CONTENT_UP | Назначение (P1): 14 | Статус TX:[22:23:09 Msk] [TX_199] Фасилити: 108 | Интент: ADD_LOG_ENTRY | Назначение (P1): 108 | Статус TX: [22:23:09 Msk] [TX_200] Фасилити: 102 | Интент: INJECT_VFS_DATA | Назначение (P1): 102 | Статус TX: [22:23:09 Msk] [TX_205] Фасилити: 14 | Интент: SYNC_SCROLLBAR_METRICS | Назначение (P1): 14 | Статус TX: [22:23:09 Msk] [TX_208] Фасилити: 108 | Интент: ADD_LOG_ENTRY | Назначение (P1): 108 | Статус TX: [22:23:09 Msk] [TX_209] Фасилити: 102 | Интент: INJECT_VFS_DATA | Назначение (P1): 102 | Статус TX: [22:23:09 Msk] [TX_211] Фасилити: 14 | Интент: SYNC_SCROLLBAR_METRICS | Назначение (P1): 14 | Статус TX: [22:23:09 Msk] [TX_215] Фасилити: 14 | Интент: SCROLL_CONTENT_UP | Назначение (P1): 14 | Статус TX:[22:23:09 Msk] [TX_218] Фасилити: 108 | Интент: ADD_LOG_ENTRY | Назначение (P1): 108 | Статус TX: [22:23:09 Msk] [TX_219] Фасилити: 102 | Интент: INJECT_VFS_DATA | Назначение (P1): 102 | Статус TX: [22:23:09 Msk] [TX_221] Фасилити: 14 | Интент: SYNC_SCROLLBAR_METRICS | Назначение (P1): 14 | Статус TX: [22:23:09 Msk] [TX_225] Фасилити: 14 | Интент: SCROLL_CONTENT_DOWN | Назначение (P1): 14 | Статус TX:[22:23:09 Msk] [TX_228] Фасилити: 108 | Интент: ADD_LOG_ENTRY | Назначение (P1): 108 | Статус TX: [22:23:09 Msk] [TX_229] Фасилити: 102 | Интент: INJECT_VFS_DATA | Назначение (P1): 102 | Статус TX: [22:23:09 Msk] [TX_231] Фасилити: 14 | Интент: SYNC_SCROLLBAR_METRICS | Назначение (P1): 14 | Статус TX: [22:23:09 Msk] [TX_235] Фасилити: 14 | Интент: SCROLL_CONTENT_DOWN | Назначение (P1): 14 | Статус TX:[22:23:09 Msk] [TX_238] Фасилити: 108 | Интент: ADD_LOG_ENTRY | Назначение (P1): 108 | Статус TX: [22:23:09 Msk] [TX_239] Фасилити: 102 | Интент: INJECT_VFS_DATA | Назначение (P1): 102 | Статус TX: [22:23:09 Msk] [TX_241] Фасилити: 14 | Интент: SYNC_SCROLLBAR_METRICS | Назначение (P1): 14 | Статус TX: [22:24:40 Msk] [TX_3] Фасилити: 0 | Интент: init | Назначение (P1): 0 | Статус T[22:24:40 Msk] [TX_1] Фасилити: 9 | Интент: TRIGGER_RESIZE | Назначение (P1): 9 | Статус T[22:24:40 Msk] [TX_2] Фасилити: 11 | Интент: BOOT_LAYOUT_TREE | Назначение (P1): 11 | Статус T[22:24:40 Msk] [TX_8] Фасилити: 0 | Интент: SYNCHRONIZE_DYNAMIC_SLOT | Назначение (P1): 0 | Статус TX:[22:24:40 Msk] [TX_19] Фасилити: 12 | Интент: REGISTRATION_TAB_SPACE | Назначение (P1): 12 | Статус T[22:24:40 Msk] [TX_24] Фасилити: 108 | Интент: ADD_LOG_ENTRY | Назначение (P1): 108 | Статус TX[22:24:40 Msk] [TX_36] Фасилити: 9 | Интент: INJECT_GEO_MAP | Назначение (P1): 9 | Статус TX[22:24:40 Msk] [TX_28] Фасилити: 108 | Интент: ADD_LOG_ENTRY | Назначение (P1): 108 | Статус TX: [22:24:40 Msk] [TX_31] Фасилити: 103 | Интент: INJECT_VFS_DATA | Назначение (P1): 103 | Статус TX: [22:24:40 Msk] [TX_29] Фасилити: 102 | Интент: INJECT_VFS_DATA | Назначение (P1): 102 | Статус TX: [22:24:40 Msk] [TX_44] Фасилити: 14 | Интент: SYNC_SCROLLBAR_METRICS | Назначение (P1): 14 | Статус TX: [22:24:40 Msk] [TX_45] Фасилити: 14 | Интент: SYNC_SCROLLBAR_METRICS | Назначение (P1): 14 | Статус TX: [22:24:40 Msk] [TX_46] Фасилити: 14 | Интент: SYNC_SCROLLBAR_METRICS | Назначение (P1): 14 | Статус TX: [22:24:40 Msk] [TX_47] Фасилити: 14 | Интент: SYNC_SCROLLBAR_METRICS | Назначение (P1): 14 | Статус TX: [22:24:40 Msk] [TX_49] Фасилити: 14 | Интент: SYNC_SCROLLBAR_METRICS | Назначение (P1): 14 | Статус TX: [22:24:42 Msk] [TOP_GEN] Целевой Канал Шины: 0 | Интент: SET_SLOT_FOCUS | Конечная цель фокуса: 102
[22:24:42 Msk] [TX_57] Фасилити: 102 | Интент: MOUSE_CLICK | Назначение (P1): 102 | Статус TX:[22:24:42 Msk] [TX_56] Фасилити: 0 | Интент: SET_SLOT_FOCUS | Назначение (P1): 0 | Статус TX:[22:24:43 Msk] [TX_63] Фасилити: 14 | Интент: SCROLL_CONTENT_DOWN | Назначение (P1): 14 | Статус TX:[22:24:43 Msk] [TX_66] Фасилити: 108 | Интент: ADD_LOG_ENTRY | Назначение (P1): 108 | Статус TX: [22:24:43 Msk] [TX_67] Фасилити: 102 | Интент: INJECT_VFS_DATA | Назначение (P1): 102 | Статус TX: [22:24:43 Msk] [TX_69] Фасилити: 14 | Интент: SYNC_SCROLLBAR_METRICS | Назначение (P1): 14 | Статус TX: [22:24:43 Msk] [TX_74] Фасилити: 14 | Интент: SCROLL_CONTENT_DOWN | Назначение (P1): 14 | Статус TX:[22:24:43 Msk] [TX_84] Фасилити: 14 | Интент: SCROLL_CONTENT_DOWN | Назначение (P1): 14 | Статус TX:[22:24:43 Msk] [TX_79] Фасилити: 108 | Интент: ADD_LOG_ENTRY | Назначение (P1): 108 | Статус TX: [22:24:43 Msk] [TX_80] Фасилити: 102 | Интент: INJECT_VFS_DATA | Назначение (P1): 102 | Статус TX: [22:24:43 Msk] [TX_88] Фасилити: 14 | Интент: SYNC_SCROLLBAR_METRICS | Назначение (P1): 14 | Статус TX: [22:24:43 Msk] [TX_89] Фасилити: 14 | Интент: SYNC_SCROLLBAR_METRICS | Назначение (P1): 14 | Статус TX: [22:24:43 Msk] [TX_93] Фасилити: 108 | Интент: ADD_LOG_ENTRY | Назначение (P1): 108 | Статус TX: [22:24:43 Msk] [TX_94] Фасилити: 102 | Интент: INJECT_VFS_DATA | Назначение (P1): 102 | Статус TX: [22:24:43 Msk] [TX_96] Фасилити: 14 | Интент: SYNC_SCROLLBAR_METRICS | Назначение (P1): 14 | Статус TX: [22:24:43 Msk] [TX_100] Фасилити: 14 | Интент: SCROLL_CONTENT_UP | Назначение (P1): 14 | Статус TX:[22:24:43 Msk] [TX_106] Фасилити: 14 | Интент: SCROLL_CONTENT_UP | Назначение (P1): 14 | Статус TX:[22:24:43 Msk] [TX_104] Фасилити: 108 | Интент: ADD_LOG_ENTRY | Назначение (P1): 108 | Статус TX: [22:24:43 Msk] [TX_105] Фасилити: 102 | Интент: INJECT_VFS_DATA | Назначение (P1): 102 | Статус TX: [22:24:43 Msk] [TX_109] Фасилити: 14 | Интент: SYNC_SCROLLBAR_METRICS | Назначение (P1): 14 | Статус TX: [22:24:43 Msk] [TX_115] Фасилити: 14 | Интент: SCROLL_CONTENT_UP | Назначение (P1): 14 | Статус TX:[22:24:43 Msk] [TX_112] Фасилити: 108 | Интент: ADD_LOG_ENTRY | Назначение (P1): 108 | Статус TX: [22:24:43 Msk] [TX_113] Фасилити: 102 | Интент: INJECT_VFS_DATA | Назначение (P1): 102 | Статус TX: [22:24:43 Msk] [TX_118] Фасилити: 14 | Интент: SYNC_SCROLLBAR_METRICS | Назначение (P1): 14 | Статус TX: [22:24:43 Msk] [TX_124] Фасилити: 14 | Интент: SCROLL_CONTENT_UP | Назначение (P1): 14 | Статус TX:[22:24:43 Msk] [TX_121] Фасилити: 108 | Интент: ADD_LOG_ENTRY | Назначение (P1): 108 | Статус TX: [22:24:43 Msk] [TX_122] Фасилити: 102 | Интент: INJECT_VFS_DATA | Назначение (P1): 102 | Статус TX: [22:24:43 Msk] [TX_127] Фасилити: 14 | Интент: SYNC_SCROLLBAR_METRICS | Назначение (P1): 14 | Статус TX: [22:24:43 Msk] [TX_130] Фасилити: 108 | Интент: ADD_LOG_ENTRY | Назначение (P1): 108 | Статус TX: [22:24:43 Msk] [TX_131] Фасилити: 102 | Интент: INJECT_VFS_DATA | Назначение (P1): 102 | Статус TX: [22:24:43 Msk] [TX_133] Фасилити: 14 | Интент: SYNC_SCROLLBAR_METRICS | Назначение (P1): 14 | Статус TX: [22:24:43 Msk] [TX_137] Фасилити: 14 | Интент: SCROLL_CONTENT_DOWN | Назначение (P1): 14 | Статус TX:[22:24:43 Msk] [TX_140] Фасилити: 108 | Интент: ADD_LOG_ENTRY | Назначение (P1): 108 | Статус TX: [22:24:43 Msk] [TX_141] Фасилити: 102 | Интент: INJECT_VFS_DATA | Назначение (P1): 102 | Статус TX: [22:24:43 Msk] [TX_143] Фасилити: 14 | Интент: SYNC_SCROLLBAR_METRICS | Назначение (P1): 14 | Статус TX: [22:24:43 Msk] [TX_147] Фасилити: 14 | Интент: SCROLL_CONTENT_DOWN | Назначение (P1): 14 | Статус TX:[22:24:43 Msk] [TX_150] Фасилити: 108 | Интент: ADD_LOG_ENTRY | Назначение (P1): 108 | Статус TX: [22:24:43 Msk] [TX_151] Фасилити: 102 | Интент: INJECT_VFS_DATA | Назначение (P1): 102 | Статус TX: [22:24:43 Msk] [TX_153] Фасилити: 14 | Интент: SYNC_SCROLLBAR_METRICS | Назначение (P1): 14 | Статус TX: [22:24:43 Msk] [TX_157] Фасилити: 14 | Интент: SCROLL_CONTENT_DOWN | Назначение (P1): 14 | Статус TX:[22:24:43 Msk] [TX_163] Фасилити: 14 | Интент: SCROLL_CONTENT_DOWN | Назначение (P1): 14 | Статус TX:[22:24:43 Msk] [TX_160] Фасилити: 108 | Интент: ADD_LOG_ENTRY | Назначение (P1): 108 | Статус TX: [22:24:43 Msk] [TX_161] Фасилити: 102 | Интент: INJECT_VFS_DATA | Назначение (P1): 102 | Статус TX: [22:24:43 Msk] [TX_166] Фасилити: 14 | Интент: SYNC_SCROLLBAR_METRICS | Назначение (P1): 14 | Статус TX: [22:24:43 Msk] [TX_169] Фасилити: 108 | Интент: ADD_LOG_ENTRY | Назначение (P1): 108 | Статус TX: [22:24:43 Msk] [TX_170] Фасилити: 102 | Интент: INJECT_VFS_DATA | Назначение (P1): 102 | Статус TX: [22:24:43 Msk] [TX_172] Фасилити: 14 | Интент: SYNC_SCROLLBAR_METRICS | Назначение (P1): 14 | Статус TX: [22:24:43 Msk] [TX_176] Фасилити: 14 | Интент: SCROLL_CONTENT_UP | Назначение (P1): 14 | Статус TX:[22:24:43 Msk] [TX_179] Фасилити: 108 | Интент: ADD_LOG_ENTRY | Назначение (P1): 108 | Статус TX: [22:24:43 Msk] [TX_180] Фасилити: 102 | Интент: INJECT_VFS_DATA | Назначение (P1): 102 | Статус TX: [22:24:43 Msk] [TX_182] Фасилити: 14 | Интент: SYNC_SCROLLBAR_METRICS | Назначение (P1): 14 | Статус TX: [22:24:43 Msk] [TX_186] Фасилити: 14 | Интент: SCROLL_CONTENT_UP | Назначение (P1): 14 | Статус TX:[22:24:43 Msk] [TX_189] Фасилити: 108 | Интент: ADD_LOG_ENTRY | Назначение (P1): 108 | Статус TX: [22:24:43 Msk] [TX_190] Фасилити: 102 | Интент: INJECT_VFS_DATA | Назначение (P1): 102 | Статус TX: [22:24:43 Msk] [TX_192] Фасилити: 14 | Интент: SYNC_SCROLLBAR_METRICS | Назначение (P1): 14 | Статус TX: [22:24:43 Msk] [TX_196] Фасилити: 14 | Интент: SCROLL_CONTENT_UP | Назначение (P1): 14 | Статус TX:[22:24:43 Msk] [TX_199] Фасилити: 108 | Интент: ADD_LOG_ENTRY | Назначение (P1): 108 | Статус TX: [22:24:43 Msk] [TX_200] Фасилити: 102 | Интент: INJECT_VFS_DATA | Назначение (P1): 102 | Статус TX: [22:24:43 Msk] [TX_202] Фасилити: 14 | Интент: SYNC_SCROLLBAR_METRICS | Назначение (P1): 14 | Статус TX: [22:24:43 Msk] [TX_206] Фасилити: 14 | Интент: SCROLL_CONTENT_DOWN | Назначение (P1): 14 | Статус TX:[22:24:43 Msk] [TX_209] Фасилити: 108 | Интент: ADD_LOG_ENTRY | Назначение (P1): 108 | Статус TX: [22:24:43 Msk] [TX_210] Фасилити: 102 | Интент: INJECT_VFS_DATA | Назначение (P1): 102 | Статус TX: [22:24:43 Msk] [TX_212] Фасилити: 14 | Интент: SYNC_SCROLLBAR_METRICS | Назначение (P1): 14 | Статус TX: [22:24:43 Msk] [TX_216] Фасилити: 14 | Интент: SCROLL_CONTENT_DOWN | Назначение (P1): 14 | Статус TX:[22:24:43 Msk] [TX_219] Фасилити: 108 | Интент: ADD_LOG_ENTRY | Назначение (P1): 108 | Статус TX: [22:24:43 Msk] [TX_220] Фасилити: 102 | Интент: INJECT_VFS_DATA | Назначение (P1): 102 | Статус TX: [22:24:44 Msk] [TX_222] Фасилити: 14 | Интент: SYNC_SCROLLBAR_METRICS | Назначение (P1): 14 | Статус TX: [22:24:44 Msk] [TX_226] Фасилити: 14 | Интент: SCROLL_CONTENT_DOWN | Назначение (P1): 14 | Статус TX:[22:24:44 Msk] [TX_229] Фасилити: 108 | Интент: ADD_LOG_ENTRY | Назначение (P1): 108 | Статус TX: [22:24:44 Msk] [TX_230] Фасилити: 102 | Интент: INJECT_VFS_DATA | Назначение (P1): 102 | Статус TX: [22:24:44 Msk] [TX_232] Фасилити: 14 | Интент: SYNC_SCROLLBAR_METRICS | Назначение (P1): 14 | Статус TX: [22:24:44 Msk] [TX_236] Фасилити: 14 | Интент: SCROLL_CONTENT_DOWN | Назначение (P1): 14 | Статус TX:[22:24:44 Msk] [TX_239] Фасилити: 108 | Интент: ADD_LOG_ENTRY | Назначение (P1): 108 | Статус TX: [22:24:44 Msk] [TX_240] Фасилити: 102 | Интент: INJECT_VFS_DATA | Назначение (P1): 102 | Статус TX: [22:24:44 Msk] [TX_242] Фасилити: 14 | Интент: SYNC_SCROLLBAR_METRICS | Назначение (P1): 14 | Статус TX: [22:24:44 Msk] [TX_246] Фасилити: 14 | Интент: SCROLL_CONTENT_UP | Назначение (P1): 14 | Статус TX:[22:24:44 Msk] [TX_252] Фасилити: 14 | Интент: SCROLL_CONTENT_UP | Назначение (P1): 14 | Статус TX:[22:24:44 Msk] [TX_250] Фасилити: 108 | Интент: ADD_LOG_ENTRY | Назначение (P1): 108 | Статус TX: [22:24:44 Msk] [TX_251] Фасилити: 102 | Интент: INJECT_VFS_DATA | Назначение (P1): 102 | Статус TX: [22:24:44 Msk] [TX_255] Фасилити: 14 | Интент: SYNC_SCROLLBAR_METRICS | Назначение (P1): 14 | Статус TX: [22:24:44 Msk] [TX_261] Фасилити: 14 | Интент: SCROLL_CONTENT_UP | Назначение (P1): 14 | Статус TX:[22:24:44 Msk] [TX_258] Фасилити: 108 | Интент: ADD_LOG_ENTRY | Назначение (P1): 108 | Статус TX: [22:24:44 Msk] [TX_259] Фасилити: 102 | Интент: INJECT_VFS_DATA | Назначение (P1): 102 | Статус TX: [22:24:44 Msk] [TX_264] Фасилити: 14 | Интент: SYNC_SCROLLBAR_METRICS | Назначение (P1): 14 | Статус TX: [22:24:44 Msk] [TX_267] Фасилити: 108 | Интент: ADD_LOG_ENTRY | Назначение (P1): 108 | Статус TX: [22:24:44 Msk] [TX_268] Фасилити: 102 | Интент: INJECT_VFS_DATA | Назначение (P1): 102 | Статус TX: [22:24:44 Msk] [TX_270] Фасилити: 14 | Интент: SYNC_SCROLLBAR_METRICS | Назначение (P1): 14 | Статус TX: [22:24:44 Msk] [TX_274] Фасилити: 14 | Интент: SCROLL_CONTENT_UP | Назначение (P1): 14 | Статус TX:[22:24:44 Msk] [TX_277] Фасилити: 108 | Интент: ADD_LOG_ENTRY | Назначение (P1): 108 | Статус TX: [22:24:44 Msk] [TX_278] Фасилити: 102 | Интент: INJECT_VFS_DATA | Назначение (P1): 102 | Статус TX: [22:24:44 Msk] [TX_280] Фасилити: 14 | Интент: SYNC_SCROLLBAR_METRICS | Назначение (P1): 14 | Статус TX: [22:26:53 Msk] [TX_3] Фасилити: 0 | Интент: init | Назначение (P1): 0 | Статус T[22:26:53 Msk] [TX_1] Фасилити: 9 | Интент: TRIGGER_RESIZE | Назначение (P1): 9 | Статус T[22:26:53 Msk] [TX_2] Фасилити: 11 | Интент: BOOT_LAYOUT_TREE | Назначение (P1): 11 | Статус T[22:26:53 Msk] [TX_8] Фасилити: 0 | Интент: SYNCHRONIZE_DYNAMIC_SLOT | Назначение (P1): 0 | Статус TX:[22:26:53 Msk] [TX_19] Фасилити: 12 | Интент: REGISTRATION_TAB_SPACE | Назначение (P1): 12 | Статус T[22:26:54 Msk] [TX_24] Фасилити: 108 | Интент: ADD_LOG_ENTRY | Назначение (P1): 108 | Статус TX[22:26:54 Msk] [TX_36] Фасилити: 9 | Интент: INJECT_GEO_MAP | Назначение (P1): 9 | Статус TX[22:26:54 Msk] [TX_28] Фасилити: 108 | Интент: ADD_LOG_ENTRY | Назначение (P1): 108 | Статус TX: [22:26:54 Msk] [TX_31] Фасилити: 103 | Интент: INJECT_VFS_DATA | Назначение (P1): 103 | Статус TX: [22:26:54 Msk] [TX_29] Фасилити: 102 | Интент: INJECT_VFS_DATA | Назначение (P1): 102 | Статус TX: [22:26:54 Msk] [TX_44] Фасилити: 14 | Интент: SYNC_SCROLLBAR_METRICS | Назначение (P1): 14 | Статус TX: [22:26:54 Msk] [TX_45] Фасилити: 14 | Интент: SYNC_SCROLLBAR_METRICS | Назначение (P1): 14 | Статус TX: [22:26:54 Msk] [TX_46] Фасилити: 14 | Интент: SYNC_SCROLLBAR_METRICS | Назначение (P1): 14 | Статус TX: [22:26:54 Msk] [TX_47] Фасилити: 14 | Интент: SYNC_SCROLLBAR_METRICS | Назначение (P1): 14 | Статус TX: [22:26:54 Msk] [TX_49] Фасилити: 14 | Интент: SYNC_SCROLLBAR_METRICS | Назначение (P1): 14 | Статус TX: [22:26:56 Msk] [TOP_GEN] Целевой Канал Шины: 0 | Интент: SET_SLOT_FOCUS | Конечная цель фокуса: 102
[22:26:56 Msk] [TX_57] Фасилити: 102 | Интент: MOUSE_CLICK | Назначение (P1): 102 | Статус TX:[22:26:56 Msk] [TX_56] Фасилити: 0 | Интент: SET_SLOT_FOCUS | Назначение (P1): 0 | Статус TX:[22:26:56 Msk] [TX_63] Фасилити: 14 | Интент: SCROLL_CONTENT_UP | Назначение (P1): 14 | Статус TX:[22:26:56 Msk] [TX_66] Фасилити: 14 | Интент: SCROLL_CONTENT_DOWN | Назначение (P1): 14 | Статус TX:[22:26:56 Msk] [TX_69] Фасилити: 14 | Интент: SCROLL_CONTENT_DOWN | Назначение (P1): 14 | Статус TX:[22:26:56 Msk] [TX_72] Фасилити: 14 | Интент: SCROLL_CONTENT_DOWN | Назначение (P1): 14 | Статус TX:[22:26:56 Msk] [TX_75] Фасилити: 14 | Интент: SCROLL_CONTENT_UP | Назначение (P1): 14 | Статус TX:[22:26:56 Msk] [TX_78] Фасилити: 14 | Интент: SCROLL_CONTENT_UP | Назначение (P1): 14 | Статус TX:[22:26:56 Msk] [TX_81] Фасилити: 14 | Интент: SCROLL_CONTENT_UP | Назначение (P1): 14 | Статус TX:[22:26:56 Msk] [TX_84] Фасилити: 14 | Интент: SCROLL_CONTENT_UP | Назначение (P1): 14 | Статус TX:[22:26:58 Msk] [TX_87] Фасилити: 12 | Интент: TAB_CLICKED | Назначение (P1): 12 | Статус TX:[22:26:58 Msk] [TX_88] Фасилити: 104 | Интент: KEYBOARD_MODIFIER_CHANGED | Назначение (P1): 104 | Статус TX:[22:26:58 Msk] [TX_89] Фасилити: 108 | Интент: ADD_LOG_ENTRY | Назначение (P1): 108 | Статус TX:[22:26:58 Msk] [TX_96] Фасилити: 104 | Интент: ROTATE_STACK_DOWN | Назначение (P1): 104 | Статус TX:[22:26:58 Msk] [TX_99] Фасилити: 104 | Интент: ROTATE_STACK_DOWN | Назначение (P1): 104 | Статус TX:[22:26:58 Msk] [TX_102] Фасилити: 104 | Интент: ROTATE_STACK_DOWN | Назначение (P1): 104 | Статус TX:[22:26:58 Msk] [TX_105] Фасилити: 104 | Интент: ROTATE_STACK_UP | Назначение (P1): 104 | Статус TX:[22:26:58 Msk] [TX_108] Фасилити: 104 | Интент: ROTATE_STACK_UP | Назначение (P1): 104 | Статус TX:[22:26:59 Msk] [TOP_GEN] Целевой Канал Шины: 0 | Интент: SET_SLOT_FOCUS | Конечная цель фокуса: 102
[22:26:59 Msk] [TX_112] Фасилити: 12 | Интент: TAB_CLICKED | Назначение (P1): 12 | Статус TX:[22:26:59 Msk] [TX_111] Фасилити: 0 | Интент: SET_SLOT_FOCUS | Назначение (P1): 0 | Статус TX:[22:27:00 Msk] [TX_117] Фасилити: 14 | Интент: SCROLL_CONTENT_DOWN | Назначение (P1): 14 | Статус TX:[22:27:00 Msk] [TX_120] Фасилити: 14 | Интент: SCROLL_CONTENT_DOWN | Назначение (P1): 14 | Статус TX:[22:27:00 Msk] [TX_123] Фасилити: 14 | Интент: SCROLL_CONTENT_DOWN | Назначение (P1): 14 | Статус TX:[22:27:00 Msk] [TX_126] Фасилити: 14 | Интент: SCROLL_CONTENT_UP | Назначение (P1): 14 | Статус TX:[22:27:00 Msk] [TX_129] Фасилити: 14 | Интент: SCROLL_CONTENT_UP | Назначение (P1): 14 | Статус TX:[22:27:00 Msk] [TX_132] Фасилити: 14 | Интент: SCROLL_CONTENT_UP | Назначение (P1): 14 | Статус TX:[22:27:00 Msk] [TX_135] Фасилити: 14 | Интент: SCROLL_CONTENT_DOWN | Назначение (P1): 14 | Статус TX:[22:27:00 Msk] [TX_138] Фасилити: 12 | Интент: TAB_CLICKED | Назначение (P1): 12 | Статус TX:[22:27:02 Msk] [TX_141] Фасилити: 12 | Интент: TAB_CLICKED | Назначение (P1): 12 | Статус TX:[22:27:02 Msk] [TX_144] Фасилити: 104 | Интент: ROTATE_STACK_DOWN | Назначение (P1): 104 | Статус TX:[22:27:03 Msk] [TX_147] Фасилити: 12 | Интент: TAB_CLICKED | Назначение (P1): 12 | Статус TX:[22:27:03 Msk] [TX_150] Фасилити: 104 | Интент: ROTATE_STACK_DOWN | Назначение (P1): 104 | Статус TX:[22:27:03 Msk] [TX_153] Фасилити: 104 | Интент: ROTATE_STACK_DOWN | Назначение (P1): 104 | Статус TX:[22:27:03 Msk] [TX_156] Фасилити: 104 | Интент: ROTATE_STACK_DOWN | Назначение (P1): 104 | Статус TX:[22:27:03 Msk] [TX_159] Фасилити: 104 | Интент: ROTATE_STACK_DOWN | Назначение (P1): 104 | Статус TX:[22:27:03 Msk] [TX_162] Фасилити: 104 | Интент: ROTATE_STACK_UP | Назначение (P1): 104 | Статус TX:[22:27:03 Msk] [TX_165] Фасилити: 104 | Интент: ROTATE_STACK_UP | Назначение (P1): 104 | Статус TX:[22:27:03 Msk] [TX_168] Фасилити: 104 | Интент: ROTATE_STACK_UP | Назначение (P1): 104 | Статус TX:[22:28:27 Msk] [TX_3] Фасилити: 0 | Интент: init | Назначение (P1): 0 | Статус T[22:28:27 Msk] [TX_1] Фасилити: 9 | Интент: TRIGGER_RESIZE | Назначение (P1): 9 | Статус T[22:28:27 Msk] [TX_2] Фасилити: 11 | Интент: BOOT_LAYOUT_TREE | Назначение (P1): 11 | Статус T[22:28:27 Msk] [TX_8] Фасилити: 0 | Интент: SYNCHRONIZE_DYNAMIC_SLOT | Назначение (P1): 0 | Статус TX:[22:28:27 Msk] [TX_19] Фасилити: 12 | Интент: REGISTRATION_TAB_SPACE | Назначение (P1): 12 | Статус T[22:28:27 Msk] [TX_24] Фасилити: 108 | Интент: ADD_LOG_ENTRY | Назначение (P1): 108 | Статус TX[22:28:27 Msk] [TX_36] Фасилити: 9 | Интент: INJECT_GEO_MAP | Назначение (P1): 9 | Статус TX[22:28:27 Msk] [TX_28] Фасилити: 108 | Интент: ADD_LOG_ENTRY | Назначение (P1): 108 | Статус TX: [22:28:27 Msk] [TX_31] Фасилити: 103 | Интент: INJECT_VFS_DATA | Назначение (P1): 103 | Статус TX: [22:28:27 Msk] [TX_29] Фасилити: 102 | Интент: INJECT_VFS_DATA | Назначение (P1): 102 | Статус TX: [22:28:27 Msk] [TX_44] Фасилити: 14 | Интент: SYNC_SCROLLBAR_METRICS | Назначение (P1): 14 | Статус TX: [22:28:27 Msk] [TX_45] Фасилити: 14 | Интент: SYNC_SCROLLBAR_METRICS | Назначение (P1): 14 | Статус TX: [22:28:27 Msk] [TX_46] Фасилити: 14 | Интент: SYNC_SCROLLBAR_METRICS | Назначение (P1): 14 | Статус TX: [22:28:27 Msk] [TX_47] Фасилити: 14 | Интент: SYNC_SCROLLBAR_METRICS | Назначение (P1): 14 | Статус TX: [22:28:27 Msk] [TX_49] Фасилити: 14 | Интент: SYNC_SCROLLBAR_METRICS | Назначение (P1): 14 | Статус TX: [22:29:18 Msk] [TX_3] Фасилити: 0 | Интент: init | Назначение (P1): 0 | Статус T[22:29:18 Msk] [TX_1] Фасилити: 9 | Интент: TRIGGER_RESIZE | Назначение (P1): 9 | Статус T[22:29:18 Msk] [TX_2] Фасилити: 11 | Интент: BOOT_LAYOUT_TREE | Назначение (P1): 11 | Статус T[22:29:19 Msk] [TX_8] Фасилити: 0 | Интент: SYNCHRONIZE_DYNAMIC_SLOT | Назначение (P1): 0 | Статус TX:[22:29:19 Msk] [TX_19] Фасилити: 12 | Интент: REGISTRATION_TAB_SPACE | Назначение (P1): 12 | Статус T[22:29:19 Msk] [TX_24] Фасилити: 108 | Интент: ADD_LOG_ENTRY | Назначение (P1): 108 | Статус TX[22:29:19 Msk] [TX_36] Фасилити: 9 | Интент: INJECT_GEO_MAP | Назначение (P1): 9 | Статус TX[22:29:19 Msk] [TX_28] Фасилити: 108 | Интент: ADD_LOG_ENTRY | Назначение (P1): 108 | Статус TX: [22:29:19 Msk] [TX_31] Фасилити: 103 | Интент: INJECT_VFS_DATA | Назначение (P1): 103 | Статус TX: [22:29:19 Msk] [TX_29] Фасилити: 102 | Интент: INJECT_VFS_DATA | Назначение (P1): 102 | Статус TX: [22:29:19 Msk] [TX_44] Фасилити: 14 | Интент: SYNC_SCROLLBAR_METRICS | Назначение (P1): 14 | Статус TX: [22:29:19 Msk] [TX_45] Фасилити: 14 | Интент: SYNC_SCROLLBAR_METRICS | Назначение (P1): 14 | Статус TX: [22:29:19 Msk] [TX_46] Фасилити: 14 | Интент: SYNC_SCROLLBAR_METRICS | Назначение (P1): 14 | Статус TX: [22:29:19 Msk] [TX_47] Фасилити: 14 | Интент: SYNC_SCROLLBAR_METRICS | Назначение (P1): 14 | Статус TX: [22:29:19 Msk] [TX_49] Фасилити: 14 | Интент: SYNC_SCROLLBAR_METRICS | Назначение (P1): 14 | Статус TX: [22:29:22 Msk] [TOP_GEN] Целевой Канал Шины: 0 | Интент: SET_SLOT_FOCUS | Конечная цель фокуса: 102
[22:29:22 Msk] [TX_57] Фасилити: 102 | Интент: MOUSE_CLICK | Назначение (P1): 102 | Статус TX:[22:29:22 Msk] [TX_56] Фасилити: 0 | Интент: SET_SLOT_FOCUS | Назначение (P1): 0 | Статус TX:[22:29:22 Msk] [TX_63] Фасилити: 14 | Интент: SCROLL_CONTENT_DOWN | Назначение (P1): 14 | Статус TX:[22:29:22 Msk] [TX_66] Фасилити: 14 | Интент: SCROLL_CONTENT_DOWN | Назначение (P1): 14 | Статус TX:[22:29:22 Msk] [TX_69] Фасилити: 14 | Интент: SCROLL_CONTENT_DOWN | Назначение (P1): 14 | Статус TX:[22:29:22 Msk] [TX_72] Фасилити: 14 | Интент: SCROLL_CONTENT_DOWN | Назначение (P1): 14 | Статус TX:[22:29:22 Msk] [TX_75] Фасилити: 14 | Интент: SCROLL_CONTENT_DOWN | Назначение (P1): 14 | Статус TX:[22:29:22 Msk] [TX_78] Фасилити: 14 | Интент: SCROLL_CONTENT_UP | Назначение (P1): 14 | Статус TX:[22:29:22 Msk] [TX_81] Фасилити: 14 | Интент: SCROLL_CONTENT_UP | Назначение (P1): 14 | Статус TX:[22:29:22 Msk] [TX_84] Фасилити: 14 | Интент: SCROLL_CONTENT_UP | Назначение (P1): 14 | Статус TX:[22:29:22 Msk] [TX_87] Фасилити: 14 | Интент: SCROLL_CONTENT_UP | Назначение (P1): 14 | Статус TX:[22:29:22 Msk] [TX_90] Фасилити: 14 | Интент: SCROLL_CONTENT_UP | Назначение (P1): 14 | Статус TX:[22:29:24 Msk] [TX_93] Фасилити: 12 | Интент: TAB_CLICKED | Назначение (P1): 12 | Статус TX:[22:29:24 Msk] [TX_96] Фасилити: 14 | Интент: SCROLL_CONTENT_DOWN | Назначение (P1): 14 | Статус TX:[22:29:24 Msk] [TX_99] Фасилити: 14 | Интент: SCROLL_CONTENT_DOWN | Назначение (P1): 14 | Статус TX:[22:29:24 Msk] [TX_102] Фасилити: 14 | Интент: SCROLL_CONTENT_DOWN | Назначение (P1): 14 | Статус TX:[22:29:24 Msk] [TX_105] Фасилити: 14 | Интент: SCROLL_CONTENT_DOWN | Назначение (P1): 14 | Статус TX:[22:29:24 Msk] [TX_108] Фасилити: 14 | Интент: SCROLL_CONTENT_UP | Назначение (P1): 14 | Статус TX:[22:29:24 Msk] [TX_111] Фасилити: 14 | Интент: SCROLL_CONTENT_UP | Назначение (P1): 14 | Статус TX:[22:29:24 Msk] [TX_114] Фасилити: 14 | Интент: SCROLL_CONTENT_UP | Назначение (P1): 14 | Статус TX:[22:29:25 Msk] [TX_117] Фасилити: 12 | Интент: TAB_CLICKED | Назначение (P1): 12 | Статус TX:[22:29:25 Msk] [TX_118] Фасилити: 104 | Интент: KEYBOARD_MODIFIER_CHANGED | Назначение (P1): 104 | Статус TX:[22:29:25 Msk] [TX_119] Фасилити: 108 | Интент: ADD_LOG_ENTRY | Назначение (P1): 108 | Статус TX:[22:29:25 Msk] [TX_126] Фасилити: 104 | Интент: ROTATE_STACK_DOWN | Назначение (P1): 104 | Статус TX:[22:29:25 Msk] [TX_129] Фасилити: 104 | Интент: ROTATE_STACK_DOWN | Назначение (P1): 104 | Статус TX:[22:29:26 Msk] [TX_132] Фасилити: 102 | Интент: ROTATE_SLOT_STACK | Назначение (P1): 102 | Статус TX:[22:29:26 Msk] [TX_135] Фасилити: 108 | Интент: ADD_LOG_ENTRY | Назначение (P1): 108 | Статус TX: [22:29:26 Msk] [TX_136] Фасилити: 102 | Интент: INJECT_VFS_DATA | Назначение (P1): 102 | Статус TX: [22:29:26 Msk] [TX_138] Фасилити: 14 | Интент: SYNC_SCROLLBAR_METRICS | Назначение (P1): 14 | Статус TX: [22:29:26 Msk] [TX_142] Фасилити: 102 | Интент: ROTATE_SLOT_STACK | Назначение (P1): 102 | Статус TX:[22:29:26 Msk] [TX_145] Фасилити: 108 | Интент: ADD_LOG_ENTRY | Назначение (P1): 108 | Статус TX: [22:29:26 Msk] [TX_146] Фасилити: 102 | Интент: INJECT_VFS_DATA | Назначение (P1): 102 | Статус TX: [22:29:26 Msk] [TX_148] Фасилити: 14 | Интент: SYNC_SCROLLBAR_METRICS | Назначение (P1): 14 | Статус TX: [22:29:26 Msk] [TX_152] Фасилити: 14 | Интент: SCROLL_CONTENT_DOWN | Назначение (P1): 14 | Статус TX:[22:29:26 Msk] [TX_155] Фасилити: 14 | Интент: SCROLL_CONTENT_DOWN | Назначение (P1): 14 | Статус TX:[22:29:27 Msk] [TX_158] Фасилити: 14 | Интент: SCROLL_CONTENT_DOWN | Назначение (P1): 14 | Статус TX:[22:31:04 Msk] [TX_3] Фасилити: 0 | Интент: init | Назначение (P1): 0 | Статус T[22:31:04 Msk] [TX_1] Фасилити: 9 | Интент: TRIGGER_RESIZE | Назначение (P1): 9 | Статус T[22:31:04 Msk] [TX_2] Фасилити: 11 | Интент: BOOT_LAYOUT_TREE | Назначение (P1): 11 | Статус T[22:31:04 Msk] [TX_8] Фасилити: 0 | Интент: SYNCHRONIZE_DYNAMIC_SLOT | Назначение (P1): 0 | Статус TX:[22:31:04 Msk] [TX_19] Фасилити: 12 | Интент: REGISTRATION_TAB_SPACE | Назначение (P1): 12 | Статус T[22:31:04 Msk] [TX_24] Фасилити: 108 | Интент: ADD_LOG_ENTRY | Назначение (P1): 108 | Статус TX[22:31:04 Msk] [TX_36] Фасилити: 9 | Интент: INJECT_GEO_MAP | Назначение (P1): 9 | Статус TX[22:31:04 Msk] [TX_28] Фасилити: 108 | Интент: ADD_LOG_ENTRY | Назначение (P1): 108 | Статус TX: [22:31:04 Msk] [TX_31] Фасилити: 103 | Интент: INJECT_VFS_DATA | Назначение (P1): 103 | Статус TX: [22:31:04 Msk] [TX_29] Фасилити: 102 | Интент: INJECT_VFS_DATA | Назначение (P1): 102 | Статус TX: [22:31:04 Msk] [TX_44] Фасилити: 14 | Интент: SYNC_SCROLLBAR_METRICS | Назначение (P1): 14 | Статус TX: [22:31:04 Msk] [TX_45] Фасилити: 14 | Интент: SYNC_SCROLLBAR_METRICS | Назначение (P1): 14 | Статус TX: [22:31:04 Msk] [TX_46] Фасилити: 14 | Интент: SYNC_SCROLLBAR_METRICS | Назначение (P1): 14 | Статус TX: [22:31:04 Msk] [TX_47] Фасилити: 14 | Интент: SYNC_SCROLLBAR_METRICS | Назначение (P1): 14 | Статус TX: [22:31:04 Msk] [TX_49] Фасилити: 14 | Интент: SYNC_SCROLLBAR_METRICS | Назначение (P1): 14 | Статус TX: [22:31:06 Msk] [TX_56] Фасилити: 14 | Интент: SCROLL_CONTENT_DOWN | Назначение (P1): 14 | Статус TX:[22:31:07 Msk] [TX_59] Фасилити: 14 | Интент: SCROLL_CONTENT_DOWN | Назначение (P1): 14 | Статус TX:[22:31:07 Msk] [TX_62] Фасилити: 14 | Интент: SCROLL_CONTENT_DOWN | Назначение (P1): 14 | Статус TX:[22:31:07 Msk] [TX_65] Фасилити: 14 | Интент: SCROLL_CONTENT_DOWN | Назначение (P1): 14 | Статус TX:[22:31:07 Msk] [TX_68] Фасилити: 14 | Интент: SCROLL_CONTENT_DOWN | Назначение (P1): 14 | Статус TX:[22:31:07 Msk] [TOP_GEN] Целевой Канал Шины: 0 | Интент: SET_SLOT_FOCUS | Конечная цель фокуса: 102
[22:31:07 Msk] [TX_72] Фасилити: 102 | Интент: MOUSE_CLICK | Назначение (P1): 102 | Статус TX:[22:31:07 Msk] [TX_71] Фасилити: 0 | Интент: SET_SLOT_FOCUS | Назначение (P1): 0 | Статус TX:[22:31:08 Msk] [TX_78] Фасилити: 14 | Интент: SCROLL_CONTENT_DOWN | Назначение (P1): 14 | Статус TX:[22:31:08 Msk] [TX_81] Фасилити: 14 | Интент: SCROLL_CONTENT_DOWN | Назначение (P1): 14 | Статус TX:[22:31:08 Msk] [TX_84] Фасилити: 14 | Интент: SCROLL_CONTENT_DOWN | Назначение (P1): 14 | Статус TX:[22:31:08 Msk] [TX_87] Фасилити: 14 | Интент: SCROLL_CONTENT_DOWN | Назначение (P1): 14 | Статус TX:[22:31:08 Msk] [TX_90] Фасилити: 14 | Интент: SCROLL_CONTENT_UP | Назначение (P1): 14 | Статус TX:[22:31:08 Msk] [TX_93] Фасилити: 14 | Интент: SCROLL_CONTENT_UP | Назначение (P1): 14 | Статус TX:[22:31:08 Msk] [TX_96] Фасилити: 14 | Интент: SCROLL_CONTENT_UP | Назначение (P1): 14 | Статус TX:[22:31:08 Msk] [TX_99] Фасилити: 14 | Интент: SCROLL_CONTENT_UP | Назначение (P1): 14 | Статус TX:[22:31:08 Msk] [TX_102] Фасилити: 14 | Интент: SCROLL_CONTENT_UP | Назначение (P1): 14 | Статус TX:[22:31:08 Msk] [TX_105] Фасилити: 14 | Интент: SCROLL_CONTENT_UP | Назначение (P1): 14 | Статус TX:[22:31:08 Msk] [TX_108] Фасилити: 14 | Интент: SCROLL_CONTENT_DOWN | Назначение (P1): 14 | Статус TX:[22:31:08 Msk] [TX_111] Фасилити: 14 | Интент: SCROLL_CONTENT_DOWN | Назначение (P1): 14 | Статус TX:[22:31:08 Msk] [TX_114] Фасилити: 14 | Интент: SCROLL_CONTENT_DOWN | Назначение (P1): 14 | Статус TX:[22:31:08 Msk] [TX_117] Фасилити: 14 | Интент: SCROLL_CONTENT_DOWN | Назначение (P1): 14 | Статус TX:[22:31:08 Msk] [TX_120] Фасилити: 14 | Интент: SCROLL_CONTENT_DOWN | Назначение (P1): 14 | Статус TX:[22:31:09 Msk] [TX_123] Фасилити: 102 | Интент: MOUSE_CLICK | Назначение (P1): 102 | Статус TX:[22:31:10 Msk] [TX_127] Фасилити: 102 | Интент: MOUSE_CLICK | Назначение (P1): 102 | Статус TX:[22:33:11 Msk] [TX_3] Фасилити: 0 | Интент: init | Назначение (P1): 0 | Статус T[22:33:11 Msk] [TX_1] Фасилити: 9 | Интент: TRIGGER_RESIZE | Назначение (P1): 9 | Статус T[22:33:11 Msk] [TX_2] Фасилити: 11 | Интент: BOOT_LAYOUT_TREE | Назначение (P1): 11 | Статус T[22:33:11 Msk] [TX_8] Фасилити: 0 | Интент: SYNCHRONIZE_DYNAMIC_SLOT | Назначение (P1): 0 | Статус TX:[22:33:11 Msk] [TX_19] Фасилити: 12 | Интент: REGISTRATION_TAB_SPACE | Назначение (P1): 12 | Статус T[22:33:11 Msk] [TX_24] Фасилити: 108 | Интент: ADD_LOG_ENTRY | Назначение (P1): 108 | Статус TX[22:33:11 Msk] [TX_28] Фасилити: 9 | Интент: INJECT_GEO_MAP | Назначение (P1): 9 | Статус TX[22:33:11 Msk] [TX_29] Фасилити: 108 | Интент: ADD_LOG_ENTRY | Назначение (P1): 108 | Статус TX: [22:33:11 Msk] [TX_32] Фасилити: 103 | Интент: INJECT_VFS_DATA | Назначение (P1): 103 | Статус TX: [22:33:11 Msk] [TX_30] Фасилити: 102 | Интент: INJECT_VFS_DATA | Назначение (P1): 102 | Статус TX: [22:33:11 Msk] [TX_44] Фасилити: 14 | Интент: SYNC_SCROLLBAR_METRICS | Назначение (P1): 14 | Статус TX: [22:33:11 Msk] [TX_45] Фасилити: 14 | Интент: SYNC_SCROLLBAR_METRICS | Назначение (P1): 14 | Статус TX: [22:33:11 Msk] [TX_46] Фасилити: 14 | Интент: SYNC_SCROLLBAR_METRICS | Назначение (P1): 14 | Статус TX: [22:33:11 Msk] [TX_47] Фасилити: 14 | Интент: SYNC_SCROLLBAR_METRICS | Назначение (P1): 14 | Статус TX: [22:33:11 Msk] [TX_49] Фасилити: 14 | Интент: SYNC_SCROLLBAR_METRICS | Назначение (P1): 14 | Статус TX: [22:33:13 Msk] [TOP_GEN] Целевой Канал Шины: 0 | Интент: SET_SLOT_FOCUS | Конечная цель фокуса: 102
[22:33:13 Msk] [TX_57] Фасилити: 102 | Интент: MOUSE_CLICK | Назначение (P1): 102 | Статус TX:[22:33:13 Msk] [TX_56] Фасилити: 0 | Интент: SET_SLOT_FOCUS | Назначение (P1): 0 | Статус TX:[22:33:14 Msk] [TX_63] Фасилити: 14 | Интент: SCROLL_CONTENT_DOWN | Назначение (P1): 14 | Статус TX:[22:33:14 Msk] [TX_66] Фасилити: 14 | Интент: SCROLL_CONTENT_DOWN | Назначение (P1): 14 | Статус TX:[22:33:14 Msk] [TX_69] Фасилити: 14 | Интент: SCROLL_CONTENT_DOWN | Назначение (P1): 14 | Статус TX:[22:33:14 Msk] [TX_72] Фасилити: 14 | Интент: SCROLL_CONTENT_UP | Назначение (P1): 14 | Статус TX:[22:33:14 Msk] [TX_75] Фасилити: 14 | Интент: SCROLL_CONTENT_UP | Назначение (P1): 14 | Статус TX:[22:33:14 Msk] [TX_78] Фасилити: 14 | Интент: SCROLL_CONTENT_UP | Назначение (P1): 14 | Статус TX:[22:33:14 Msk] [TX_81] Фасилити: 14 | Интент: SCROLL_CONTENT_UP | Назначение (P1): 14 | Статус TX:[22:33:14 Msk] [TX_84] Фасилити: 14 | Интент: SCROLL_CONTENT_UP | Назначение (P1): 14 | Статус TX:[22:33:14 Msk] [TX_87] Фасилити: 14 | Интент: SCROLL_CONTENT_DOWN | Назначение (P1): 14 | Статус TX:[22:33:14 Msk] [TX_90] Фасилити: 14 | Интент: SCROLL_CONTENT_DOWN | Назначение (P1): 14 | Статус TX:[22:33:15 Msk] [TX_93] Фасилити: 102 | Интент: MOUSE_CLICK | Назначение (P1): 102 | Статус TX:[22:33:16 Msk] [TX_97] Фасилити: 12 | Интент: TAB_CLICKED | Назначение (P1): 12 | Статус TX:[22:33:16 Msk] [TX_98] Фасилити: 104 | Интент: KEYBOARD_MODIFIER_CHANGED | Назначение (P1): 104 | Статус TX:[22:33:16 Msk] [TX_99] Фасилити: 108 | Интент: ADD_LOG_ENTRY | Назначение (P1): 108 | Статус TX:[22:33:17 Msk] [TX_106] Фасилити: 12 | Интент: TAB_CLICKED | Назначение (P1): 12 | Статус TX:[22:33:17 Msk] [TX_107] Фасилити: 104 | Интент: KEYBOARD_MODIFIER_CHANGED | Назначение (P1): 104 | Статус TX:[22:33:17 Msk] [TX_108] Фасилити: 108 | Интент: ADD_LOG_ENTRY | Назначение (P1): 108 | Статус TX:[22:34:52 Msk] [TX_3] Фасилити: 0 | Интент: init | Назначение (P1): 0 | Статус T[22:34:52 Msk] [TX_1] Фасилити: 9 | Интент: TRIGGER_RESIZE | Назначение (P1): 9 | Статус T[22:34:52 Msk] [TX_2] Фасилити: 11 | Интент: BOOT_LAYOUT_TREE | Назначение (P1): 11 | Статус T[22:34:52 Msk] [TX_8] Фасилити: 0 | Интент: SYNCHRONIZE_DYNAMIC_SLOT | Назначение (P1): 0 | Статус TX:[22:34:52 Msk] [TX_19] Фасилити: 12 | Интент: REGISTRATION_TAB_SPACE | Назначение (P1): 12 | Статус T[22:34:52 Msk] [TX_24] Фасилити: 108 | Интент: ADD_LOG_ENTRY | Назначение (P1): 108 | Статус TX[22:34:52 Msk] [TX_36] Фасилити: 9 | Интент: INJECT_GEO_MAP | Назначение (P1): 9 | Статус TX[22:34:52 Msk] [TX_28] Фасилити: 108 | Интент: ADD_LOG_ENTRY | Назначение (P1): 108 | Статус TX: [22:34:52 Msk] [TX_31] Фасилити: 103 | Интент: INJECT_VFS_DATA | Назначение (P1): 103 | Статус TX: [22:34:52 Msk] [TX_29] Фасилити: 102 | Интент: INJECT_VFS_DATA | Назначение (P1): 102 | Статус TX: [22:34:52 Msk] [TX_44] Фасилити: 14 | Интент: SYNC_SCROLLBAR_METRICS | Назначение (P1): 14 | Статус TX: [22:34:52 Msk] [TX_45] Фасилити: 14 | Интент: SYNC_SCROLLBAR_METRICS | Назначение (P1): 14 | Статус TX: [22:34:52 Msk] [TX_46] Фасилити: 14 | Интент: SYNC_SCROLLBAR_METRICS | Назначение (P1): 14 | Статус TX: [22:34:52 Msk] [TX_47] Фасилити: 14 | Интент: SYNC_SCROLLBAR_METRICS | Назначение (P1): 14 | Статус TX: [22:34:52 Msk] [TX_49] Фасилити: 14 | Интент: SYNC_SCROLLBAR_METRICS | Назначение (P1): 14 | Статус TX: [22:34:54 Msk] [TOP_GEN] Целевой Канал Шины: 0 | Интент: SET_SLOT_FOCUS | Конечная цель фокуса: 104
[22:34:54 Msk] [TX_56] Фасилити: 0 | Интент: SET_SLOT_FOCUS | Назначение (P1): 0 | Статус TX:[22:34:54 Msk] [TX_61] Фасилити: 104 | Интент: ROTATE_STACK_UP | Назначение (P1): 104 | Статус TX:[22:34:55 Msk] [TX_64] Фасилити: 104 | Интент: ROTATE_STACK_UP | Назначение (P1): 104 | Статус TX:[22:34:55 Msk] [TX_67] Фасилити: 14 | Интент: SCROLL_CONTENT_DOWN | Назначение (P1): 14 | Статус TX:[22:34:55 Msk] [TX_70] Фасилити: 14 | Интент: SCROLL_CONTENT_DOWN | Назначение (P1): 14 | Статус TX:[22:34:55 Msk] [TX_73] Фасилити: 14 | Интент: SCROLL_CONTENT_DOWN | Назначение (P1): 14 | Статус TX:[22:34:55 Msk] [TX_76] Фасилити: 14 | Интент: SCROLL_CONTENT_DOWN | Назначение (P1): 14 | Статус TX:[22:34:55 Msk] [TX_79] Фасилити: 14 | Интент: SCROLL_CONTENT_UP | Назначение (P1): 14 | Статус TX:[22:34:55 Msk] [TX_82] Фасилити: 14 | Интент: SCROLL_CONTENT_UP | Назначение (P1): 14 | Статус TX:[22:34:55 Msk] [TX_85] Фасилити: 14 | Интент: SCROLL_CONTENT_UP | Назначение (P1): 14 | Статус TX:[22:34:55 Msk] [TX_88] Фасилити: 14 | Интент: SCROLL_CONTENT_UP | Назначение (P1): 14 | Статус TX:[22:34:55 Msk] [TOP_GEN] Целевой Канал Шины: 0 | Интент: SET_SLOT_FOCUS | Конечная цель фокуса: 102
[22:34:55 Msk] [TX_92] Фасилити: 102 | Интент: MOUSE_CLICK | Назначение (P1): 102 | Статус TX:[22:34:55 Msk] [TX_91] Фасилити: 0 | Интент: SET_SLOT_FOCUS | Назначение (P1): 0 | Статус TX:[22:34:56 Msk] [TX_98] Фасилити: 14 | Интент: SCROLL_CONTENT_DOWN | Назначение (P1): 14 | Статус TX:[22:34:56 Msk] [TX_101] Фасилити: 14 | Интент: SCROLL_CONTENT_DOWN | Назначение (P1): 14 | Статус TX:[22:34:56 Msk] [TX_104] Фасилити: 14 | Интент: SCROLL_CONTENT_UP | Назначение (P1): 14 | Статус TX:[22:34:56 Msk] [TX_107] Фасилити: 14 | Интент: SCROLL_CONTENT_UP | Назначение (P1): 14 | Статус TX:[22:34:56 Msk] [TX_110] Фасилити: 14 | Интент: SCROLL_CONTENT_UP | Назначение (P1): 14 | Статус TX:[22:34:57 Msk] [TX_113] Фасилити: 102 | Интент: MOUSE_CLICK | Назначение (P1): 102 | Статус TX:[22:39:57 Msk] [TX_3] Фасилити: 0 | Интент: init | Назначение (P1): 0 | Статус T[22:39:57 Msk] [TX_1] Фасилити: 9 | Интент: TRIGGER_RESIZE | Назначение (P1): 9 | Статус T[22:39:57 Msk] [TX_2] Фасилити: 11 | Интент: BOOT_LAYOUT_TREE | Назначение (P1): 11 | Статус T[22:39:57 Msk] [TX_8] Фасилити: 0 | Интент: SYNCHRONIZE_DYNAMIC_SLOT | Назначение (P1): 0 | Статус TX:[22:39:57 Msk] [TX_19] Фасилити: 12 | Интент: REGISTRATION_TAB_SPACE | Назначение (P1): 12 | Статус T[22:39:57 Msk] [TX_24] Фасилити: 108 | Интент: ADD_LOG_ENTRY | Назначение (P1): 108 | Статус TX[22:39:57 Msk] [TX_36] Фасилити: 9 | Интент: INJECT_GEO_MAP | Назначение (P1): 9 | Статус TX[22:39:57 Msk] [TX_28] Фасилити: 108 | Интент: ADD_LOG_ENTRY | Назначение (P1): 108 | Статус TX: [22:39:57 Msk] [TX_31] Фасилити: 103 | Интент: INJECT_VFS_DATA | Назначение (P1): 103 | Статус TX: [22:39:57 Msk] [TX_29] Фасилити: 102 | Интент: INJECT_VFS_DATA | Назначение (P1): 102 | Статус TX: [22:39:57 Msk] [TX_44] Фасилити: 14 | Интент: SYNC_SCROLLBAR_METRICS | Назначение (P1): 14 | Статус TX: [22:39:57 Msk] [TX_45] Фасилити: 14 | Интент: SYNC_SCROLLBAR_METRICS | Назначение (P1): 14 | Статус TX: [22:39:57 Msk] [TX_46] Фасилити: 14 | Интент: SYNC_SCROLLBAR_METRICS | Назначение (P1): 14 | Статус TX: [22:39:57 Msk] [TX_47] Фасилити: 14 | Интент: SYNC_SCROLLBAR_METRICS | Назначение (P1): 14 | Статус TX: [22:39:57 Msk] [TX_49] Фасилити: 14 | Интент: SYNC_SCROLLBAR_METRICS | Назначение (P1): 14 | Статус TX: [22:40:01 Msk] [TOP_GEN] Целевой Канал Шины: 0 | Интент: SET_SLOT_FOCUS | Конечная цель фокуса: 102
[22:40:01 Msk] [TX_57] Фасилити: 102 | Интент: MOUSE_CLICK | Назначение (P1): 102 | Статус TX:[22:40:01 Msk] [TX_56] Фасилити: 0 | Интент: SET_SLOT_FOCUS | Назначение (P1): 0 | Статус TX:[22:40:01 Msk] [TX_63] Фасилити: 14 | Интент: SCROLL_CONTENT_DOWN | Назначение (P1): 14 | Статус TX:[22:40:01 Msk] [TX_67] Фасилити: 14 | Интент: SCROLL_CONTENT_DOWN | Назначение (P1): 14 | Статус TX:[22:40:01 Msk] [TX_71] Фасилити: 14 | Интент: SCROLL_CONTENT_DOWN | Назначение (P1): 14 | Статус TX:[22:40:01 Msk] [TX_75] Фасилити: 14 | Интент: SCROLL_CONTENT_UP | Назначение (P1): 14 | Статус TX:[22:40:01 Msk] [TX_79] Фасилити: 14 | Интент: SCROLL_CONTENT_UP | Назначение (P1): 14 | Статус TX:[22:40:01 Msk] [TX_83] Фасилити: 14 | Интент: SCROLL_CONTENT_UP | Назначение (P1): 14 | Статус TX:[22:40:01 Msk] [TX_87] Фасилити: 14 | Интент: SCROLL_CONTENT_UP | Назначение (P1): 14 | Статус TX:[22:40:01 Msk] [TX_90] Фасилити: 14 | Интент: SCROLL_CONTENT_UP | Назначение (P1): 14 | Статус TX:[22:40:01 Msk] [TX_93] Фасилити: 14 | Интент: SCROLL_CONTENT_UP | Назначение (P1): 14 | Статус TX:[22:40:01 Msk] [TX_96] Фасилити: 14 | Интент: SCROLL_CONTENT_DOWN | Назначение (P1): 14 | Статус TX:[22:40:01 Msk] [TX_100] Фасилити: 14 | Интент: SCROLL_CONTENT_DOWN | Назначение (P1): 14 | Статус TX:[22:40:01 Msk] [TX_104] Фасилити: 14 | Интент: SCROLL_CONTENT_DOWN | Назначение (P1): 14 | Статус TX:[22:40:01 Msk] [TX_108] Фасилити: 14 | Интент: SCROLL_CONTENT_DOWN | Назначение (P1): 14 | Статус TX:[22:40:01 Msk] [TX_112] Фасилити: 14 | Интент: SCROLL_CONTENT_DOWN | Назначение (P1): 14 | Статус TX:[22:40:02 Msk] [TX_116] Фасилити: 14 | Интент: SCROLL_CONTENT_UP | Назначение (P1): 14 | Статус TX:[22:40:02 Msk] [TX_120] Фасилити: 14 | Интент: SCROLL_CONTENT_UP | Назначение (P1): 14 | Статус TX:[22:40:03 Msk] [TX_124] Фасилити: 12 | Интент: TAB_CLICKED | Назначение (P1): 12 | Статус TX:[22:40:04 Msk] [TX_127] Фасилити: 12 | Интент: TAB_CLICKED | Назначение (P1): 12 | Статус TX:[22:40:04 Msk] [TX_128] Фасилити: 104 | Интент: KEYBOARD_MODIFIER_CHANGED | Назначение (P1): 104 | Статус TX:[22:40:04 Msk] [TX_129] Фасилити: 108 | Интент: ADD_LOG_ENTRY | Назначение (P1): 108 | Статус TX:[22:40:05 Msk] [TX_136] Фасилити: 12 | Интент: TAB_CLICKED | Назначение (P1): 12 | Статус TX:[22:41:59 Msk] [TX_3] Фасилити: 0 | Интент: init | Назначение (P1): 0 | Статус T[22:41:59 Msk] [TX_1] Фасилити: 9 | Интент: TRIGGER_RESIZE | Назначение (P1): 9 | Статус T[22:41:59 Msk] [TX_2] Фасилити: 11 | Интент: BOOT_LAYOUT_TREE | Назначение (P1): 11 | Статус T[22:41:59 Msk] [TX_8] Фасилити: 0 | Интент: SYNCHRONIZE_DYNAMIC_SLOT | Назначение (P1): 0 | Статус TX:[22:41:59 Msk] [TX_19] Фасилити: 12 | Интент: REGISTRATION_TAB_SPACE | Назначение (P1): 12 | Статус T[22:41:59 Msk] [TX_24] Фасилити: 108 | Интент: ADD_LOG_ENTRY | Назначение (P1): 108 | Статус TX[22:41:59 Msk] [TX_36] Фасилити: 9 | Интент: INJECT_GEO_MAP | Назначение (P1): 9 | Статус TX[22:41:59 Msk] [TX_28] Фасилити: 108 | Интент: ADD_LOG_ENTRY | Назначение (P1): 108 | Статус TX: [22:41:59 Msk] [TX_31] Фасилити: 103 | Интент: INJECT_VFS_DATA | Назначение (P1): 103 | Статус TX: [22:41:59 Msk] [TX_29] Фасилити: 102 | Интент: INJECT_VFS_DATA | Назначение (P1): 102 | Статус TX: [22:41:59 Msk] [TX_44] Фасилити: 14 | Интент: SYNC_SCROLLBAR_METRICS | Назначение (P1): 14 | Статус TX: [22:41:59 Msk] [TX_45] Фасилити: 14 | Интент: SYNC_SCROLLBAR_METRICS | Назначение (P1): 14 | Статус TX: [22:41:59 Msk] [TX_46] Фасилити: 14 | Интент: SYNC_SCROLLBAR_METRICS | Назначение (P1): 14 | Статус TX: [22:41:59 Msk] [TX_47] Фасилити: 14 | Интент: SYNC_SCROLLBAR_METRICS | Назначение (P1): 14 | Статус TX: [22:41:59 Msk] [TX_49] Фасилити: 14 | Интент: SYNC_SCROLLBAR_METRICS | Назначение (P1): 14 | Статус TX: [22:42:01 Msk] [TOP_GEN] Целевой Канал Шины: 0 | Интент: SET_SLOT_FOCUS | Конечная цель фокуса: 102
[22:42:01 Msk] [TX_57] Фасилити: 102 | Интент: MOUSE_CLICK | Назначение (P1): 102 | Статус TX:[22:42:01 Msk] [TX_56] Фасилити: 0 | Интент: SET_SLOT_FOCUS | Назначение (P1): 0 | Статус TX:[22:42:02 Msk] [TX_63] Фасилити: 14 | Интент: SCROLL_CONTENT_DOWN | Назначение (P1): 14 | Статус TX:[22:42:02 Msk] [TX_67] Фасилити: 14 | Интент: SCROLL_CONTENT_DOWN | Назначение (P1): 14 | Статус TX:[22:42:02 Msk] [TX_71] Фасилити: 14 | Интент: SCROLL_CONTENT_DOWN | Назначение (P1): 14 | Статус TX:[22:42:02 Msk] [TX_75] Фасилити: 14 | Интент: SCROLL_CONTENT_DOWN | Назначение (P1): 14 | Статус TX:[22:42:02 Msk] [TX_79] Фасилити: 14 | Интент: SCROLL_CONTENT_DOWN | Назначение (P1): 14 | Статус TX:[22:42:02 Msk] [TX_83] Фасилити: 14 | Интент: SCROLL_CONTENT_UP | Назначение (P1): 14 | Статус TX:[22:42:02 Msk] [TX_87] Фасилити: 14 | Интент: SCROLL_CONTENT_UP | Назначение (P1): 14 | Статус TX:[22:42:02 Msk] [TX_91] Фасилити: 14 | Интент: SCROLL_CONTENT_UP | Назначение (P1): 14 | Статус TX:[22:42:02 Msk] [TX_95] Фасилити: 14 | Интент: SCROLL_CONTENT_UP | Назначение (P1): 14 | Статус TX:[22:42:02 Msk] [TX_99] Фасилити: 14 | Интент: SCROLL_CONTENT_UP | Назначение (P1): 14 | Статус TX:[22:42:02 Msk] [TX_103] Фасилити: 14 | Интент: SCROLL_CONTENT_UP | Назначение (P1): 14 | Статус TX:[22:42:02 Msk] [TX_106] Фасилити: 14 | Интент: SCROLL_CONTENT_DOWN | Назначение (P1): 14 | Статус TX:[22:42:02 Msk] [TX_110] Фасилити: 14 | Интент: SCROLL_CONTENT_DOWN | Назначение (P1): 14 | Статус TX:[22:42:02 Msk] [TX_114] Фасилити: 14 | Интент: SCROLL_CONTENT_DOWN | Назначение (P1): 14 | Статус TX:[22:42:02 Msk] [TX_118] Фасилити: 14 | Интент: SCROLL_CONTENT_DOWN | Назначение (P1): 14 | Статус TX:[22:42:02 Msk] [TX_122] Фасилити: 14 | Интент: SCROLL_CONTENT_DOWN | Назначение (P1): 14 | Статус TX:[22:42:02 Msk] [TX_126] Фасилити: 14 | Интент: SCROLL_CONTENT_DOWN | Назначение (P1): 14 | Статус TX:[22:42:02 Msk] [TX_130] Фасилити: 14 | Интент: SCROLL_CONTENT_UP | Назначение (P1): 14 | Статус TX:[22:42:02 Msk] [TX_134] Фасилити: 14 | Интент: SCROLL_CONTENT_UP | Назначение (P1): 14 | Статус TX:[22:42:02 Msk] [TX_138] Фасилити: 14 | Интент: SCROLL_CONTENT_UP | Назначение (P1): 14 | Статус TX:[22:42:02 Msk] [TX_142] Фасилити: 14 | Интент: SCROLL_CONTENT_UP | Назначение (P1): 14 | Статус TX:[22:42:02 Msk] [TX_146] Фасилити: 14 | Интент: SCROLL_CONTENT_UP | Назначение (P1): 14 | Статус TX:[22:42:02 Msk] [TX_150] Фасилити: 14 | Интент: SCROLL_CONTENT_DOWN | Назначение (P1): 14 | Статус TX:[22:42:02 Msk] [TX_154] Фасилити: 14 | Интент: SCROLL_CONTENT_DOWN | Назначение (P1): 14 | Статус TX:[22:42:02 Msk] [TX_158] Фасилити: 14 | Интент: SCROLL_CONTENT_DOWN | Назначение (P1): 14 | Статус TX:[22:42:02 Msk] [TX_162] Фасилити: 14 | Интент: SCROLL_CONTENT_DOWN | Назначение (P1): 14 | Статус TX:[22:44:28 Msk] [TX_3] Фасилити: 0 | Интент: init | Назначение (P1): 0 | Статус T[22:44:28 Msk] [TX_1] Фасилити: 9 | Интент: TRIGGER_RESIZE | Назначение (P1): 9 | Статус T[22:44:28 Msk] [TX_2] Фасилити: 11 | Интент: BOOT_LAYOUT_TREE | Назначение (P1): 11 | Статус T[22:44:28 Msk] [TX_8] Фасилити: 0 | Интент: SYNCHRONIZE_DYNAMIC_SLOT | Назначение (P1): 0 | Статус TX:[22:44:28 Msk] [TX_19] Фасилити: 12 | Интент: REGISTRATION_TAB_SPACE | Назначение (P1): 12 | Статус T[22:44:28 Msk] [TX_24] Фасилити: 108 | Интент: ADD_LOG_ENTRY | Назначение (P1): 108 | Статус TX[22:44:28 Msk] [TX_36] Фасилити: 9 | Интент: INJECT_GEO_MAP | Назначение (P1): 9 | Статус TX[22:44:28 Msk] [TX_28] Фасилити: 108 | Интент: ADD_LOG_ENTRY | Назначение (P1): 108 | Статус TX: [22:44:28 Msk] [TX_31] Фасилити: 103 | Интент: INJECT_VFS_DATA | Назначение (P1): 103 | Статус TX: [22:44:28 Msk] [TX_29] Фасилити: 102 | Интент: INJECT_VFS_DATA | Назначение (P1): 102 | Статус TX: [22:44:28 Msk] [TX_44] Фасилити: 14 | Интент: SYNC_SCROLLBAR_METRICS | Назначение (P1): 14 | Статус TX: [22:44:28 Msk] [TX_45] Фасилити: 14 | Интент: SYNC_SCROLLBAR_METRICS | Назначение (P1): 14 | Статус TX: [22:44:28 Msk] [TX_46] Фасилити: 14 | Интент: SYNC_SCROLLBAR_METRICS | Назначение (P1): 14 | Статус TX: [22:44:28 Msk] [TX_47] Фасилити: 14 | Интент: SYNC_SCROLLBAR_METRICS | Назначение (P1): 14 | Статус TX: [22:44:28 Msk] [TX_49] Фасилити: 14 | Интент: SYNC_SCROLLBAR_METRICS | Назначение (P1): 14 | Статус TX: [22:44:31 Msk] [TOP_GEN] Целевой Канал Шины: 0 | Интент: SET_SLOT_FOCUS | Конечная цель фокуса: 102
[22:44:31 Msk] [TX_57] Фасилити: 102 | Интент: MOUSE_CLICK | Назначение (P1): 102 | Статус TX:[22:44:31 Msk] [TX_56] Фасилити: 0 | Интент: SET_SLOT_FOCUS | Назначение (P1): 0 | Статус TX:[22:44:31 Msk] [TX_63] Фасилити: 14 | Интент: SCROLL_CONTENT_DOWN | Назначение (P1): 14 | Статус TX:[22:44:31 Msk] [TX_67] Фасилити: 14 | Интент: SCROLL_CONTENT_DOWN | Назначение (P1): 14 | Статус TX:[22:44:31 Msk] [TX_71] Фасилити: 14 | Интент: SCROLL_CONTENT_DOWN | Назначение (P1): 14 | Статус TX:[22:44:31 Msk] [TX_75] Фасилити: 14 | Интент: SCROLL_CONTENT_DOWN | Назначение (P1): 14 | Статус TX:[22:44:31 Msk] [TX_79] Фасилити: 14 | Интент: SCROLL_CONTENT_UP | Назначение (P1): 14 | Статус TX:[22:44:31 Msk] [TX_83] Фасилити: 14 | Интент: SCROLL_CONTENT_UP | Назначение (P1): 14 | Статус TX:[22:44:31 Msk] [TX_87] Фасилити: 14 | Интент: SCROLL_CONTENT_DOWN | Назначение (P1): 14 | Статус TX:[22:44:31 Msk] [TX_91] Фасилити: 14 | Интент: SCROLL_CONTENT_DOWN | Назначение (P1): 14 | Статус TX:[22:44:33 Msk] [TX_95] Фасилити: 12 | Интент: TAB_CLICKED | Назначение (P1): 12 | Статус TX:[22:44:33 Msk] [TX_98] Фасилити: 104 | Интент: ROTATE_STACK_DOWN | Назначение (P1): 104 | Статус TX:[22:44:33 Msk] [TX_101] Фасилити: 104 | Интент: ROTATE_STACK_DOWN | Назначение (P1): 104 | Статус TX:[22:44:33 Msk] [TX_104] Фасилити: 104 | Интент: ROTATE_STACK_DOWN | Назначение (P1): 104 | Статус TX:[22:44:33 Msk] [TX_107] Фасилити: 104 | Интент: ROTATE_STACK_UP | Назначение (P1): 104 | Статус TX:[22:44:33 Msk] [TX_110] Фасилити: 104 | Интент: ROTATE_STACK_UP | Назначение (P1): 104 | Статус TX:[22:44:34 Msk] [TX_113] Фасилити: 12 | Интент: TAB_CLICKED | Назначение (P1): 12 | Статус TX:[22:44:35 Msk] [TX_116] Фасилити: 14 | Интент: SCROLL_CONTENT_DOWN | Назначение (P1): 14 | Статус TX:[22:44:35 Msk] [TX_120] Фасилити: 14 | Интент: SCROLL_CONTENT_DOWN | Назначение (P1): 14 | Статус TX:[22:44:35 Msk] [TX_124] Фасилити: 14 | Интент: SCROLL_CONTENT_DOWN | Назначение (P1): 14 | Статус TX:[22:44:35 Msk] [TX_128] Фасилити: 14 | Интент: SCROLL_CONTENT_UP | Назначение (P1): 14 | Статус TX:[22:44:35 Msk] [TX_132] Фасилити: 14 | Интент: SCROLL_CONTENT_UP | Назначение (P1): 14 | Статус TX:[22:44:35 Msk] [TX_136] Фасилити: 14 | Интент: SCROLL_CONTENT_UP | Назначение (P1): 14 | Статус TX:[22:44:36 Msk] [TX_140] Фасилити: 12 | Интент: TAB_CLICKED | Назначение (P1): 12 | Статус TX:[22:44:36 Msk] [TX_141] Фасилити: 104 | Интент: KEYBOARD_MODIFIER_CHANGED | Назначение (P1): 104 | Статус TX:[22:44:36 Msk] [TX_142] Фасилити: 108 | Интент: ADD_LOG_ENTRY | Назначение (P1): 108 | Статус TX:[22:49:35 Msk] [TX_3] Фасилити: 0 | Интент: init | Назначение (P1): 0 | Статус T[22:49:35 Msk] [TX_1] Фасилити: 9 | Интент: TRIGGER_RESIZE | Назначение (P1): 9 | Статус T[22:49:35 Msk] [TX_2] Фасилити: 11 | Интент: BOOT_LAYOUT_TREE | Назначение (P1): 11 | Статус T[22:49:35 Msk] [TX_8] Фасилити: 0 | Интент: SYNCHRONIZE_DYNAMIC_SLOT | Назначение (P1): 0 | Статус TX:[22:49:35 Msk] [TX_19] Фасилити: 12 | Интент: REGISTRATION_TAB_SPACE | Назначение (P1): 12 | Статус T[22:49:35 Msk] [TX_24] Фасилити: 108 | Интент: ADD_LOG_ENTRY | Назначение (P1): 108 | Статус TX[22:49:35 Msk] [TX_36] Фасилити: 9 | Интент: INJECT_GEO_MAP | Назначение (P1): 9 | Статус TX[22:49:35 Msk] [TX_28] Фасилити: 108 | Интент: ADD_LOG_ENTRY | Назначение (P1): 108 | Статус TX: [22:49:35 Msk] [TX_31] Фасилити: 103 | Интент: INJECT_VFS_DATA | Назначение (P1): 103 | Статус TX: [22:49:35 Msk] [TX_29] Фасилити: 102 | Интент: INJECT_VFS_DATA | Назначение (P1): 102 | Статус TX: [22:49:35 Msk] [TX_44] Фасилити: 14 | Интент: SYNC_SCROLLBAR_METRICS | Назначение (P1): 14 | Статус TX: [22:49:35 Msk] [TX_45] Фасилити: 14 | Интент: SYNC_SCROLLBAR_METRICS | Назначение (P1): 14 | Статус TX: [22:49:35 Msk] [TX_46] Фасилити: 14 | Интент: SYNC_SCROLLBAR_METRICS | Назначение (P1): 14 | Статус TX: [22:49:35 Msk] [TX_47] Фасилити: 14 | Интент: SYNC_SCROLLBAR_METRICS | Назначение (P1): 14 | Статус TX: [22:49:35 Msk] [TX_49] Фасилити: 14 | Интент: SYNC_SCROLLBAR_METRICS | Назначение (P1): 14 | Статус TX: [22:49:36 Msk] [TX_56] Фасилити: 14 | Интент: SCROLL_CONTENT_DOWN | Назначение (P1): 14 | Статус TX:[22:49:36 Msk] [TX_59] Фасилити: 108 | Интент: ADD_LOG_ENTRY | Назначение (P1): 108 | Статус TX: [22:49:36 Msk] [TX_60] Фасилити: 102 | Интент: INJECT_VFS_DATA | Назначение (P1): 102 | Статус TX: [22:49:36 Msk] [TX_62] Фасилити: 14 | Интент: SYNC_SCROLLBAR_METRICS | Назначение (P1): 14 | Статус TX: [22:49:36 Msk] [TX_66] Фасилити: 14 | Интент: SCROLL_CONTENT_DOWN | Назначение (P1): 14 | Статус TX:[22:49:36 Msk] [TX_69] Фасилити: 108 | Интент: ADD_LOG_ENTRY | Назначение (P1): 108 | Статус TX: [22:49:36 Msk] [TX_70] Фасилити: 102 | Интент: INJECT_VFS_DATA | Назначение (P1): 102 | Статус TX: [22:49:36 Msk] [TX_72] Фасилити: 14 | Интент: SYNC_SCROLLBAR_METRICS | Назначение (P1): 14 | Статус TX: [22:49:37 Msk] [TOP_GEN] Целевой Канал Шины: 0 | Интент: SET_SLOT_FOCUS | Конечная цель фокуса: 102
[22:49:37 Msk] [TX_77] Фасилити: 102 | Интент: MOUSE_CLICK | Назначение (P1): 102 | Статус TX:[22:49:37 Msk] [TX_76] Фасилити: 0 | Интент: SET_SLOT_FOCUS | Назначение (P1): 0 | Статус TX:[22:49:38 Msk] [TX_83] Фасилити: 12 | Интент: TAB_CLICKED | Назначение (P1): 12 | Статус TX:[22:49:38 Msk] [TX_86] Фасилити: 104 | Интент: ROTATE_STACK_DOWN | Назначение (P1): 104 | Статус TX:[22:49:38 Msk] [TX_89] Фасилити: 104 | Интент: ROTATE_STACK_DOWN | Назначение (P1): 104 | Статус TX:[22:49:39 Msk] [TX_92] Фасилити: 104 | Интент: ROTATE_STACK_DOWN | Назначение (P1): 104 | Статус TX:[22:49:39 Msk] [TX_95] Фасилити: 102 | Интент: ROTATE_SLOT_STACK | Назначение (P1): 102 | Статус TX:[22:49:39 Msk] [TX_98] Фасилити: 108 | Интент: ADD_LOG_ENTRY | Назначение (P1): 108 | Статус TX: [22:49:39 Msk] [TX_99] Фасилити: 102 | Интент: INJECT_VFS_DATA | Назначение (P1): 102 | Статус TX: [22:49:39 Msk] [TX_101] Фасилити: 14 | Интент: SYNC_SCROLLBAR_METRICS | Назначение (P1): 14 | Статус TX: [22:49:40 Msk] [TX_105] Фасилити: 12 | Интент: TAB_CLICKED | Назначение (P1): 12 | Статус TX:[22:49:41 Msk] [TX_108] Фасилити: 14 | Интент: SCROLL_CONTENT_DOWN | Назначение (P1): 14 | Статус TX:[22:49:41 Msk] [TX_111] Фасилити: 14 | Интент: SCROLL_CONTENT_DOWN | Назначение (P1): 14 | Статус TX:[22:49:41 Msk] [TX_114] Фасилити: 14 | Интент: SCROLL_CONTENT_DOWN | Назначение (P1): 14 | Статус TX:[22:49:42 Msk] [TX_117] Фасилити: 12 | Интент: TAB_CLICKED | Назначение (P1): 12 | Статус TX:[22:49:42 Msk] [TX_118] Фасилити: 104 | Интент: KEYBOARD_MODIFIER_CHANGED | Назначение (P1): 104 | Статус TX:[22:49:42 Msk] [TX_119] Фасилити: 108 | Интент: ADD_LOG_ENTRY | Назначение (P1): 108 | Статус TX:[22:49:42 Msk] [TX_126] Фасилити: 104 | Интент: ROTATE_STACK_DOWN | Назначение (P1): 104 | Статус TX:[22:49:42 Msk] [TX_129] Фасилити: 104 | Интент: ROTATE_STACK_DOWN | Назначение (P1): 104 | Статус TX:[22:49:42 Msk] [TX_132] Фасилити: 104 | Интент: ROTATE_STACK_DOWN | Назначение (P1): 104 | Статус TX:[22:49:42 Msk] [TX_135] Фасилити: 104 | Интент: ROTATE_STACK_UP | Назначение (P1): 104 | Статус TX:[22:49:43 Msk] [TX_138] Фасилити: 104 | Интент: ROTATE_STACK_UP | Назначение (P1): 104 | Статус TX:[22:49:43 Msk] [TOP_GEN] Целевой Канал Шины: 0 | Интент: SET_SLOT_FOCUS | Конечная цель фокуса: 102
[22:49:43 Msk] [TX_142] Фасилити: 12 | Интент: TAB_CLICKED | Назначение (P1): 12 | Статус TX:[22:49:43 Msk] [TX_141] Фасилити: 0 | Интент: SET_SLOT_FOCUS | Назначение (P1): 0 | Статус TX:[22:49:44 Msk] [TX_147] Фасилити: 12 | Интент: TAB_CLICKED | Назначение (P1): 12 | Статус TX:[22:49:45 Msk] [TX_150] Фасилити: 12 | Интент: TAB_CLICKED | Назначение (P1): 12 | Статус TX:[22:49:45 Msk] [TX_153] Фасилити: 12 | Интент: TAB_CLICKED | Назначение (P1): 12 | Статус TX:[22:49:46 Msk] [TX_156] Фасилити: 104 | Интент: ROTATE_STACK_DOWN | Назначение (P1): 104 | Статус TX:[22:49:46 Msk] [TX_159] Фасилити: 104 | Интент: ROTATE_STACK_DOWN | Назначение (P1): 104 | Статус TX:[22:49:46 Msk] [TX_162] Фасилити: 104 | Интент: ROTATE_STACK_DOWN | Назначение (P1): 104 | Статус TX:[22:49:47 Msk] [TX_165] Фасилити: 14 | Интент: SCROLL_CONTENT_DOWN | Назначение (P1): 14 | Статус TX:[22:49:47 Msk] [TX_168] Фасилити: 14 | Интент: SCROLL_CONTENT_DOWN | Назначение (P1): 14 | Статус TX:[22:49:47 Msk] [TX_171] Фасилити: 14 | Интент: SCROLL_CONTENT_DOWN | Назначение (P1): 14 | Статус TX:[22:50:27 Msk] [TX_3] Фасилити: 0 | Интент: init | Назначение (P1): 0 | Статус T[22:50:27 Msk] [TX_1] Фасилити: 9 | Интент: TRIGGER_RESIZE | Назначение (P1): 9 | Статус T[22:50:27 Msk] [TX_2] Фасилити: 11 | Интент: BOOT_LAYOUT_TREE | Назначение (P1): 11 | Статус T[22:50:27 Msk] [TX_8] Фасилити: 0 | Интент: SYNCHRONIZE_DYNAMIC_SLOT | Назначение (P1): 0 | Статус TX:[22:50:27 Msk] [TX_19] Фасилити: 12 | Интент: REGISTRATION_TAB_SPACE | Назначение (P1): 12 | Статус T[22:50:27 Msk] [TX_24] Фасилити: 108 | Интент: ADD_LOG_ENTRY | Назначение (P1): 108 | Статус TX[22:50:27 Msk] [TX_36] Фасилити: 9 | Интент: INJECT_GEO_MAP | Назначение (P1): 9 | Статус TX[22:50:27 Msk] [TX_28] Фасилити: 108 | Интент: ADD_LOG_ENTRY | Назначение (P1): 108 | Статус TX: [22:50:27 Msk] [TX_31] Фасилити: 103 | Интент: INJECT_VFS_DATA | Назначение (P1): 103 | Статус TX: [22:50:27 Msk] [TX_29] Фасилити: 102 | Интент: INJECT_VFS_DATA | Назначение (P1): 102 | Статус TX: [22:50:27 Msk] [TX_44] Фасилити: 14 | Интент: SYNC_SCROLLBAR_METRICS | Назначение (P1): 14 | Статус TX: [22:50:27 Msk] [TX_45] Фасилити: 14 | Интент: SYNC_SCROLLBAR_METRICS | Назначение (P1): 14 | Статус TX: [22:50:27 Msk] [TX_46] Фасилити: 14 | Интент: SYNC_SCROLLBAR_METRICS | Назначение (P1): 14 | Статус TX: [22:50:27 Msk] [TX_47] Фасилити: 14 | Интент: SYNC_SCROLLBAR_METRICS | Назначение (P1): 14 | Статус TX: [22:50:27 Msk] [TX_49] Фасилити: 14 | Интент: SYNC_SCROLLBAR_METRICS | Назначение (P1): 14 | Статус TX: [22:50:29 Msk] [TX_56] Фасилити: 12 | Интент: TAB_CLICKED | Назначение (P1): 12 | Статус TX:[22:50:29 Msk] [TX_57] Фасилити: 104 | Интент: KEYBOARD_MODIFIER_CHANGED | Назначение (P1): 104 | Статус TX:[22:50:29 Msk] [TX_58] Фасилити: 108 | Интент: ADD_LOG_ENTRY | Назначение (P1): 108 | Статус TX:[22:50:29 Msk] [TX_65] Фасилити: 104 | Интент: ROTATE_STACK_DOWN | Назначение (P1): 104 | Статус TX:[22:50:29 Msk] [TX_68] Фасилити: 104 | Интент: ROTATE_STACK_DOWN | Назначение (P1): 104 | Статус TX:[22:50:29 Msk] [TX_71] Фасилити: 104 | Интент: ROTATE_STACK_DOWN | Назначение (P1): 104 | Статус TX:[22:50:29 Msk] [TX_74] Фасилити: 104 | Интент: ROTATE_STACK_UP | Назначение (P1): 104 | Статус TX:[22:50:29 Msk] [TX_77] Фасилити: 104 | Интент: ROTATE_STACK_UP | Назначение (P1): 104 | Статус TX:[22:50:29 Msk] [TX_80] Фасилити: 104 | Интент: ROTATE_STACK_UP | Назначение (P1): 104 | Статус TX:[22:50:29 Msk] [TX_83] Фасилити: 104 | Интент: ROTATE_STACK_DOWN | Назначение (P1): 104 | Статус TX:[22:50:30 Msk] [TOP_GEN] Целевой Канал Шины: 0 | Интент: SET_SLOT_FOCUS | Конечная цель фокуса: 102
[22:50:30 Msk] [TX_86] Фасилити: 0 | Интент: SET_SLOT_FOCUS | Назначение (P1): 0 | Статус TX:[22:50:30 Msk] [TX_91] Фасилити: 14 | Интент: SCROLL_CONTENT_DOWN | Назначение (P1): 14 | Статус TX:[22:50:30 Msk] [TX_94] Фасилити: 108 | Интент: ADD_LOG_ENTRY | Назначение (P1): 108 | Статус TX: [22:50:30 Msk] [TX_95] Фасилити: 102 | Интент: INJECT_VFS_DATA | Назначение (P1): 102 | Статус TX: [22:50:30 Msk] [TX_97] Фасилити: 14 | Интент: SYNC_SCROLLBAR_METRICS | Назначение (P1): 14 | Статус TX: [22:50:30 Msk] [TX_101] Фасилити: 14 | Интент: SCROLL_CONTENT_DOWN | Назначение (P1): 14 | Статус TX:[22:50:30 Msk] [TX_104] Фасилити: 108 | Интент: ADD_LOG_ENTRY | Назначение (P1): 108 | Статус TX: [22:50:30 Msk] [TX_105] Фасилити: 102 | Интент: INJECT_VFS_DATA | Назначение (P1): 102 | Статус TX: [22:50:30 Msk] [TX_107] Фасилити: 14 | Интент: SYNC_SCROLLBAR_METRICS | Назначение (P1): 14 | Статус TX: [22:50:30 Msk] [TX_111] Фасилити: 14 | Интент: SCROLL_CONTENT_DOWN | Назначение (P1): 14 | Статус TX:[22:50:30 Msk] [TX_114] Фасилити: 108 | Интент: ADD_LOG_ENTRY | Назначение (P1): 108 | Статус TX: [22:50:30 Msk] [TX_115] Фасилити: 102 | Интент: INJECT_VFS_DATA | Назначение (P1): 102 | Статус TX: [22:50:30 Msk] [TX_117] Фасилити: 14 | Интент: SYNC_SCROLLBAR_METRICS | Назначение (P1): 14 | Статус TX: [22:50:30 Msk] [TX_121] Фасилити: 14 | Интент: SCROLL_CONTENT_DOWN | Назначение (P1): 14 | Статус TX:[22:50:30 Msk] [TX_124] Фасилити: 108 | Интент: ADD_LOG_ENTRY | Назначение (P1): 108 | Статус TX: [22:50:30 Msk] [TX_125] Фасилити: 102 | Интент: INJECT_VFS_DATA | Назначение (P1): 102 | Статус TX: [22:50:30 Msk] [TX_127] Фасилити: 14 | Интент: SYNC_SCROLLBAR_METRICS | Назначение (P1): 14 | Статус TX: [22:50:30 Msk] [TX_131] Фасилити: 14 | Интент: SCROLL_CONTENT_DOWN | Назначение (P1): 14 | Статус TX:[22:50:30 Msk] [TX_134] Фасилити: 108 | Интент: ADD_LOG_ENTRY | Назначение (P1): 108 | Статус TX: [22:50:30 Msk] [TX_135] Фасилити: 102 | Интент: INJECT_VFS_DATA | Назначение (P1): 102 | Статус TX: [22:50:30 Msk] [TX_137] Фасилити: 14 | Интент: SYNC_SCROLLBAR_METRICS | Назначение (P1): 14 | Статус TX: [22:50:30 Msk] [TX_141] Фасилити: 14 | Интент: SCROLL_CONTENT_UP | Назначение (P1): 14 | Статус TX:[22:50:30 Msk] [TX_144] Фасилити: 108 | Интент: ADD_LOG_ENTRY | Назначение (P1): 108 | Статус TX: [22:50:30 Msk] [TX_145] Фасилити: 102 | Интент: INJECT_VFS_DATA | Назначение (P1): 102 | Статус TX: [22:50:30 Msk] [TX_147] Фасилити: 14 | Интент: SYNC_SCROLLBAR_METRICS | Назначение (P1): 14 | Статус TX: [22:50:30 Msk] [TX_151] Фасилити: 14 | Интент: SCROLL_CONTENT_UP | Назначение (P1): 14 | Статус TX:[22:50:30 Msk] [TX_154] Фасилити: 108 | Интент: ADD_LOG_ENTRY | Назначение (P1): 108 | Статус TX: [22:50:30 Msk] [TX_155] Фасилити: 102 | Интент: INJECT_VFS_DATA | Назначение (P1): 102 | Статус TX: [22:50:30 Msk] [TX_157] Фасилити: 14 | Интент: SYNC_SCROLLBAR_METRICS | Назначение (P1): 14 | Статус TX: [22:50:31 Msk] [TX_161] Фасилити: 14 | Интент: SCROLL_CONTENT_UP | Назначение (P1): 14 | Статус TX:[22:50:31 Msk] [TX_164] Фасилити: 108 | Интент: ADD_LOG_ENTRY | Назначение (P1): 108 | Статус TX: [22:50:31 Msk] [TX_165] Фасилити: 102 | Интент: INJECT_VFS_DATA | Назначение (P1): 102 | Статус TX: [22:50:31 Msk] [TX_167] Фасилити: 14 | Интент: SYNC_SCROLLBAR_METRICS | Назначение (P1): 14 | Статус TX: [22:50:31 Msk] [TX_171] Фасилити: 14 | Интент: SCROLL_CONTENT_UP | Назначение (P1): 14 | Статус TX:[22:50:31 Msk] [TX_174] Фасилити: 108 | Интент: ADD_LOG_ENTRY | Назначение (P1): 108 | Статус TX: [22:50:31 Msk] [TX_175] Фасилити: 102 | Интент: INJECT_VFS_DATA | Назначение (P1): 102 | Статус TX: [22:50:31 Msk] [TX_177] Фасилити: 14 | Интент: SYNC_SCROLLBAR_METRICS | Назначение (P1): 14 | Статус TX: [22:50:31 Msk] [TX_181] Фасилити: 14 | Интент: SCROLL_CONTENT_UP | Назначение (P1): 14 | Статус TX:[22:50:31 Msk] [TX_184] Фасилити: 108 | Интент: ADD_LOG_ENTRY | Назначение (P1): 108 | Статус TX: [22:50:31 Msk] [TX_185] Фасилити: 102 | Интент: INJECT_VFS_DATA | Назначение (P1): 102 | Статус TX: [22:50:31 Msk] [TX_187] Фасилити: 14 | Интент: SYNC_SCROLLBAR_METRICS | Назначение (P1): 14 | Статус TX: [22:50:31 Msk] [TX_191] Фасилити: 14 | Интент: SCROLL_CONTENT_DOWN | Назначение (P1): 14 | Статус TX:[22:50:31 Msk] [TX_194] Фасилити: 108 | Интент: ADD_LOG_ENTRY | Назначение (P1): 108 | Статус TX: [22:50:31 Msk] [TX_195] Фасилити: 102 | Интент: INJECT_VFS_DATA | Назначение (P1): 102 | Статус TX: [22:50:31 Msk] [TX_197] Фасилити: 14 | Интент: SYNC_SCROLLBAR_METRICS | Назначение (P1): 14 | Статус TX: [22:50:31 Msk] [TX_201] Фасилити: 14 | Интент: SCROLL_CONTENT_DOWN | Назначение (P1): 14 | Статус TX:[22:50:31 Msk] [TX_204] Фасилити: 108 | Интент: ADD_LOG_ENTRY | Назначение (P1): 108 | Статус TX: [22:50:31 Msk] [TX_205] Фасилити: 102 | Интент: INJECT_VFS_DATA | Назначение (P1): 102 | Статус TX: [22:50:31 Msk] [TX_207] Фасилити: 14 | Интент: SYNC_SCROLLBAR_METRICS | Назначение (P1): 14 | Статус TX: [22:50:31 Msk] [TX_211] Фасилити: 14 | Интент: SCROLL_CONTENT_DOWN | Назначение (P1): 14 | Статус TX:[22:50:31 Msk] [TX_214] Фасилити: 108 | Интент: ADD_LOG_ENTRY | Назначение (P1): 108 | Статус TX: [22:50:31 Msk] [TX_215] Фасилити: 102 | Интент: INJECT_VFS_DATA | Назначение (P1): 102 | Статус TX: [22:50:31 Msk] [TX_217] Фасилити: 14 | Интент: SYNC_SCROLLBAR_METRICS | Назначение (P1): 14 | Статус TX: [22:50:31 Msk] [TX_221] Фасилити: 14 | Интент: SCROLL_CONTENT_DOWN | Назначение (P1): 14 | Статус TX:[22:50:31 Msk] [TX_224] Фасилити: 108 | Интент: ADD_LOG_ENTRY | Назначение (P1): 108 | Статус TX: [22:50:31 Msk] [TX_225] Фасилити: 102 | Интент: INJECT_VFS_DATA | Назначение (P1): 102 | Статус TX: [22:50:31 Msk] [TX_227] Фасилити: 14 | Интент: SYNC_SCROLLBAR_METRICS | Назначение (P1): 14 | Статус TX: [22:50:31 Msk] [TX_231] Фасилити: 14 | Интент: SCROLL_CONTENT_UP | Назначение (P1): 14 | Статус TX:[22:50:31 Msk] [TX_234] Фасилити: 108 | Интент: ADD_LOG_ENTRY | Назначение (P1): 108 | Статус TX: [22:50:31 Msk] [TX_235] Фасилити: 102 | Интент: INJECT_VFS_DATA | Назначение (P1): 102 | Статус TX: [22:50:31 Msk] [TX_237] Фасилити: 14 | Интент: SYNC_SCROLLBAR_METRICS | Назначение (P1): 14 | Статус TX: [22:50:31 Msk] [TX_241] Фасилити: 14 | Интент: SCROLL_CONTENT_UP | Назначение (P1): 14 | Статус TX:[22:50:31 Msk] [TX_244] Фасилити: 108 | Интент: ADD_LOG_ENTRY | Назначение (P1): 108 | Статус TX: [22:50:31 Msk] [TX_245] Фасилити: 102 | Интент: INJECT_VFS_DATA | Назначение (P1): 102 | Статус TX: [22:50:31 Msk] [TX_247] Фасилити: 14 | Интент: SYNC_SCROLLBAR_METRICS | Назначение (P1): 14 | Статус TX: [22:50:31 Msk] [TX_251] Фасилити: 14 | Интент: SCROLL_CONTENT_UP | Назначение (P1): 14 | Статус TX:[22:50:31 Msk] [TX_254] Фасилити: 108 | Интент: ADD_LOG_ENTRY | Назначение (P1): 108 | Статус TX: [22:50:31 Msk] [TX_255] Фасилити: 102 | Интент: INJECT_VFS_DATA | Назначение (P1): 102 | Статус TX: [22:50:31 Msk] [TX_257] Фасилити: 14 | Интент: SYNC_SCROLLBAR_METRICS | Назначение (P1): 14 | Статус TX: [22:50:33 Msk] [TX_261] Фасилити: 12 | Интент: TAB_CLICKED | Назначение (P1): 12 | Статус TX:[22:51:49 Msk] [TOP_GEN] Целевой Канал Шины: 0 | Интент: SET_SLOT_FOCUS | Конечная цель фокуса: 102
[22:52:33 Msk] [TOP_GEN] Целевой Канал Шины: 0 | Интент: SET_SLOT_FOCUS | Конечная цель фокуса: 102
[22:53:19 Msk] [TOP_GEN] Целевой Канал Шины: 0 | Интент: SET_SLOT_FOCUS | Конечная цель фокуса: 102
[22:53:24 Msk] [TOP_GEN] Целевой Канал Шины: 0 | Интент: SET_SLOT_FOCUS | Конечная цель фокуса: 102
[22:57:10 Msk] [TOP_GEN] Целевой Канал Шины: 0 | Интент: SET_SLOT_FOCUS | Конечная цель фокуса: 102
[23:01:07 Msk] [TOP_GEN] Целевой Канал Шины: 0 | Интент: SET_SLOT_FOCUS | Конечная цель фокуса: 102
[23:04:49 Msk] [TOP_GEN] Целевой Канал Шины: 0 | Интент: SET_SLOT_FOCUS | Конечная цель фокуса: 102
[23:07:44 Msk] [TOP_GEN] Целевой Канал Шины: 0 | Интент: SET_SLOT_FOCUS | Конечная цель фокуса: 102
[23:09:43 Msk] [TOP_GEN] Целевой Канал Шины: 0 | Интент: SET_SLOT_FOCUS | Конечная цель фокуса: 102
[23:09:45 Msk] [TOP_GEN] Целевой Канал Шины: 0 | Интент: SET_SLOT_FOCUS | Конечная цель фокуса: 102
[23:09:48 Msk] [TOP_GEN] Целевой Канал Шины: 0 | Интент: SET_SLOT_FOCUS | Конечная цель фокуса: 102
[23:11:05 Msk] [TOP_GEN] Целевой Канал Шины: 0 | Интент: SET_SLOT_FOCUS | Конечная цель фокуса: 102
[23:15:42 Msk] [TOP_GEN] Целевой Канал Шины: 0 | Интент: SET_SLOT_FOCUS | Конечная цель фокуса: 102
[23:15:45 Msk] [TOP_GEN] Целевой Канал Шины: 0 | Интент: SET_SLOT_FOCUS | Конечная цель фокуса: 102
[23:16:55 Msk] [TOP_GEN] Целевой Канал Шины: 0 | Интент: SET_SLOT_FOCUS | Конечная цель фокуса: 102
[23:16:57 Msk] [TOP_GEN] Целевой Канал Шины: 0 | Интент: SET_SLOT_FOCUS | Конечная цель фокуса: 102
[23:17:00 Msk] [TOP_GEN] Целевой Канал Шины: 0 | Интент: SET_SLOT_FOCUS | Конечная цель фокуса: 102
[23:17:03 Msk] [TOP_GEN] Целевой Канал Шины: 0 | Интент: SET_SLOT_FOCUS | Конечная цель фокуса: 102
[23:21:02 Msk] [TOP_GEN] Целевой Канал Шины: 0 | Интент: SET_SLOT_FOCUS | Конечная цель фокуса: 102
[23:21:58 Msk] [TOP_GEN] Целевой Канал Шины: 0 | Интент: SET_SLOT_FOCUS | Конечная цель фокуса: 102
[23:22:52 Msk] [TOP_GEN] Целевой Канал Шины: 0 | Интент: SET_SLOT_FOCUS | Конечная цель фокуса: 102
[23:22:56 Msk] [TOP_GEN] Целевой Канал Шины: 0 | Интент: SET_SLOT_FOCUS | Конечная цель фокуса: 102
[23:27:03 Msk] [TOP_GEN] Целевой Канал Шины: 0 | Интент: SET_SLOT_FOCUS | Конечная цель фокуса: 102
[23:27:07 Msk] [TOP_GEN] Целевой Канал Шины: 0 | Интент: SET_SLOT_FOCUS | Конечная цель фокуса: 102
[23:28:06 Msk] [TOP_GEN] Целевой Канал Шины: 0 | Интент: SET_SLOT_FOCUS | Конечная цель фокуса: 102
[23:29:12 Msk] [TOP_GEN] Целевой Канал Шины: 0 | Интент: SET_SLOT_FOCUS | Конечная цель фокуса: 102
[23:30:15 Msk] [TOP_GEN] Целевой Канал Шины: 0 | Интент: SET_SLOT_FOCUS | Конечная цель фокуса: 102
[23:31:05 Msk] [TOP_GEN] Целевой Канал Шины: 0 | Интент: SET_SLOT_FOCUS | Конечная цель фокуса: 102
[23:31:12 Msk] [TOP_GEN] Целевой Канал Шины: 0 | Интент: SET_SLOT_FOCUS | Конечная цель фокуса: 102
[23:32:58 Msk] [TOP_GEN] Целевой Канал Шины: 0 | Интент: SET_SLOT_FOCUS | Конечная цель фокуса: 102
[23:34:28 Msk] [TOP_GEN] Целевой Канал Шины: 0 | Интент: SET_SLOT_FOCUS | Конечная цель фокуса: 102
[23:35:49 Msk] [TOP_GEN] Целевой Канал Шины: 0 | Интент: SET_SLOT_FOCUS | Конечная цель фокуса: 102
[23:37:16 Msk] [TOP_GEN] Целевой Канал Шины: 0 | Интент: SET_SLOT_FOCUS | Конечная цель фокуса: 102
[23:38:01 Msk] [TOP_GEN] Целевой Канал Шины: 0 | Интент: SET_SLOT_FOCUS | Конечная цель фокуса: 102
[23:39:51 Msk] [TOP_GEN] Целевой Канал Шины: 0 | Интент: SET_SLOT_FOCUS | Конечная цель фокуса: 102
[23:41:04 Msk] [TOP_GEN] Целевой Канал Шины: 0 | Интент: SET_SLOT_FOCUS | Конечная цель фокуса: 102
[00:34:16 Msk] [TOP_GEN] Целевой Канал Шины: 0 | Интент: SET_SLOT_FOCUS | Конечная цель фокуса: 102
[00:34:19 Msk] [TOP_GEN] Целевой Канал Шины: 0 | Интент: SET_SLOT_FOCUS | Конечная цель фокуса: 102
[00:34:59 Msk] [TOP_GEN] Целевой Канал Шины: 0 | Интент: SET_SLOT_FOCUS | Конечная цель фокуса: 102
[00:36:12 Msk] [TOP_GEN] Целевой Канал Шины: 0 | Интент: SET_SLOT_FOCUS | Конечная цель фокуса: 102
[00:38:38 Msk] [TOP_GEN] Целевой Канал Шины: 0 | Интент: SET_SLOT_FOCUS | Конечная цель фокуса: 102
[00:39:22 Msk] [TOP_GEN] Целевой Канал Шины: 0 | Интент: SET_SLOT_FOCUS | Конечная цель фокуса: 102
[00:41:16 Msk] [TOP_GEN] Целевой Канал Шины: 0 | Интент: SET_SLOT_FOCUS | Конечная цель фокуса: 102
[00:43:16 Msk] [TOP_GEN] Целевой Канал Шины: 0 | Интент: SET_SLOT_FOCUS | Конечная цель фокуса: 102
[00:43:22 Msk] [TOP_GEN] Целевой Канал Шины: 0 | Интент: SET_SLOT_FOCUS | Конечная цель фокуса: 102
[00:46:43 Msk] [TOP_GEN] Целевой Канал Шины: 0 | Интент: SET_SLOT_FOCUS | Конечная цель фокуса: 102
[00:49:08 Msk] [TOP_GEN] Целевой Канал Шины: 0 | Интент: SET_SLOT_FOCUS | Конечная цель фокуса: 102
[00:50:05 Msk] [TOP_GEN] Целевой Канал Шины: 0 | Интент: SET_SLOT_FOCUS | Конечная цель фокуса: 102
[00:50:09 Msk] [TOP_GEN] Целевой Канал Шины: 0 | Интент: SET_SLOT_FOCUS | Конечная цель фокуса: 102
[00:51:03 Msk] [TOP_GEN] Целевой Канал Шины: 0 | Интент: SET_SLOT_FOCUS | Конечная цель фокуса: 102
[00:53:51 Msk] [TOP_GEN] Целевой Канал Шины: 0 | Интент: SET_SLOT_FOCUS | Конечная цель фокуса: 102
[00:55:06 Msk] [TOP_GEN] Целевой Канал Шины: 0 | Интент: SET_SLOT_FOCUS | Конечная цель фокуса: 102
[00:57:06 Msk] [TOP_GEN] Целевой Канал Шины: 0 | Интент: SET_SLOT_FOCUS | Конечная цель фокуса: 102
[00:58:31 Msk] [TOP_GEN] Целевой Канал Шины: 0 | Интент: SET_SLOT_FOCUS | Конечная цель фокуса: 102
[01:00:12 Msk] [TOP_GEN] Целевой Канал Шины: 0 | Интент: SET_SLOT_FOCUS | Конечная цель фокуса: 102
[01:00:15 Msk] [TOP_GEN] Целевой Канал Шины: 0 | Интент: SET_SLOT_FOCUS | Конечная цель фокуса: 102
[01:02:00 Msk] [TOP_GEN] Целевой Канал Шины: 0 | Интент: SET_SLOT_FOCUS | Конечная цель фокуса: 102
[01:03:57 Msk] [TOP_GEN] Целевой Канал Шины: 0 | Интент: SET_SLOT_FOCUS | Конечная цель фокуса: 102
[01:06:26 Msk] [TOP_GEN] Целевой Канал Шины: 0 | Интент: SET_SLOT_FOCUS | Конечная цель фокуса: 102
[01:06:31 Msk] [TOP_GEN] Целевой Канал Шины: 0 | Интент: SET_SLOT_FOCUS | Конечная цель фокуса: 102
[01:06:47 Msk] [TOP_GEN] Целевой Канал Шины: 0 | Интент: SET_SLOT_FOCUS | Конечная цель фокуса: 102
[01:07:17 Msk] [TOP_GEN] Целевой Канал Шины: 0 | Интент: SET_SLOT_FOCUS | Конечная цель фокуса: 103
[01:07:21 Msk] [TOP_GEN] Целевой Канал Шины: 0 | Интент: SET_SLOT_FOCUS | Конечная цель фокуса: 102
[01:08:28 Msk] [TOP_GEN] Целевой Канал Шины: 0 | Интент: SET_SLOT_FOCUS | Конечная цель фокуса: 102
[01:41:01 Msk] [TOP_GEN] Целевой Канал Шины: 0 | Интент: SET_SLOT_FOCUS | Конечная цель фокуса: 102
[01:41:05 Msk] [TOP_GEN] Целевой Канал Шины: 0 | Интент: SET_SLOT_FOCUS | Конечная цель фокуса: 102
