[SMO_CLOCK_AUDIT] TX #3 | ORIGIN: 0 -> TARGET: 0 (ROOT_UNIT) | INTENT: init | QUEUE: 1 ед.
[SMO_CLOCK_AUDIT] TX #1 | ORIGIN: 0 -> TARGET: 9 (RESIZE_UNIT) | INTENT: TRIGGER_RESIZE | QUEUE: 1 ед.
[SMO_CLOCK_AUDIT] TX #2 | ORIGIN: 0 -> TARGET: 11 (LOADER_UNIT) | INTENT: BOOT_LAYOUT_TREE | QUEUE: 1 ед.
[LOAD_SEQUENCE] Найдено прикладных slots для гидратации: 8
[PAC_TRIAD_READY] Успешный IoC-монтаж бизнес-панели | Слот: 101
[PAC_TRIAD_READY] Успешный IoC-монтаж бизнес-панели | Слот: 104
[PAC_TRIAD_READY] Успешный IoC-монтаж бизнес-панели | Слот: 102
[PAC_TRIAD_READY] Успешный IoC-монтаж бизнес-панели | Слот: 103
[PAC_TRIAD_READY] Успешный IoC-монтаж бизнес-панели | Слот: 106
[PAC_TRIAD_READY] Успешный IoC-монтаж бизнес-панели | Слот: 105
[PAC_TRIAD_READY] Успешный IoC-монтаж бизнес-панели | Слот: 108
[PAC_TRIAD_READY] Успешный IoC-монтаж бизнес-панели | Слот: 100
[LOAD_SEQUENCE] Все бизнес-слоты успешно гидратированы в шину.
[SMO_CLOCK_AUDIT] TX #5 | ORIGIN: 11 -> TARGET: 0 (ROOT_UNIT) | INTENT: SYNCHRONIZE_DYNAMIC_SLOT | QUEUE: 9 ед.
[KERNEL_CLOCK] Финализация загрузки модулей. Считывание путей вкладок.
[SMO_CLOCK_AUDIT] TX #17 | ORIGIN: 0 -> TARGET: 9 (RESIZE_UNIT) | INTENT: FORCE_RECALCULATE_LAYOUT | QUEUE: 1 ед.
[SMO_CLOCK_AUDIT] TX #14 | ORIGIN: 0 -> TARGET: 12 (SYSTEM_TAB_MENU) | INTENT: REGISTRATION_TAB_SPACE | QUEUE: 3 ед.
[SMO_CLOCK_AUDIT] TX #18 | ORIGIN: 0 -> TARGET: 14 (SYSTEM_VSCROLLBAR) | INTENT: SYNC_SCROLLBAR_METRICS | QUEUE: 1 ед.
[SMO_CLOCK_AUDIT] TX #23 | ORIGIN: 9 -> TARGET: 9 (RESIZE_UNIT) | INTENT: INJECT_GEO_MAP | QUEUE: 2 ед.
[19:08:00 Msk] [СМО_LAYOUT] Геометрия TUI пересчитана воркером: W=120 знакомест | H=30 строк
[19:08:00 Msk] [СМО_LAYOUT] Геометрия TUI пересчитана воркером: W=120 знакомест | H=30 строк
[SMO_CLOCK_AUDIT] TX #26 | ORIGIN: 102 -> TARGET: 102 (EXPLORER) | INTENT: INJECT_VFS_DATA | QUEUE: 2 ед.
[SMO_CLOCK_AUDIT] TX #28 | ORIGIN: 103 -> TARGET: 103 (EXPLORER) | INTENT: INJECT_VFS_DATA | QUEUE: 2 ед.
[SMO_CLOCK_AUDIT] TX #25 | ORIGIN: 102 -> TARGET: 108 (LOGGER) | INTENT: ADD_LOG_ENTRY | QUEUE: 6 ед.
[SMO_CLOCK_AUDIT] TX #37 | ORIGIN: 102 -> TARGET: 14 (SYSTEM_VSCROLLBAR) | INTENT: SYNC_SCROLLBAR_METRICS | QUEUE: 4 ед.
[SMO_CLOCK_AUDIT] TX #3 | ORIGIN: 0 -> TARGET: 0 (ROOT_UNIT) | INTENT: init | QUEUE: 1 ед.
[SMO_CLOCK_AUDIT] TX #1 | ORIGIN: 0 -> TARGET: 9 (RESIZE_UNIT) | INTENT: TRIGGER_RESIZE | QUEUE: 1 ед.
[SMO_CLOCK_AUDIT] TX #2 | ORIGIN: 0 -> TARGET: 11 (LOADER_UNIT) | INTENT: BOOT_LAYOUT_TREE | QUEUE: 1 ед.
[LOAD_SEQUENCE] Найдено прикладных slots для гидратации: 8
[PAC_TRIAD_READY] Успешный IoC-монтаж бизнес-панели | Слот: 101
[PAC_TRIAD_READY] Успешный IoC-монтаж бизнес-панели | Слот: 104
[PAC_TRIAD_READY] Успешный IoC-монтаж бизнес-панели | Слот: 102
[PAC_TRIAD_READY] Успешный IoC-монтаж бизнес-панели | Слот: 103
[PAC_TRIAD_READY] Успешный IoC-монтаж бизнес-панели | Слот: 106
[PAC_TRIAD_READY] Успешный IoC-монтаж бизнес-панели | Слот: 105
[PAC_TRIAD_READY] Успешный IoC-монтаж бизнес-панели | Слот: 108
[PAC_TRIAD_READY] Успешный IoC-монтаж бизнес-панели | Слот: 100
[LOAD_SEQUENCE] Все бизнес-слоты успешно гидратированы в шину.
[SMO_CLOCK_AUDIT] TX #5 | ORIGIN: 11 -> TARGET: 0 (ROOT_UNIT) | INTENT: SYNCHRONIZE_DYNAMIC_SLOT | QUEUE: 9 ед.
[KERNEL_CLOCK] Финализация загрузки модулей. Считывание путей вкладок.
[SMO_CLOCK_AUDIT] TX #17 | ORIGIN: 0 -> TARGET: 9 (RESIZE_UNIT) | INTENT: FORCE_RECALCULATE_LAYOUT | QUEUE: 1 ед.
[SMO_CLOCK_AUDIT] TX #14 | ORIGIN: 0 -> TARGET: 12 (SYSTEM_TAB_MENU) | INTENT: REGISTRATION_TAB_SPACE | QUEUE: 3 ед.
[SMO_CLOCK_AUDIT] TX #18 | ORIGIN: 0 -> TARGET: 14 (SYSTEM_VSCROLLBAR) | INTENT: SYNC_SCROLLBAR_METRICS | QUEUE: 1 ед.
[SMO_CLOCK_AUDIT] TX #23 | ORIGIN: 9 -> TARGET: 9 (RESIZE_UNIT) | INTENT: INJECT_GEO_MAP | QUEUE: 2 ед.
[19:09:45 Msk] [СМО_LAYOUT] Геометрия TUI пересчитана воркером: W=120 знакомест | H=30 строк
[19:09:45 Msk] [СМО_LAYOUT] Геометрия TUI пересчитана воркером: W=120 знакомест | H=30 строк
[SMO_CLOCK_AUDIT] TX #26 | ORIGIN: 102 -> TARGET: 102 (EXPLORER) | INTENT: INJECT_VFS_DATA | QUEUE: 2 ед.
[SMO_CLOCK_AUDIT] TX #28 | ORIGIN: 103 -> TARGET: 103 (EXPLORER) | INTENT: INJECT_VFS_DATA | QUEUE: 2 ед.
[SMO_CLOCK_AUDIT] TX #25 | ORIGIN: 102 -> TARGET: 108 (LOGGER) | INTENT: ADD_LOG_ENTRY | QUEUE: 6 ед.
[SMO_CLOCK_AUDIT] TX #37 | ORIGIN: 102 -> TARGET: 14 (SYSTEM_VSCROLLBAR) | INTENT: SYNC_SCROLLBAR_METRICS | QUEUE: 4 ед.
[SMO_CLOCK_AUDIT] TX #3 | ORIGIN: 0 -> TARGET: 0 (ROOT_UNIT) | INTENT: init | QUEUE: 1 ед.
[SMO_CLOCK_AUDIT] TX #1 | ORIGIN: 0 -> TARGET: 9 (RESIZE_UNIT) | INTENT: TRIGGER_RESIZE | QUEUE: 1 ед.
[SMO_CLOCK_AUDIT] TX #2 | ORIGIN: 0 -> TARGET: 11 (LOADER_UNIT) | INTENT: BOOT_LAYOUT_TREE | QUEUE: 1 ед.
[LOAD_SEQUENCE] Найдено прикладных slots для гидратации: 9
[PAC_TRIAD_READY] Успешный IoC-монтаж бизнес-панели | Слот: 101
[PAC_TRIAD_READY] Успешный IoC-монтаж бизнес-панели | Слот: 104
[PAC_TRIAD_READY] Успешный IoC-монтаж бизнес-панели | Слот: 104
[PAC_TRIAD_READY] Успешный IoC-монтаж бизнес-панели | Слот: 102
[PAC_TRIAD_READY] Успешный IoC-монтаж бизнес-панели | Слот: 103
[PAC_TRIAD_READY] Успешный IoC-монтаж бизнес-панели | Слот: 106
[PAC_TRIAD_READY] Успешный IoC-монтаж бизнес-панели | Слот: 105
[PAC_TRIAD_READY] Успешный IoC-монтаж бизнес-панели | Слот: 108
[PAC_TRIAD_READY] Успешный IoC-монтаж бизнес-панели | Слот: 100
[LOAD_SEQUENCE] Все бизнес-слоты успешно гидратированы в шину.
[SMO_CLOCK_AUDIT] TX #5 | ORIGIN: 11 -> TARGET: 0 (ROOT_UNIT) | INTENT: SYNCHRONIZE_DYNAMIC_SLOT | QUEUE: 10 ед.
[KERNEL_CLOCK] Финализация загрузки модулей. Считывание путей вкладок.
[SMO_CLOCK_AUDIT] TX #18 | ORIGIN: 0 -> TARGET: 9 (RESIZE_UNIT) | INTENT: FORCE_RECALCULATE_LAYOUT | QUEUE: 1 ед.
[SMO_CLOCK_AUDIT] TX #15 | ORIGIN: 0 -> TARGET: 12 (SYSTEM_TAB_MENU) | INTENT: REGISTRATION_TAB_SPACE | QUEUE: 3 ед.
[SMO_CLOCK_AUDIT] TX #19 | ORIGIN: 0 -> TARGET: 14 (SYSTEM_VSCROLLBAR) | INTENT: SYNC_SCROLLBAR_METRICS | QUEUE: 1 ед.
[SMO_CLOCK_AUDIT] TX #32 | ORIGIN: 9 -> TARGET: 9 (RESIZE_UNIT) | INTENT: INJECT_GEO_MAP | QUEUE: 2 ед.
[19:21:12 Msk] [СМО_LAYOUT] Геометрия TUI пересчитана воркером: W=120 знакомест | H=30 строк
[19:21:12 Msk] [СМО_LAYOUT] Геометрия TUI пересчитана воркером: W=120 знакомест | H=30 строк
[SMO_CLOCK_AUDIT] TX #25 | ORIGIN: 102 -> TARGET: 102 (EXPLORER) | INTENT: INJECT_VFS_DATA | QUEUE: 2 ед.
[SMO_CLOCK_AUDIT] TX #27 | ORIGIN: 103 -> TARGET: 103 (EXPLORER) | INTENT: INJECT_VFS_DATA | QUEUE: 2 ед.
[SMO_CLOCK_AUDIT] TX #24 | ORIGIN: 102 -> TARGET: 108 (LOGGER) | INTENT: ADD_LOG_ENTRY | QUEUE: 6 ед.
[SMO_CLOCK_AUDIT] TX #38 | ORIGIN: 102 -> TARGET: 14 (SYSTEM_VSCROLLBAR) | INTENT: SYNC_SCROLLBAR_METRICS | QUEUE: 4 ед.
[SMO_CLOCK_AUDIT] TX #316 | ORIGIN: 0 -> TARGET: 9 (RESIZE_UNIT) | INTENT: TRIGGER_RESIZE | QUEUE: 1 ед.
[SMO_CLOCK_AUDIT] TX #318 | ORIGIN: 9 -> TARGET: 9 (RESIZE_UNIT) | INTENT: INJECT_GEO_MAP | QUEUE: 1 ед.
[19:21:24 Msk] [СМО_LAYOUT] Геометрия TUI пересчитана воркером: W=121 знакомест | H=30 строк
[SMO_CLOCK_AUDIT] TX #319 | ORIGIN: 0 -> TARGET: 108 (LOGGER) | INTENT: ADD_LOG_ENTRY | QUEUE: 1 ед.
[SMO_CLOCK_AUDIT] TX #325 | ORIGIN: 0 -> TARGET: 9 (RESIZE_UNIT) | INTENT: TRIGGER_RESIZE | QUEUE: 1 ед.
[SMO_CLOCK_AUDIT] TX #327 | ORIGIN: 9 -> TARGET: 9 (RESIZE_UNIT) | INTENT: INJECT_GEO_MAP | QUEUE: 1 ед.
[19:21:24 Msk] [СМО_LAYOUT] Геометрия TUI пересчитана воркером: W=124 знакомест | H=30 строк
[SMO_CLOCK_AUDIT] TX #328 | ORIGIN: 0 -> TARGET: 108 (LOGGER) | INTENT: ADD_LOG_ENTRY | QUEUE: 1 ед.
[SMO_CLOCK_AUDIT] TX #332 | ORIGIN: 0 -> TARGET: 9 (RESIZE_UNIT) | INTENT: TRIGGER_RESIZE | QUEUE: 1 ед.
[SMO_CLOCK_AUDIT] TX #334 | ORIGIN: 9 -> TARGET: 9 (RESIZE_UNIT) | INTENT: INJECT_GEO_MAP | QUEUE: 1 ед.
[19:21:24 Msk] [СМО_LAYOUT] Геометрия TUI пересчитана воркером: W=127 знакомест | H=30 строк
[SMO_CLOCK_AUDIT] TX #335 | ORIGIN: 0 -> TARGET: 108 (LOGGER) | INTENT: ADD_LOG_ENTRY | QUEUE: 1 ед.
[SMO_CLOCK_AUDIT] TX #339 | ORIGIN: 0 -> TARGET: 9 (RESIZE_UNIT) | INTENT: TRIGGER_RESIZE | QUEUE: 1 ед.
[SMO_CLOCK_AUDIT] TX #341 | ORIGIN: 9 -> TARGET: 9 (RESIZE_UNIT) | INTENT: INJECT_GEO_MAP | QUEUE: 1 ед.
[19:21:24 Msk] [СМО_LAYOUT] Геометрия TUI пересчитана воркером: W=132 знакомест | H=30 строк
[SMO_CLOCK_AUDIT] TX #342 | ORIGIN: 0 -> TARGET: 108 (LOGGER) | INTENT: ADD_LOG_ENTRY | QUEUE: 1 ед.
[SMO_CLOCK_AUDIT] TX #346 | ORIGIN: 0 -> TARGET: 9 (RESIZE_UNIT) | INTENT: TRIGGER_RESIZE | QUEUE: 1 ед.
[SMO_CLOCK_AUDIT] TX #348 | ORIGIN: 9 -> TARGET: 9 (RESIZE_UNIT) | INTENT: INJECT_GEO_MAP | QUEUE: 1 ед.
[19:21:24 Msk] [СМО_LAYOUT] Геометрия TUI пересчитана воркером: W=136 знакомест | H=30 строк
[SMO_CLOCK_AUDIT] TX #349 | ORIGIN: 0 -> TARGET: 108 (LOGGER) | INTENT: ADD_LOG_ENTRY | QUEUE: 1 ед.
[SMO_CLOCK_AUDIT] TX #356 | ORIGIN: 0 -> TARGET: 9 (RESIZE_UNIT) | INTENT: TRIGGER_RESIZE | QUEUE: 1 ед.
[SMO_CLOCK_AUDIT] TX #358 | ORIGIN: 9 -> TARGET: 9 (RESIZE_UNIT) | INTENT: INJECT_GEO_MAP | QUEUE: 1 ед.
[19:21:25 Msk] [СМО_LAYOUT] Геометрия TUI пересчитана воркером: W=140 знакомест | H=30 строк
[SMO_CLOCK_AUDIT] TX #359 | ORIGIN: 0 -> TARGET: 108 (LOGGER) | INTENT: ADD_LOG_ENTRY | QUEUE: 1 ед.
[SMO_CLOCK_AUDIT] TX #363 | ORIGIN: 0 -> TARGET: 9 (RESIZE_UNIT) | INTENT: TRIGGER_RESIZE | QUEUE: 1 ед.
[SMO_CLOCK_AUDIT] TX #365 | ORIGIN: 9 -> TARGET: 9 (RESIZE_UNIT) | INTENT: INJECT_GEO_MAP | QUEUE: 1 ед.
[19:21:25 Msk] [СМО_LAYOUT] Геометрия TUI пересчитана воркером: W=146 знакомест | H=30 строк
[SMO_CLOCK_AUDIT] TX #366 | ORIGIN: 0 -> TARGET: 108 (LOGGER) | INTENT: ADD_LOG_ENTRY | QUEUE: 1 ед.
[SMO_CLOCK_AUDIT] TX #370 | ORIGIN: 0 -> TARGET: 9 (RESIZE_UNIT) | INTENT: TRIGGER_RESIZE | QUEUE: 1 ед.
[SMO_CLOCK_AUDIT] TX #372 | ORIGIN: 9 -> TARGET: 9 (RESIZE_UNIT) | INTENT: INJECT_GEO_MAP | QUEUE: 1 ед.
[19:21:25 Msk] [СМО_LAYOUT] Геометрия TUI пересчитана воркером: W=151 знакомест | H=30 строк
[SMO_CLOCK_AUDIT] TX #373 | ORIGIN: 0 -> TARGET: 108 (LOGGER) | INTENT: ADD_LOG_ENTRY | QUEUE: 1 ед.
[SMO_CLOCK_AUDIT] TX #379 | ORIGIN: 0 -> TARGET: 9 (RESIZE_UNIT) | INTENT: TRIGGER_RESIZE | QUEUE: 1 ед.
[SMO_CLOCK_AUDIT] TX #381 | ORIGIN: 9 -> TARGET: 9 (RESIZE_UNIT) | INTENT: INJECT_GEO_MAP | QUEUE: 1 ед.
[19:21:25 Msk] [СМО_LAYOUT] Геометрия TUI пересчитана воркером: W=153 знакомест | H=30 строк
[SMO_CLOCK_AUDIT] TX #382 | ORIGIN: 0 -> TARGET: 108 (LOGGER) | INTENT: ADD_LOG_ENTRY | QUEUE: 1 ед.
[SMO_CLOCK_AUDIT] TX #386 | ORIGIN: 0 -> TARGET: 9 (RESIZE_UNIT) | INTENT: TRIGGER_RESIZE | QUEUE: 1 ед.
[SMO_CLOCK_AUDIT] TX #388 | ORIGIN: 9 -> TARGET: 9 (RESIZE_UNIT) | INTENT: INJECT_GEO_MAP | QUEUE: 1 ед.
[19:21:25 Msk] [СМО_LAYOUT] Геометрия TUI пересчитана воркером: W=154 знакомест | H=30 строк
[SMO_CLOCK_AUDIT] TX #389 | ORIGIN: 0 -> TARGET: 108 (LOGGER) | INTENT: ADD_LOG_ENTRY | QUEUE: 1 ед.
[SMO_CLOCK_AUDIT] TX #398 | ORIGIN: 0 -> TARGET: 9 (RESIZE_UNIT) | INTENT: TRIGGER_RESIZE | QUEUE: 1 ед.
[SMO_CLOCK_AUDIT] TX #400 | ORIGIN: 9 -> TARGET: 9 (RESIZE_UNIT) | INTENT: INJECT_GEO_MAP | QUEUE: 1 ед.
[19:21:25 Msk] [СМО_LAYOUT] Геометрия TUI пересчитана воркером: W=155 знакомест | H=30 строк
[SMO_CLOCK_AUDIT] TX #401 | ORIGIN: 0 -> TARGET: 108 (LOGGER) | INTENT: ADD_LOG_ENTRY | QUEUE: 1 ед.
[SMO_CLOCK_AUDIT] TX #407 | ORIGIN: 0 -> TARGET: 9 (RESIZE_UNIT) | INTENT: TRIGGER_RESIZE | QUEUE: 1 ед.
[SMO_CLOCK_AUDIT] TX #409 | ORIGIN: 9 -> TARGET: 9 (RESIZE_UNIT) | INTENT: INJECT_GEO_MAP | QUEUE: 1 ед.
[19:21:25 Msk] [СМО_LAYOUT] Геометрия TUI пересчитана воркером: W=156 знакомест | H=30 строк
[SMO_CLOCK_AUDIT] TX #410 | ORIGIN: 0 -> TARGET: 108 (LOGGER) | INTENT: ADD_LOG_ENTRY | QUEUE: 1 ед.
[SMO_CLOCK_AUDIT] TX #414 | ORIGIN: 0 -> TARGET: 9 (RESIZE_UNIT) | INTENT: TRIGGER_RESIZE | QUEUE: 1 ед.
[SMO_CLOCK_AUDIT] TX #416 | ORIGIN: 9 -> TARGET: 9 (RESIZE_UNIT) | INTENT: INJECT_GEO_MAP | QUEUE: 1 ед.
[19:21:25 Msk] [СМО_LAYOUT] Геометрия TUI пересчитана воркером: W=158 знакомест | H=30 строк
[SMO_CLOCK_AUDIT] TX #417 | ORIGIN: 0 -> TARGET: 108 (LOGGER) | INTENT: ADD_LOG_ENTRY | QUEUE: 1 ед.
[SMO_CLOCK_AUDIT] TX #421 | ORIGIN: 0 -> TARGET: 9 (RESIZE_UNIT) | INTENT: TRIGGER_RESIZE | QUEUE: 1 ед.
[SMO_CLOCK_AUDIT] TX #423 | ORIGIN: 9 -> TARGET: 9 (RESIZE_UNIT) | INTENT: INJECT_GEO_MAP | QUEUE: 1 ед.
[19:21:25 Msk] [СМО_LAYOUT] Геометрия TUI пересчитана воркером: W=160 знакомест | H=30 строк
[SMO_CLOCK_AUDIT] TX #424 | ORIGIN: 0 -> TARGET: 108 (LOGGER) | INTENT: ADD_LOG_ENTRY | QUEUE: 1 ед.
[SMO_CLOCK_AUDIT] TX #428 | ORIGIN: 0 -> TARGET: 9 (RESIZE_UNIT) | INTENT: TRIGGER_RESIZE | QUEUE: 1 ед.
[SMO_CLOCK_AUDIT] TX #432 | ORIGIN: 9 -> TARGET: 9 (RESIZE_UNIT) | INTENT: INJECT_GEO_MAP | QUEUE: 1 ед.
[19:21:25 Msk] [СМО_LAYOUT] Геометрия TUI пересчитана воркером: W=162 знакомест | H=30 строк
[SMO_CLOCK_AUDIT] TX #433 | ORIGIN: 0 -> TARGET: 108 (LOGGER) | INTENT: ADD_LOG_ENTRY | QUEUE: 1 ед.
[SMO_CLOCK_AUDIT] TX #437 | ORIGIN: 0 -> TARGET: 9 (RESIZE_UNIT) | INTENT: TRIGGER_RESIZE | QUEUE: 1 ед.
[SMO_CLOCK_AUDIT] TX #439 | ORIGIN: 9 -> TARGET: 9 (RESIZE_UNIT) | INTENT: INJECT_GEO_MAP | QUEUE: 1 ед.
[19:21:25 Msk] [СМО_LAYOUT] Геометрия TUI пересчитана воркером: W=164 знакомест | H=30 строк
[SMO_CLOCK_AUDIT] TX #440 | ORIGIN: 0 -> TARGET: 108 (LOGGER) | INTENT: ADD_LOG_ENTRY | QUEUE: 1 ед.
[SMO_CLOCK_AUDIT] TX #444 | ORIGIN: 0 -> TARGET: 9 (RESIZE_UNIT) | INTENT: TRIGGER_RESIZE | QUEUE: 1 ед.
[SMO_CLOCK_AUDIT] TX #446 | ORIGIN: 9 -> TARGET: 9 (RESIZE_UNIT) | INTENT: INJECT_GEO_MAP | QUEUE: 1 ед.
[19:21:25 Msk] [СМО_LAYOUT] Геометрия TUI пересчитана воркером: W=167 знакомест | H=30 строк
[SMO_CLOCK_AUDIT] TX #447 | ORIGIN: 0 -> TARGET: 108 (LOGGER) | INTENT: ADD_LOG_ENTRY | QUEUE: 1 ед.
[SMO_CLOCK_AUDIT] TX #451 | ORIGIN: 0 -> TARGET: 9 (RESIZE_UNIT) | INTENT: TRIGGER_RESIZE | QUEUE: 1 ед.
[SMO_CLOCK_AUDIT] TX #453 | ORIGIN: 9 -> TARGET: 9 (RESIZE_UNIT) | INTENT: INJECT_GEO_MAP | QUEUE: 1 ед.
[19:21:25 Msk] [СМО_LAYOUT] Геометрия TUI пересчитана воркером: W=169 знакомест | H=30 строк
[SMO_CLOCK_AUDIT] TX #454 | ORIGIN: 0 -> TARGET: 108 (LOGGER) | INTENT: ADD_LOG_ENTRY | QUEUE: 1 ед.
[SMO_CLOCK_AUDIT] TX #461 | ORIGIN: 0 -> TARGET: 9 (RESIZE_UNIT) | INTENT: TRIGGER_RESIZE | QUEUE: 1 ед.
[SMO_CLOCK_AUDIT] TX #463 | ORIGIN: 9 -> TARGET: 9 (RESIZE_UNIT) | INTENT: INJECT_GEO_MAP | QUEUE: 1 ед.
[19:21:25 Msk] [СМО_LAYOUT] Геометрия TUI пересчитана воркером: W=170 знакомест | H=30 строк
[SMO_CLOCK_AUDIT] TX #464 | ORIGIN: 0 -> TARGET: 108 (LOGGER) | INTENT: ADD_LOG_ENTRY | QUEUE: 1 ед.
[SMO_CLOCK_AUDIT] TX #468 | ORIGIN: 0 -> TARGET: 9 (RESIZE_UNIT) | INTENT: TRIGGER_RESIZE | QUEUE: 1 ед.
[SMO_CLOCK_AUDIT] TX #470 | ORIGIN: 9 -> TARGET: 9 (RESIZE_UNIT) | INTENT: INJECT_GEO_MAP | QUEUE: 1 ед.
[19:21:25 Msk] [СМО_LAYOUT] Геометрия TUI пересчитана воркером: W=172 знакомест | H=30 строк
[SMO_CLOCK_AUDIT] TX #471 | ORIGIN: 0 -> TARGET: 108 (LOGGER) | INTENT: ADD_LOG_ENTRY | QUEUE: 1 ед.
[SMO_CLOCK_AUDIT] TX #477 | ORIGIN: 0 -> TARGET: 9 (RESIZE_UNIT) | INTENT: TRIGGER_RESIZE | QUEUE: 1 ед.
[SMO_CLOCK_AUDIT] TX #479 | ORIGIN: 9 -> TARGET: 9 (RESIZE_UNIT) | INTENT: INJECT_GEO_MAP | QUEUE: 1 ед.
[19:21:25 Msk] [СМО_LAYOUT] Геометрия TUI пересчитана воркером: W=173 знакомест | H=30 строк
[SMO_CLOCK_AUDIT] TX #480 | ORIGIN: 0 -> TARGET: 108 (LOGGER) | INTENT: ADD_LOG_ENTRY | QUEUE: 1 ед.
[SMO_CLOCK_AUDIT] TX #484 | ORIGIN: 0 -> TARGET: 9 (RESIZE_UNIT) | INTENT: TRIGGER_RESIZE | QUEUE: 1 ед.
[SMO_CLOCK_AUDIT] TX #486 | ORIGIN: 9 -> TARGET: 9 (RESIZE_UNIT) | INTENT: INJECT_GEO_MAP | QUEUE: 1 ед.
[19:21:25 Msk] [СМО_LAYOUT] Геометрия TUI пересчитана воркером: W=174 знакомест | H=30 строк
[SMO_CLOCK_AUDIT] TX #487 | ORIGIN: 0 -> TARGET: 108 (LOGGER) | INTENT: ADD_LOG_ENTRY | QUEUE: 1 ед.
[SMO_CLOCK_AUDIT] TX #493 | ORIGIN: 0 -> TARGET: 9 (RESIZE_UNIT) | INTENT: TRIGGER_RESIZE | QUEUE: 1 ед.
[SMO_CLOCK_AUDIT] TX #495 | ORIGIN: 9 -> TARGET: 9 (RESIZE_UNIT) | INTENT: INJECT_GEO_MAP | QUEUE: 1 ед.
[19:21:25 Msk] [СМО_LAYOUT] Геометрия TUI пересчитана воркером: W=176 знакомест | H=30 строк
[SMO_CLOCK_AUDIT] TX #496 | ORIGIN: 0 -> TARGET: 108 (LOGGER) | INTENT: ADD_LOG_ENTRY | QUEUE: 1 ед.
[SMO_CLOCK_AUDIT] TX #500 | ORIGIN: 0 -> TARGET: 9 (RESIZE_UNIT) | INTENT: TRIGGER_RESIZE | QUEUE: 1 ед.
[SMO_CLOCK_AUDIT] TX #502 | ORIGIN: 9 -> TARGET: 9 (RESIZE_UNIT) | INTENT: INJECT_GEO_MAP | QUEUE: 1 ед.
[19:21:25 Msk] [СМО_LAYOUT] Геометрия TUI пересчитана воркером: W=177 знакомест | H=30 строк
[SMO_CLOCK_AUDIT] TX #503 | ORIGIN: 0 -> TARGET: 108 (LOGGER) | INTENT: ADD_LOG_ENTRY | QUEUE: 1 ед.
[SMO_CLOCK_AUDIT] TX #509 | ORIGIN: 0 -> TARGET: 9 (RESIZE_UNIT) | INTENT: TRIGGER_RESIZE | QUEUE: 1 ед.
[SMO_CLOCK_AUDIT] TX #511 | ORIGIN: 9 -> TARGET: 9 (RESIZE_UNIT) | INTENT: INJECT_GEO_MAP | QUEUE: 1 ед.
[19:21:25 Msk] [СМО_LAYOUT] Геометрия TUI пересчитана воркером: W=178 знакомест | H=30 строк
[SMO_CLOCK_AUDIT] TX #512 | ORIGIN: 0 -> TARGET: 108 (LOGGER) | INTENT: ADD_LOG_ENTRY | QUEUE: 1 ед.
[SMO_CLOCK_AUDIT] TX #516 | ORIGIN: 0 -> TARGET: 9 (RESIZE_UNIT) | INTENT: TRIGGER_RESIZE | QUEUE: 1 ед.
[SMO_CLOCK_AUDIT] TX #518 | ORIGIN: 9 -> TARGET: 9 (RESIZE_UNIT) | INTENT: INJECT_GEO_MAP | QUEUE: 1 ед.
[19:21:26 Msk] [СМО_LAYOUT] Геометрия TUI пересчитана воркером: W=179 знакомест | H=30 строк
[SMO_CLOCK_AUDIT] TX #519 | ORIGIN: 0 -> TARGET: 108 (LOGGER) | INTENT: ADD_LOG_ENTRY | QUEUE: 1 ед.
[SMO_CLOCK_AUDIT] TX #525 | ORIGIN: 0 -> TARGET: 9 (RESIZE_UNIT) | INTENT: TRIGGER_RESIZE | QUEUE: 1 ед.
[SMO_CLOCK_AUDIT] TX #527 | ORIGIN: 9 -> TARGET: 9 (RESIZE_UNIT) | INTENT: INJECT_GEO_MAP | QUEUE: 1 ед.
[19:21:26 Msk] [СМО_LAYOUT] Геометрия TUI пересчитана воркером: W=178 знакомест | H=30 строк
[SMO_CLOCK_AUDIT] TX #528 | ORIGIN: 0 -> TARGET: 108 (LOGGER) | INTENT: ADD_LOG_ENTRY | QUEUE: 1 ед.
[SMO_CLOCK_AUDIT] TX #534 | ORIGIN: 0 -> TARGET: 9 (RESIZE_UNIT) | INTENT: TRIGGER_RESIZE | QUEUE: 1 ед.
[SMO_CLOCK_AUDIT] TX #536 | ORIGIN: 9 -> TARGET: 9 (RESIZE_UNIT) | INTENT: INJECT_GEO_MAP | QUEUE: 1 ед.
[19:21:26 Msk] [СМО_LAYOUT] Геометрия TUI пересчитана воркером: W=176 знакомест | H=30 строк
[SMO_CLOCK_AUDIT] TX #537 | ORIGIN: 0 -> TARGET: 108 (LOGGER) | INTENT: ADD_LOG_ENTRY | QUEUE: 1 ед.
[SMO_CLOCK_AUDIT] TX #541 | ORIGIN: 0 -> TARGET: 9 (RESIZE_UNIT) | INTENT: TRIGGER_RESIZE | QUEUE: 1 ед.
[SMO_CLOCK_AUDIT] TX #543 | ORIGIN: 9 -> TARGET: 9 (RESIZE_UNIT) | INTENT: INJECT_GEO_MAP | QUEUE: 1 ед.
[19:21:26 Msk] [СМО_LAYOUT] Геометрия TUI пересчитана воркером: W=170 знакомест | H=30 строк
[SMO_CLOCK_AUDIT] TX #544 | ORIGIN: 0 -> TARGET: 108 (LOGGER) | INTENT: ADD_LOG_ENTRY | QUEUE: 1 ед.
[SMO_CLOCK_AUDIT] TX #548 | ORIGIN: 0 -> TARGET: 9 (RESIZE_UNIT) | INTENT: TRIGGER_RESIZE | QUEUE: 1 ед.
[SMO_CLOCK_AUDIT] TX #550 | ORIGIN: 9 -> TARGET: 9 (RESIZE_UNIT) | INTENT: INJECT_GEO_MAP | QUEUE: 1 ед.
[19:21:26 Msk] [СМО_LAYOUT] Геометрия TUI пересчитана воркером: W=162 знакомест | H=30 строк
[SMO_CLOCK_AUDIT] TX #551 | ORIGIN: 0 -> TARGET: 108 (LOGGER) | INTENT: ADD_LOG_ENTRY | QUEUE: 1 ед.
[SMO_CLOCK_AUDIT] TX #557 | ORIGIN: 0 -> TARGET: 9 (RESIZE_UNIT) | INTENT: TRIGGER_RESIZE | QUEUE: 1 ед.
[SMO_CLOCK_AUDIT] TX #559 | ORIGIN: 9 -> TARGET: 9 (RESIZE_UNIT) | INTENT: INJECT_GEO_MAP | QUEUE: 1 ед.
[19:21:26 Msk] [СМО_LAYOUT] Геометрия TUI пересчитана воркером: W=161 знакомест | H=30 строк
[SMO_CLOCK_AUDIT] TX #560 | ORIGIN: 0 -> TARGET: 108 (LOGGER) | INTENT: ADD_LOG_ENTRY | QUEUE: 1 ед.
[SMO_CLOCK_AUDIT] TX #564 | ORIGIN: 0 -> TARGET: 9 (RESIZE_UNIT) | INTENT: TRIGGER_RESIZE | QUEUE: 1 ед.
[SMO_CLOCK_AUDIT] TX #566 | ORIGIN: 9 -> TARGET: 9 (RESIZE_UNIT) | INTENT: INJECT_GEO_MAP | QUEUE: 1 ед.
[19:21:26 Msk] [СМО_LAYOUT] Геометрия TUI пересчитана воркером: W=158 знакомест | H=30 строк
[SMO_CLOCK_AUDIT] TX #567 | ORIGIN: 0 -> TARGET: 108 (LOGGER) | INTENT: ADD_LOG_ENTRY | QUEUE: 1 ед.
[SMO_CLOCK_AUDIT] TX #571 | ORIGIN: 0 -> TARGET: 9 (RESIZE_UNIT) | INTENT: TRIGGER_RESIZE | QUEUE: 1 ед.
[SMO_CLOCK_AUDIT] TX #573 | ORIGIN: 9 -> TARGET: 9 (RESIZE_UNIT) | INTENT: INJECT_GEO_MAP | QUEUE: 1 ед.
[19:21:26 Msk] [СМО_LAYOUT] Геометрия TUI пересчитана воркером: W=154 знакомест | H=30 строк
[SMO_CLOCK_AUDIT] TX #574 | ORIGIN: 0 -> TARGET: 108 (LOGGER) | INTENT: ADD_LOG_ENTRY | QUEUE: 1 ед.
[SMO_CLOCK_AUDIT] TX #580 | ORIGIN: 0 -> TARGET: 9 (RESIZE_UNIT) | INTENT: TRIGGER_RESIZE | QUEUE: 1 ед.
[SMO_CLOCK_AUDIT] TX #582 | ORIGIN: 9 -> TARGET: 9 (RESIZE_UNIT) | INTENT: INJECT_GEO_MAP | QUEUE: 1 ед.
[19:21:26 Msk] [СМО_LAYOUT] Геометрия TUI пересчитана воркером: W=151 знакомест | H=30 строк
[SMO_CLOCK_AUDIT] TX #583 | ORIGIN: 0 -> TARGET: 108 (LOGGER) | INTENT: ADD_LOG_ENTRY | QUEUE: 1 ед.
[SMO_CLOCK_AUDIT] TX #587 | ORIGIN: 0 -> TARGET: 9 (RESIZE_UNIT) | INTENT: TRIGGER_RESIZE | QUEUE: 1 ед.
[SMO_CLOCK_AUDIT] TX #589 | ORIGIN: 9 -> TARGET: 9 (RESIZE_UNIT) | INTENT: INJECT_GEO_MAP | QUEUE: 1 ед.
[19:21:26 Msk] [СМО_LAYOUT] Геометрия TUI пересчитана воркером: W=147 знакомест | H=30 строк
[SMO_CLOCK_AUDIT] TX #590 | ORIGIN: 0 -> TARGET: 108 (LOGGER) | INTENT: ADD_LOG_ENTRY | QUEUE: 1 ед.
[SMO_CLOCK_AUDIT] TX #594 | ORIGIN: 0 -> TARGET: 9 (RESIZE_UNIT) | INTENT: TRIGGER_RESIZE | QUEUE: 1 ед.
[SMO_CLOCK_AUDIT] TX #596 | ORIGIN: 9 -> TARGET: 9 (RESIZE_UNIT) | INTENT: INJECT_GEO_MAP | QUEUE: 1 ед.
[19:21:26 Msk] [СМО_LAYOUT] Геометрия TUI пересчитана воркером: W=141 знакомест | H=30 строк
[SMO_CLOCK_AUDIT] TX #597 | ORIGIN: 0 -> TARGET: 108 (LOGGER) | INTENT: ADD_LOG_ENTRY | QUEUE: 1 ед.
[SMO_CLOCK_AUDIT] TX #601 | ORIGIN: 0 -> TARGET: 9 (RESIZE_UNIT) | INTENT: TRIGGER_RESIZE | QUEUE: 1 ед.
[SMO_CLOCK_AUDIT] TX #605 | ORIGIN: 9 -> TARGET: 9 (RESIZE_UNIT) | INTENT: INJECT_GEO_MAP | QUEUE: 1 ед.
[19:21:26 Msk] [СМО_LAYOUT] Геометрия TUI пересчитана воркером: W=133 знакомест | H=30 строк
[SMO_CLOCK_AUDIT] TX #606 | ORIGIN: 0 -> TARGET: 108 (LOGGER) | INTENT: ADD_LOG_ENTRY | QUEUE: 1 ед.
[SMO_CLOCK_AUDIT] TX #610 | ORIGIN: 0 -> TARGET: 9 (RESIZE_UNIT) | INTENT: TRIGGER_RESIZE | QUEUE: 1 ед.
[SMO_CLOCK_AUDIT] TX #612 | ORIGIN: 9 -> TARGET: 9 (RESIZE_UNIT) | INTENT: INJECT_GEO_MAP | QUEUE: 1 ед.
[19:21:26 Msk] [СМО_LAYOUT] Геометрия TUI пересчитана воркером: W=123 знакомест | H=30 строк
[SMO_CLOCK_AUDIT] TX #613 | ORIGIN: 0 -> TARGET: 108 (LOGGER) | INTENT: ADD_LOG_ENTRY | QUEUE: 1 ед.
[SMO_CLOCK_AUDIT] TX #617 | ORIGIN: 0 -> TARGET: 9 (RESIZE_UNIT) | INTENT: TRIGGER_RESIZE | QUEUE: 1 ед.
[SMO_CLOCK_AUDIT] TX #619 | ORIGIN: 9 -> TARGET: 9 (RESIZE_UNIT) | INTENT: INJECT_GEO_MAP | QUEUE: 1 ед.
[19:21:26 Msk] [СМО_LAYOUT] Геометрия TUI пересчитана воркером: W=110 знакомест | H=30 строк
[SMO_CLOCK_AUDIT] TX #620 | ORIGIN: 0 -> TARGET: 108 (LOGGER) | INTENT: ADD_LOG_ENTRY | QUEUE: 1 ед.
[SMO_CLOCK_AUDIT] TX #624 | ORIGIN: 0 -> TARGET: 9 (RESIZE_UNIT) | INTENT: TRIGGER_RESIZE | QUEUE: 1 ед.
[SMO_CLOCK_AUDIT] TX #628 | ORIGIN: 9 -> TARGET: 9 (RESIZE_UNIT) | INTENT: INJECT_GEO_MAP | QUEUE: 1 ед.
[19:21:26 Msk] [СМО_LAYOUT] Геометрия TUI пересчитана воркером: W=98 знакомест | H=30 строк
[SMO_CLOCK_AUDIT] TX #629 | ORIGIN: 0 -> TARGET: 108 (LOGGER) | INTENT: ADD_LOG_ENTRY | QUEUE: 1 ед.
[SMO_CLOCK_AUDIT] TX #633 | ORIGIN: 0 -> TARGET: 9 (RESIZE_UNIT) | INTENT: TRIGGER_RESIZE | QUEUE: 1 ед.
[SMO_CLOCK_AUDIT] TX #635 | ORIGIN: 9 -> TARGET: 9 (RESIZE_UNIT) | INTENT: INJECT_GEO_MAP | QUEUE: 1 ед.
[19:21:26 Msk] [СМО_LAYOUT] Геометрия TUI пересчитана воркером: W=88 знакомест | H=30 строк
[SMO_CLOCK_AUDIT] TX #636 | ORIGIN: 0 -> TARGET: 108 (LOGGER) | INTENT: ADD_LOG_ENTRY | QUEUE: 1 ед.
[SMO_CLOCK_AUDIT] TX #640 | ORIGIN: 0 -> TARGET: 9 (RESIZE_UNIT) | INTENT: TRIGGER_RESIZE | QUEUE: 1 ед.
[SMO_CLOCK_AUDIT] TX #642 | ORIGIN: 9 -> TARGET: 9 (RESIZE_UNIT) | INTENT: INJECT_GEO_MAP | QUEUE: 1 ед.
[19:21:26 Msk] [СМО_LAYOUT] Геометрия TUI пересчитана воркером: W=84 знакомест | H=30 строк
[SMO_CLOCK_AUDIT] TX #643 | ORIGIN: 0 -> TARGET: 108 (LOGGER) | INTENT: ADD_LOG_ENTRY | QUEUE: 1 ед.
[SMO_CLOCK_AUDIT] TX #647 | ORIGIN: 0 -> TARGET: 9 (RESIZE_UNIT) | INTENT: TRIGGER_RESIZE | QUEUE: 1 ед.
[SMO_CLOCK_AUDIT] TX #649 | ORIGIN: 9 -> TARGET: 9 (RESIZE_UNIT) | INTENT: INJECT_GEO_MAP | QUEUE: 1 ед.
[19:21:26 Msk] [СМО_LAYOUT] Геометрия TUI пересчитана воркером: W=83 знакомест | H=30 строк
[SMO_CLOCK_AUDIT] TX #650 | ORIGIN: 0 -> TARGET: 108 (LOGGER) | INTENT: ADD_LOG_ENTRY | QUEUE: 1 ед.
[SMO_CLOCK_AUDIT] TX #3 | ORIGIN: 0 -> TARGET: 0 (ROOT_UNIT) | INTENT: init | QUEUE: 1 ед.
[SMO_CLOCK_AUDIT] TX #1 | ORIGIN: 0 -> TARGET: 9 (RESIZE_UNIT) | INTENT: TRIGGER_RESIZE | QUEUE: 1 ед.
[SMO_CLOCK_AUDIT] TX #2 | ORIGIN: 0 -> TARGET: 11 (LOADER_UNIT) | INTENT: BOOT_LAYOUT_TREE | QUEUE: 1 ед.
[LOAD_SEQUENCE] Найдено прикладных slots для гидратации: 9
[PAC_TRIAD_READY] Успешный IoC-монтаж бизнес-панели | Слот: 101
[IO_IMPORT_CRASH] ФАТАЛЬНЫЙ СБОЙ ЗАГРУЗКИ СЛОТА 104 | Ошибка: Cannot find module 'C:\slotcmp\III\src\modules\fnbar\bus.js' imported from C:\slotcmp\III\src\modules\fnbar\fnbar_view.js
[IO_IMPORT_CRASH] ФАТАЛЬНЫЙ СБОЙ ЗАГРУЗКИ СЛОТА 104 | Ошибка: Cannot find module 'C:\slotcmp\III\src\modules\fnbar\bus.js' imported from C:\slotcmp\III\src\modules\fnbar\fnbar_view.js
[PAC_TRIAD_READY] Успешный IoC-монтаж бизнес-панели | Слот: 102
[PAC_TRIAD_READY] Успешный IoC-монтаж бизнес-панели | Слот: 103
[PAC_TRIAD_READY] Успешный IoC-монтаж бизнес-панели | Слот: 106
[PAC_TRIAD_READY] Успешный IoC-монтаж бизнес-панели | Слот: 105
[PAC_TRIAD_READY] Успешный IoC-монтаж бизнес-панели | Слот: 108
[PAC_TRIAD_READY] Успешный IoC-монтаж бизнес-панели | Слот: 100
[LOAD_SEQUENCE] Все бизнес-слоты успешно гидратированы в шину.
[SMO_CLOCK_AUDIT] TX #5 | ORIGIN: 11 -> TARGET: 0 (ROOT_UNIT) | INTENT: SYNCHRONIZE_DYNAMIC_SLOT | QUEUE: 8 ед.
[KERNEL_CLOCK] Финализация загрузки модулей. Считывание путей вкладок.
[SMO_CLOCK_AUDIT] TX #16 | ORIGIN: 0 -> TARGET: 9 (RESIZE_UNIT) | INTENT: FORCE_RECALCULATE_LAYOUT | QUEUE: 1 ед.
[SMO_CLOCK_AUDIT] TX #13 | ORIGIN: 0 -> TARGET: 12 (SYSTEM_TAB_MENU) | INTENT: REGISTRATION_TAB_SPACE | QUEUE: 3 ед.
[SMO_CLOCK_AUDIT] TX #17 | ORIGIN: 0 -> TARGET: 14 (SYSTEM_VSCROLLBAR) | INTENT: SYNC_SCROLLBAR_METRICS | QUEUE: 1 ед.
[SMO_CLOCK_AUDIT] TX #30 | ORIGIN: 9 -> TARGET: 9 (RESIZE_UNIT) | INTENT: INJECT_GEO_MAP | QUEUE: 2 ед.
[19:24:31 Msk] [СМО_LAYOUT] Геометрия TUI пересчитана воркером: W=83 знакомест | H=30 строк
[19:24:31 Msk] [СМО_LAYOUT] Геометрия TUI пересчитана воркером: W=83 знакомест | H=30 строк
[SMO_CLOCK_AUDIT] TX #23 | ORIGIN: 102 -> TARGET: 102 (EXPLORER) | INTENT: INJECT_VFS_DATA | QUEUE: 2 ед.
[SMO_CLOCK_AUDIT] TX #25 | ORIGIN: 103 -> TARGET: 103 (EXPLORER) | INTENT: INJECT_VFS_DATA | QUEUE: 2 ед.
[SMO_CLOCK_AUDIT] TX #22 | ORIGIN: 102 -> TARGET: 108 (LOGGER) | INTENT: ADD_LOG_ENTRY | QUEUE: 6 ед.
[SMO_CLOCK_AUDIT] TX #36 | ORIGIN: 102 -> TARGET: 14 (SYSTEM_VSCROLLBAR) | INTENT: SYNC_SCROLLBAR_METRICS | QUEUE: 4 ед.
[SMO_CLOCK_AUDIT] TX #288 | ORIGIN: 0 -> TARGET: 9 (RESIZE_UNIT) | INTENT: TRIGGER_RESIZE | QUEUE: 1 ед.
[SMO_CLOCK_AUDIT] TX #290 | ORIGIN: 9 -> TARGET: 9 (RESIZE_UNIT) | INTENT: INJECT_GEO_MAP | QUEUE: 1 ед.
[19:24:43 Msk] [СМО_LAYOUT] Геометрия TUI пересчитана воркером: W=84 знакомест | H=30 строк
[SMO_CLOCK_AUDIT] TX #291 | ORIGIN: 0 -> TARGET: 108 (LOGGER) | INTENT: ADD_LOG_ENTRY | QUEUE: 1 ед.
[SMO_CLOCK_AUDIT] TX #298 | ORIGIN: 0 -> TARGET: 9 (RESIZE_UNIT) | INTENT: TRIGGER_RESIZE | QUEUE: 1 ед.
[SMO_CLOCK_AUDIT] TX #300 | ORIGIN: 9 -> TARGET: 9 (RESIZE_UNIT) | INTENT: INJECT_GEO_MAP | QUEUE: 1 ед.
[19:24:43 Msk] [СМО_LAYOUT] Геометрия TUI пересчитана воркером: W=93 знакомест | H=30 строк
[SMO_CLOCK_AUDIT] TX #301 | ORIGIN: 0 -> TARGET: 108 (LOGGER) | INTENT: ADD_LOG_ENTRY | QUEUE: 1 ед.
[SMO_CLOCK_AUDIT] TX #305 | ORIGIN: 0 -> TARGET: 9 (RESIZE_UNIT) | INTENT: TRIGGER_RESIZE | QUEUE: 1 ед.
[SMO_CLOCK_AUDIT] TX #307 | ORIGIN: 9 -> TARGET: 9 (RESIZE_UNIT) | INTENT: INJECT_GEO_MAP | QUEUE: 1 ед.
[19:24:43 Msk] [СМО_LAYOUT] Геометрия TUI пересчитана воркером: W=102 знакомест | H=30 строк
[SMO_CLOCK_AUDIT] TX #308 | ORIGIN: 0 -> TARGET: 108 (LOGGER) | INTENT: ADD_LOG_ENTRY | QUEUE: 1 ед.
[SMO_CLOCK_AUDIT] TX #312 | ORIGIN: 0 -> TARGET: 9 (RESIZE_UNIT) | INTENT: TRIGGER_RESIZE | QUEUE: 1 ед.
[SMO_CLOCK_AUDIT] TX #314 | ORIGIN: 9 -> TARGET: 9 (RESIZE_UNIT) | INTENT: INJECT_GEO_MAP | QUEUE: 1 ед.
[19:24:43 Msk] [СМО_LAYOUT] Геометрия TUI пересчитана воркером: W=110 знакомест | H=30 строк
[SMO_CLOCK_AUDIT] TX #315 | ORIGIN: 0 -> TARGET: 108 (LOGGER) | INTENT: ADD_LOG_ENTRY | QUEUE: 1 ед.
[SMO_CLOCK_AUDIT] TX #321 | ORIGIN: 0 -> TARGET: 9 (RESIZE_UNIT) | INTENT: TRIGGER_RESIZE | QUEUE: 1 ед.
[SMO_CLOCK_AUDIT] TX #323 | ORIGIN: 9 -> TARGET: 9 (RESIZE_UNIT) | INTENT: INJECT_GEO_MAP | QUEUE: 1 ед.
[19:24:43 Msk] [СМО_LAYOUT] Геометрия TUI пересчитана воркером: W=115 знакомест | H=30 строк
[SMO_CLOCK_AUDIT] TX #324 | ORIGIN: 0 -> TARGET: 108 (LOGGER) | INTENT: ADD_LOG_ENTRY | QUEUE: 1 ед.
[SMO_CLOCK_AUDIT] TX #328 | ORIGIN: 0 -> TARGET: 9 (RESIZE_UNIT) | INTENT: TRIGGER_RESIZE | QUEUE: 1 ед.
[SMO_CLOCK_AUDIT] TX #330 | ORIGIN: 9 -> TARGET: 9 (RESIZE_UNIT) | INTENT: INJECT_GEO_MAP | QUEUE: 1 ед.
[19:24:43 Msk] [СМО_LAYOUT] Геометрия TUI пересчитана воркером: W=121 знакомест | H=30 строк
[SMO_CLOCK_AUDIT] TX #331 | ORIGIN: 0 -> TARGET: 108 (LOGGER) | INTENT: ADD_LOG_ENTRY | QUEUE: 1 ед.
[SMO_CLOCK_AUDIT] TX #335 | ORIGIN: 0 -> TARGET: 9 (RESIZE_UNIT) | INTENT: TRIGGER_RESIZE | QUEUE: 1 ед.
[SMO_CLOCK_AUDIT] TX #337 | ORIGIN: 9 -> TARGET: 9 (RESIZE_UNIT) | INTENT: INJECT_GEO_MAP | QUEUE: 1 ед.
[19:24:43 Msk] [СМО_LAYOUT] Геометрия TUI пересчитана воркером: W=132 знакомест | H=30 строк
[SMO_CLOCK_AUDIT] TX #338 | ORIGIN: 0 -> TARGET: 108 (LOGGER) | INTENT: ADD_LOG_ENTRY | QUEUE: 1 ед.
[SMO_CLOCK_AUDIT] TX #342 | ORIGIN: 0 -> TARGET: 9 (RESIZE_UNIT) | INTENT: TRIGGER_RESIZE | QUEUE: 1 ед.
[SMO_CLOCK_AUDIT] TX #346 | ORIGIN: 9 -> TARGET: 9 (RESIZE_UNIT) | INTENT: INJECT_GEO_MAP | QUEUE: 1 ед.
[19:24:43 Msk] [СМО_LAYOUT] Геометрия TUI пересчитана воркером: W=145 знакомест | H=30 строк
[SMO_CLOCK_AUDIT] TX #347 | ORIGIN: 0 -> TARGET: 108 (LOGGER) | INTENT: ADD_LOG_ENTRY | QUEUE: 1 ед.
[SMO_CLOCK_AUDIT] TX #351 | ORIGIN: 0 -> TARGET: 9 (RESIZE_UNIT) | INTENT: TRIGGER_RESIZE | QUEUE: 1 ед.
[SMO_CLOCK_AUDIT] TX #353 | ORIGIN: 9 -> TARGET: 9 (RESIZE_UNIT) | INTENT: INJECT_GEO_MAP | QUEUE: 1 ед.
[19:24:43 Msk] [СМО_LAYOUT] Геометрия TUI пересчитана воркером: W=156 знакомест | H=30 строк
[SMO_CLOCK_AUDIT] TX #354 | ORIGIN: 0 -> TARGET: 108 (LOGGER) | INTENT: ADD_LOG_ENTRY | QUEUE: 1 ед.
[SMO_CLOCK_AUDIT] TX #358 | ORIGIN: 0 -> TARGET: 9 (RESIZE_UNIT) | INTENT: TRIGGER_RESIZE | QUEUE: 1 ед.
[SMO_CLOCK_AUDIT] TX #360 | ORIGIN: 9 -> TARGET: 9 (RESIZE_UNIT) | INTENT: INJECT_GEO_MAP | QUEUE: 1 ед.
[19:24:43 Msk] [СМО_LAYOUT] Геометрия TUI пересчитана воркером: W=166 знакомест | H=30 строк
[SMO_CLOCK_AUDIT] TX #361 | ORIGIN: 0 -> TARGET: 108 (LOGGER) | INTENT: ADD_LOG_ENTRY | QUEUE: 1 ед.
[SMO_CLOCK_AUDIT] TX #365 | ORIGIN: 0 -> TARGET: 9 (RESIZE_UNIT) | INTENT: TRIGGER_RESIZE | QUEUE: 1 ед.
[SMO_CLOCK_AUDIT] TX #369 | ORIGIN: 9 -> TARGET: 9 (RESIZE_UNIT) | INTENT: INJECT_GEO_MAP | QUEUE: 1 ед.
[19:24:43 Msk] [СМО_LAYOUT] Геометрия TUI пересчитана воркером: W=175 знакомест | H=30 строк
[SMO_CLOCK_AUDIT] TX #370 | ORIGIN: 0 -> TARGET: 108 (LOGGER) | INTENT: ADD_LOG_ENTRY | QUEUE: 1 ед.
[SMO_CLOCK_AUDIT] TX #374 | ORIGIN: 0 -> TARGET: 9 (RESIZE_UNIT) | INTENT: TRIGGER_RESIZE | QUEUE: 1 ед.
[SMO_CLOCK_AUDIT] TX #376 | ORIGIN: 9 -> TARGET: 9 (RESIZE_UNIT) | INTENT: INJECT_GEO_MAP | QUEUE: 1 ед.
[19:24:43 Msk] [СМО_LAYOUT] Геометрия TUI пересчитана воркером: W=184 знакомест | H=30 строк
[SMO_CLOCK_AUDIT] TX #377 | ORIGIN: 0 -> TARGET: 108 (LOGGER) | INTENT: ADD_LOG_ENTRY | QUEUE: 1 ед.
[SMO_CLOCK_AUDIT] TX #381 | ORIGIN: 0 -> TARGET: 9 (RESIZE_UNIT) | INTENT: TRIGGER_RESIZE | QUEUE: 1 ед.
[SMO_CLOCK_AUDIT] TX #383 | ORIGIN: 9 -> TARGET: 9 (RESIZE_UNIT) | INTENT: INJECT_GEO_MAP | QUEUE: 1 ед.
[19:24:43 Msk] [СМО_LAYOUT] Геометрия TUI пересчитана воркером: W=190 знакомест | H=30 строк
[SMO_CLOCK_AUDIT] TX #384 | ORIGIN: 0 -> TARGET: 108 (LOGGER) | INTENT: ADD_LOG_ENTRY | QUEUE: 1 ед.
[SMO_CLOCK_AUDIT] TX #388 | ORIGIN: 0 -> TARGET: 9 (RESIZE_UNIT) | INTENT: TRIGGER_RESIZE | QUEUE: 1 ед.
[SMO_CLOCK_AUDIT] TX #390 | ORIGIN: 9 -> TARGET: 9 (RESIZE_UNIT) | INTENT: INJECT_GEO_MAP | QUEUE: 1 ед.
[19:24:43 Msk] [СМО_LAYOUT] Геометрия TUI пересчитана воркером: W=191 знакомест | H=30 строк
[SMO_CLOCK_AUDIT] TX #391 | ORIGIN: 0 -> TARGET: 108 (LOGGER) | INTENT: ADD_LOG_ENTRY | QUEUE: 1 ед.
[SMO_CLOCK_AUDIT] TX #3 | ORIGIN: 0 -> TARGET: 0 (ROOT_UNIT) | INTENT: init | QUEUE: 1 ед.
[SMO_CLOCK_AUDIT] TX #1 | ORIGIN: 0 -> TARGET: 9 (RESIZE_UNIT) | INTENT: TRIGGER_RESIZE | QUEUE: 1 ед.
[SMO_CLOCK_AUDIT] TX #2 | ORIGIN: 0 -> TARGET: 11 (LOADER_UNIT) | INTENT: BOOT_LAYOUT_TREE | QUEUE: 1 ед.
[LOAD_SEQUENCE] Найдено прикладных slots для гидратации: 9
[PAC_TRIAD_READY] Успешный IoC-монтаж бизнес-панели | Слот: 101
[IO_IMPORT_CRASH] ФАТАЛЬНЫЙ СБОЙ ЗАГРУЗКИ СЛОТА 104 | Ошибка: Cannot find module 'C:\slotcmp\III\src\modules\fnbar\bus.js' imported from C:\slotcmp\III\src\modules\fnbar\fnbar_view.js
[IO_IMPORT_CRASH] ФАТАЛЬНЫЙ СБОЙ ЗАГРУЗКИ СЛОТА 104 | Ошибка: Cannot find module 'C:\slotcmp\III\src\modules\fnbar\bus.js' imported from C:\slotcmp\III\src\modules\fnbar\fnbar_view.js
[PAC_TRIAD_READY] Успешный IoC-монтаж бизнес-панели | Слот: 102
[PAC_TRIAD_READY] Успешный IoC-монтаж бизнес-панели | Слот: 103
[PAC_TRIAD_READY] Успешный IoC-монтаж бизнес-панели | Слот: 106
[PAC_TRIAD_READY] Успешный IoC-монтаж бизнес-панели | Слот: 105
[PAC_TRIAD_READY] Успешный IoC-монтаж бизнес-панели | Слот: 108
[PAC_TRIAD_READY] Успешный IoC-монтаж бизнес-панели | Слот: 100
[LOAD_SEQUENCE] Все бизнес-слоты успешно гидратированы в шину.
[SMO_CLOCK_AUDIT] TX #5 | ORIGIN: 11 -> TARGET: 0 (ROOT_UNIT) | INTENT: SYNCHRONIZE_DYNAMIC_SLOT | QUEUE: 8 ед.
[KERNEL_CLOCK] Финализация загрузки модулей. Считывание путей вкладок.
[SMO_CLOCK_AUDIT] TX #16 | ORIGIN: 0 -> TARGET: 9 (RESIZE_UNIT) | INTENT: FORCE_RECALCULATE_LAYOUT | QUEUE: 1 ед.
[SMO_CLOCK_AUDIT] TX #13 | ORIGIN: 0 -> TARGET: 12 (SYSTEM_TAB_MENU) | INTENT: REGISTRATION_TAB_SPACE | QUEUE: 3 ед.
[SMO_CLOCK_AUDIT] TX #17 | ORIGIN: 0 -> TARGET: 14 (SYSTEM_VSCROLLBAR) | INTENT: SYNC_SCROLLBAR_METRICS | QUEUE: 1 ед.
[SMO_CLOCK_AUDIT] TX #22 | ORIGIN: 9 -> TARGET: 9 (RESIZE_UNIT) | INTENT: INJECT_GEO_MAP | QUEUE: 2 ед.
[19:27:24 Msk] [СМО_LAYOUT] Геометрия TUI пересчитана воркером: W=191 знакомест | H=30 строк
[19:27:24 Msk] [СМО_LAYOUT] Геометрия TUI пересчитана воркером: W=191 знакомест | H=30 строк
[SMO_CLOCK_AUDIT] TX #25 | ORIGIN: 102 -> TARGET: 102 (EXPLORER) | INTENT: INJECT_VFS_DATA | QUEUE: 2 ед.
[SMO_CLOCK_AUDIT] TX #27 | ORIGIN: 103 -> TARGET: 103 (EXPLORER) | INTENT: INJECT_VFS_DATA | QUEUE: 2 ед.
[SMO_CLOCK_AUDIT] TX #24 | ORIGIN: 102 -> TARGET: 108 (LOGGER) | INTENT: ADD_LOG_ENTRY | QUEUE: 6 ед.
[SMO_CLOCK_AUDIT] TX #36 | ORIGIN: 102 -> TARGET: 14 (SYSTEM_VSCROLLBAR) | INTENT: SYNC_SCROLLBAR_METRICS | QUEUE: 4 ед.
[SMO_CLOCK_AUDIT] TX #3 | ORIGIN: 0 -> TARGET: 0 (ROOT_UNIT) | INTENT: init | QUEUE: 1 ед.
[SMO_CLOCK_AUDIT] TX #1 | ORIGIN: 0 -> TARGET: 9 (RESIZE_UNIT) | INTENT: TRIGGER_RESIZE | QUEUE: 1 ед.
[SMO_CLOCK_AUDIT] TX #2 | ORIGIN: 0 -> TARGET: 11 (LOADER_UNIT) | INTENT: BOOT_LAYOUT_TREE | QUEUE: 1 ед.
[LOAD_SEQUENCE] Найдено прикладных slots для гидратации: 9
[PAC_TRIAD_READY] Успешный IoC-монтаж бизнес-панели | Слот: 101
[IO_IMPORT_CRASH] ФАТАЛЬНЫЙ СБОЙ ЗАГРУЗКИ СЛОТА 104 | Ошибка: Cannot find module 'C:\slotcmp\III\src\modules\fnbar\bus.js' imported from C:\slotcmp\III\src\modules\fnbar\fnbar_view.js
[IO_IMPORT_CRASH] ФАТАЛЬНЫЙ СБОЙ ЗАГРУЗКИ СЛОТА 104 | Ошибка: Cannot find module 'C:\slotcmp\III\src\modules\fnbar\bus.js' imported from C:\slotcmp\III\src\modules\fnbar\fnbar_view.js
[PAC_TRIAD_READY] Успешный IoC-монтаж бизнес-панели | Слот: 102
[PAC_TRIAD_READY] Успешный IoC-монтаж бизнес-панели | Слот: 103
[PAC_TRIAD_READY] Успешный IoC-монтаж бизнес-панели | Слот: 106
[PAC_TRIAD_READY] Успешный IoC-монтаж бизнес-панели | Слот: 105
[PAC_TRIAD_READY] Успешный IoC-монтаж бизнес-панели | Слот: 108
[PAC_TRIAD_READY] Успешный IoC-монтаж бизнес-панели | Слот: 100
[LOAD_SEQUENCE] Все бизнес-слоты успешно гидратированы в шину.
[SMO_CLOCK_AUDIT] TX #5 | ORIGIN: 11 -> TARGET: 0 (ROOT_UNIT) | INTENT: SYNCHRONIZE_DYNAMIC_SLOT | QUEUE: 8 ед.
[KERNEL_CLOCK] Финализация загрузки модулей. Считывание путей вкладок.
[SMO_CLOCK_AUDIT] TX #16 | ORIGIN: 0 -> TARGET: 9 (RESIZE_UNIT) | INTENT: FORCE_RECALCULATE_LAYOUT | QUEUE: 1 ед.
[SMO_CLOCK_AUDIT] TX #13 | ORIGIN: 0 -> TARGET: 12 (SYSTEM_TAB_MENU) | INTENT: REGISTRATION_TAB_SPACE | QUEUE: 3 ед.
[SMO_CLOCK_AUDIT] TX #17 | ORIGIN: 0 -> TARGET: 14 (SYSTEM_VSCROLLBAR) | INTENT: SYNC_SCROLLBAR_METRICS | QUEUE: 1 ед.
[SMO_CLOCK_AUDIT] TX #30 | ORIGIN: 9 -> TARGET: 9 (RESIZE_UNIT) | INTENT: INJECT_GEO_MAP | QUEUE: 2 ед.
[19:28:40 Msk] [СМО_LAYOUT] Геометрия TUI пересчитана воркером: W=191 знакомест | H=30 строк
[19:28:40 Msk] [СМО_LAYOUT] Геометрия TUI пересчитана воркером: W=191 знакомест | H=30 строк
[SMO_CLOCK_AUDIT] TX #23 | ORIGIN: 102 -> TARGET: 102 (EXPLORER) | INTENT: INJECT_VFS_DATA | QUEUE: 2 ед.
[SMO_CLOCK_AUDIT] TX #25 | ORIGIN: 103 -> TARGET: 103 (EXPLORER) | INTENT: INJECT_VFS_DATA | QUEUE: 2 ед.
[SMO_CLOCK_AUDIT] TX #22 | ORIGIN: 102 -> TARGET: 108 (LOGGER) | INTENT: ADD_LOG_ENTRY | QUEUE: 6 ед.
[SMO_CLOCK_AUDIT] TX #36 | ORIGIN: 102 -> TARGET: 14 (SYSTEM_VSCROLLBAR) | INTENT: SYNC_SCROLLBAR_METRICS | QUEUE: 4 ед.
[SMO_CLOCK_AUDIT] TX #3 | ORIGIN: 0 -> TARGET: 0 (ROOT_UNIT) | INTENT: init | QUEUE: 1 ед.
[SMO_CLOCK_AUDIT] TX #1 | ORIGIN: 0 -> TARGET: 9 (RESIZE_UNIT) | INTENT: TRIGGER_RESIZE | QUEUE: 1 ед.
[SMO_CLOCK_AUDIT] TX #2 | ORIGIN: 0 -> TARGET: 11 (LOADER_UNIT) | INTENT: BOOT_LAYOUT_TREE | QUEUE: 1 ед.
[LOAD_SEQUENCE] Найдено прикладных slots для гидратации: 9
[PAC_TRIAD_READY] Успешный IoC-монтаж бизнес-панели | Слот: 101
[IO_IMPORT_CRASH] ФАТАЛЬНЫЙ СБОЙ ЗАГРУЗКИ СЛОТА 104 | Ошибка: Cannot find module 'C:\slotcmp\III\src\modules\fnbar\bus.js' imported from C:\slotcmp\III\src\modules\fnbar\fnbar_view.js
[IO_IMPORT_CRASH] ФАТАЛЬНЫЙ СБОЙ ЗАГРУЗКИ СЛОТА 104 | Ошибка: Cannot find module 'C:\slotcmp\III\src\modules\fnbar\bus.js' imported from C:\slotcmp\III\src\modules\fnbar\fnbar_view.js
[PAC_TRIAD_READY] Успешный IoC-монтаж бизнес-панели | Слот: 102
[PAC_TRIAD_READY] Успешный IoC-монтаж бизнес-панели | Слот: 103
[PAC_TRIAD_READY] Успешный IoC-монтаж бизнес-панели | Слот: 106
[PAC_TRIAD_READY] Успешный IoC-монтаж бизнес-панели | Слот: 105
[PAC_TRIAD_READY] Успешный IoC-монтаж бизнес-панели | Слот: 108
[PAC_TRIAD_READY] Успешный IoC-монтаж бизнес-панели | Слот: 100
[LOAD_SEQUENCE] Все бизнес-слоты успешно гидратированы в шину.
[SMO_CLOCK_AUDIT] TX #5 | ORIGIN: 11 -> TARGET: 0 (ROOT_UNIT) | INTENT: SYNCHRONIZE_DYNAMIC_SLOT | QUEUE: 8 ед.
[KERNEL_CLOCK] Финализация загрузки модулей. Считывание путей вкладок.
[SMO_CLOCK_AUDIT] TX #16 | ORIGIN: 0 -> TARGET: 9 (RESIZE_UNIT) | INTENT: FORCE_RECALCULATE_LAYOUT | QUEUE: 1 ед.
[SMO_CLOCK_AUDIT] TX #13 | ORIGIN: 0 -> TARGET: 12 (SYSTEM_TAB_MENU) | INTENT: REGISTRATION_TAB_SPACE | QUEUE: 3 ед.
[SMO_CLOCK_AUDIT] TX #17 | ORIGIN: 0 -> TARGET: 14 (SYSTEM_VSCROLLBAR) | INTENT: SYNC_SCROLLBAR_METRICS | QUEUE: 1 ед.
[SMO_CLOCK_AUDIT] TX #21 | ORIGIN: 102 -> TARGET: 102 (EXPLORER) | INTENT: INJECT_VFS_DATA | QUEUE: 2 ед.
[SMO_CLOCK_AUDIT] TX #23 | ORIGIN: 103 -> TARGET: 103 (EXPLORER) | INTENT: INJECT_VFS_DATA | QUEUE: 2 ед.
[SMO_CLOCK_AUDIT] TX #20 | ORIGIN: 102 -> TARGET: 108 (LOGGER) | INTENT: ADD_LOG_ENTRY | QUEUE: 4 ед.
[SMO_CLOCK_AUDIT] TX #28 | ORIGIN: 102 -> TARGET: 14 (SYSTEM_VSCROLLBAR) | INTENT: SYNC_SCROLLBAR_METRICS | QUEUE: 4 ед.
[SMO_CLOCK_AUDIT] TX #40 | ORIGIN: 9 -> TARGET: 9 (RESIZE_UNIT) | INTENT: INJECT_GEO_MAP | QUEUE: 2 ед.
[19:29:08 Msk] [СМО_LAYOUT] Геометрия TUI пересчитана воркером: W=191 знакомест | H=30 строк
[19:29:08 Msk] [СМО_LAYOUT] Геометрия TUI пересчитана воркером: W=191 знакомест | H=30 строк
[SMO_CLOCK_AUDIT] TX #42 | ORIGIN: 0 -> TARGET: 108 (LOGGER) | INTENT: ADD_LOG_ENTRY | QUEUE: 2 ед.
[SMO_CLOCK_AUDIT] TX #3 | ORIGIN: 0 -> TARGET: 0 (ROOT_UNIT) | INTENT: init | QUEUE: 1 ед.
[SMO_CLOCK_AUDIT] TX #1 | ORIGIN: 0 -> TARGET: 9 (RESIZE_UNIT) | INTENT: TRIGGER_RESIZE | QUEUE: 1 ед.
[SMO_CLOCK_AUDIT] TX #2 | ORIGIN: 0 -> TARGET: 11 (LOADER_UNIT) | INTENT: BOOT_LAYOUT_TREE | QUEUE: 1 ед.
[LOAD_SEQUENCE] Найдено прикладных slots для гидратации: 9
[PAC_TRIAD_READY] Успешный IoC-монтаж бизнес-панели | Слот: 101
[IO_IMPORT_CRASH] ФАТАЛЬНЫЙ СБОЙ ЗАГРУЗКИ СЛОТА 104 | Ошибка: Cannot find module 'C:\slotcmp\III\src\modules\fnbar\bus.js' imported from C:\slotcmp\III\src\modules\fnbar\fnbar_view.js
[IO_IMPORT_CRASH] ФАТАЛЬНЫЙ СБОЙ ЗАГРУЗКИ СЛОТА 104 | Ошибка: Cannot find module 'C:\slotcmp\III\src\modules\fnbar\bus.js' imported from C:\slotcmp\III\src\modules\fnbar\fnbar_view.js
[PAC_TRIAD_READY] Успешный IoC-монтаж бизнес-панели | Слот: 102
[PAC_TRIAD_READY] Успешный IoC-монтаж бизнес-панели | Слот: 103
[PAC_TRIAD_READY] Успешный IoC-монтаж бизнес-панели | Слот: 106
[PAC_TRIAD_READY] Успешный IoC-монтаж бизнес-панели | Слот: 105
[PAC_TRIAD_READY] Успешный IoC-монтаж бизнес-панели | Слот: 108
[PAC_TRIAD_READY] Успешный IoC-монтаж бизнес-панели | Слот: 100
[LOAD_SEQUENCE] Все бизнес-слоты успешно гидратированы в шину.
[SMO_CLOCK_AUDIT] TX #5 | ORIGIN: 11 -> TARGET: 0 (ROOT_UNIT) | INTENT: SYNCHRONIZE_DYNAMIC_SLOT | QUEUE: 8 ед.
[KERNEL_CLOCK] Финализация загрузки модулей. Считывание путей вкладок.
[SMO_CLOCK_AUDIT] TX #16 | ORIGIN: 0 -> TARGET: 9 (RESIZE_UNIT) | INTENT: FORCE_RECALCULATE_LAYOUT | QUEUE: 1 ед.
[SMO_CLOCK_AUDIT] TX #13 | ORIGIN: 0 -> TARGET: 12 (SYSTEM_TAB_MENU) | INTENT: REGISTRATION_TAB_SPACE | QUEUE: 3 ед.
[SMO_CLOCK_AUDIT] TX #17 | ORIGIN: 0 -> TARGET: 14 (SYSTEM_VSCROLLBAR) | INTENT: SYNC_SCROLLBAR_METRICS | QUEUE: 1 ед.
[SMO_CLOCK_AUDIT] TX #22 | ORIGIN: 9 -> TARGET: 9 (RESIZE_UNIT) | INTENT: INJECT_GEO_MAP | QUEUE: 2 ед.
[19:29:26 Msk] [СМО_LAYOUT] Геометрия TUI пересчитана воркером: W=191 знакомест | H=30 строк
[19:29:26 Msk] [СМО_LAYOUT] Геометрия TUI пересчитана воркером: W=191 знакомест | H=30 строк
[SMO_CLOCK_AUDIT] TX #25 | ORIGIN: 102 -> TARGET: 102 (EXPLORER) | INTENT: INJECT_VFS_DATA | QUEUE: 2 ед.
[SMO_CLOCK_AUDIT] TX #27 | ORIGIN: 103 -> TARGET: 103 (EXPLORER) | INTENT: INJECT_VFS_DATA | QUEUE: 2 ед.
[SMO_CLOCK_AUDIT] TX #24 | ORIGIN: 102 -> TARGET: 108 (LOGGER) | INTENT: ADD_LOG_ENTRY | QUEUE: 6 ед.
[SMO_CLOCK_AUDIT] TX #36 | ORIGIN: 102 -> TARGET: 14 (SYSTEM_VSCROLLBAR) | INTENT: SYNC_SCROLLBAR_METRICS | QUEUE: 4 ед.
[SMO_CLOCK_AUDIT] TX #3 | ORIGIN: 0 -> TARGET: 0 (ROOT_UNIT) | INTENT: init | QUEUE: 1 ед.
[SMO_CLOCK_AUDIT] TX #1 | ORIGIN: 0 -> TARGET: 9 (RESIZE_UNIT) | INTENT: TRIGGER_RESIZE | QUEUE: 1 ед.
[SMO_CLOCK_AUDIT] TX #2 | ORIGIN: 0 -> TARGET: 11 (LOADER_UNIT) | INTENT: BOOT_LAYOUT_TREE | QUEUE: 1 ед.
[LOAD_SEQUENCE] Найдено прикладных slots для гидратации: 9
[PAC_TRIAD_READY] Успешный IoC-монтаж бизнес-панели | Слот: 101
[IO_IMPORT_CRASH] ФАТАЛЬНЫЙ СБОЙ ЗАГРУЗКИ СЛОТА 104 | Ошибка: Cannot find module 'C:\slotcmp\III\src\modules\fnbar\bus.js' imported from C:\slotcmp\III\src\modules\fnbar\fnbar_view.js
[IO_IMPORT_CRASH] ФАТАЛЬНЫЙ СБОЙ ЗАГРУЗКИ СЛОТА 104 | Ошибка: Cannot find module 'C:\slotcmp\III\src\modules\fnbar\bus.js' imported from C:\slotcmp\III\src\modules\fnbar\fnbar_view.js
[PAC_TRIAD_READY] Успешный IoC-монтаж бизнес-панели | Слот: 102
[PAC_TRIAD_READY] Успешный IoC-монтаж бизнес-панели | Слот: 103
[PAC_TRIAD_READY] Успешный IoC-монтаж бизнес-панели | Слот: 106
[PAC_TRIAD_READY] Успешный IoC-монтаж бизнес-панели | Слот: 105
[PAC_TRIAD_READY] Успешный IoC-монтаж бизнес-панели | Слот: 108
[PAC_TRIAD_READY] Успешный IoC-монтаж бизнес-панели | Слот: 100
[LOAD_SEQUENCE] Все бизнес-слоты успешно гидратированы в шину.
[SMO_CLOCK_AUDIT] TX #5 | ORIGIN: 11 -> TARGET: 0 (ROOT_UNIT) | INTENT: SYNCHRONIZE_DYNAMIC_SLOT | QUEUE: 8 ед.
[KERNEL_CLOCK] Финализация загрузки модулей. Считывание путей вкладок.
[SMO_CLOCK_AUDIT] TX #16 | ORIGIN: 0 -> TARGET: 9 (RESIZE_UNIT) | INTENT: FORCE_RECALCULATE_LAYOUT | QUEUE: 1 ед.
[SMO_CLOCK_AUDIT] TX #13 | ORIGIN: 0 -> TARGET: 12 (SYSTEM_TAB_MENU) | INTENT: REGISTRATION_TAB_SPACE | QUEUE: 3 ед.
[SMO_CLOCK_AUDIT] TX #17 | ORIGIN: 0 -> TARGET: 14 (SYSTEM_VSCROLLBAR) | INTENT: SYNC_SCROLLBAR_METRICS | QUEUE: 1 ед.
[SMO_CLOCK_AUDIT] TX #30 | ORIGIN: 9 -> TARGET: 9 (RESIZE_UNIT) | INTENT: INJECT_GEO_MAP | QUEUE: 2 ед.
[19:30:07 Msk] [СМО_LAYOUT] Геометрия TUI пересчитана воркером: W=191 знакомест | H=30 строк
[19:30:07 Msk] [СМО_LAYOUT] Геометрия TUI пересчитана воркером: W=191 знакомест | H=30 строк
[SMO_CLOCK_AUDIT] TX #23 | ORIGIN: 102 -> TARGET: 102 (EXPLORER) | INTENT: INJECT_VFS_DATA | QUEUE: 2 ед.
[SMO_CLOCK_AUDIT] TX #25 | ORIGIN: 103 -> TARGET: 103 (EXPLORER) | INTENT: INJECT_VFS_DATA | QUEUE: 2 ед.
[SMO_CLOCK_AUDIT] TX #22 | ORIGIN: 102 -> TARGET: 108 (LOGGER) | INTENT: ADD_LOG_ENTRY | QUEUE: 6 ед.
[SMO_CLOCK_AUDIT] TX #36 | ORIGIN: 102 -> TARGET: 14 (SYSTEM_VSCROLLBAR) | INTENT: SYNC_SCROLLBAR_METRICS | QUEUE: 4 ед.
[SMO_CLOCK_AUDIT] TX #3 | ORIGIN: 0 -> TARGET: 0 (ROOT_UNIT) | INTENT: init | QUEUE: 1 ед.
[SMO_CLOCK_AUDIT] TX #1 | ORIGIN: 0 -> TARGET: 9 (RESIZE_UNIT) | INTENT: TRIGGER_RESIZE | QUEUE: 1 ед.
[SMO_CLOCK_AUDIT] TX #2 | ORIGIN: 0 -> TARGET: 11 (LOADER_UNIT) | INTENT: BOOT_LAYOUT_TREE | QUEUE: 1 ед.
[LOAD_SEQUENCE] Найдено прикладных slots для гидратации: 9
[PAC_TRIAD_READY] Успешный IoC-монтаж бизнес-панели | Слот: 101
[IO_IMPORT_CRASH] ФАТАЛЬНЫЙ СБОЙ ЗАГРУЗКИ СЛОТА 104 | Ошибка: Cannot find module 'C:\slotcmp\III\src\modules\fnbar\bus.js' imported from C:\slotcmp\III\src\modules\fnbar\fnbar_view.js
[IO_IMPORT_CRASH] ФАТАЛЬНЫЙ СБОЙ ЗАГРУЗКИ СЛОТА 104 | Ошибка: Cannot find module 'C:\slotcmp\III\src\modules\fnbar\bus.js' imported from C:\slotcmp\III\src\modules\fnbar\fnbar_view.js
[PAC_TRIAD_READY] Успешный IoC-монтаж бизнес-панели | Слот: 102
[PAC_TRIAD_READY] Успешный IoC-монтаж бизнес-панели | Слот: 103
[PAC_TRIAD_READY] Успешный IoC-монтаж бизнес-панели | Слот: 106
[PAC_TRIAD_READY] Успешный IoC-монтаж бизнес-панели | Слот: 105
[PAC_TRIAD_READY] Успешный IoC-монтаж бизнес-панели | Слот: 108
[PAC_TRIAD_READY] Успешный IoC-монтаж бизнес-панели | Слот: 100
[LOAD_SEQUENCE] Все бизнес-слоты успешно гидратированы в шину.
[SMO_CLOCK_AUDIT] TX #5 | ORIGIN: 11 -> TARGET: 0 (ROOT_UNIT) | INTENT: SYNCHRONIZE_DYNAMIC_SLOT | QUEUE: 8 ед.
[KERNEL_CLOCK] Финализация загрузки модулей. Считывание путей вкладок.
[SMO_CLOCK_AUDIT] TX #16 | ORIGIN: 0 -> TARGET: 9 (RESIZE_UNIT) | INTENT: FORCE_RECALCULATE_LAYOUT | QUEUE: 1 ед.
[SMO_CLOCK_AUDIT] TX #13 | ORIGIN: 0 -> TARGET: 12 (SYSTEM_TAB_MENU) | INTENT: REGISTRATION_TAB_SPACE | QUEUE: 3 ед.
[SMO_CLOCK_AUDIT] TX #17 | ORIGIN: 0 -> TARGET: 14 (SYSTEM_VSCROLLBAR) | INTENT: SYNC_SCROLLBAR_METRICS | QUEUE: 1 ед.
[SMO_CLOCK_AUDIT] TX #21 | ORIGIN: 102 -> TARGET: 102 (EXPLORER) | INTENT: INJECT_VFS_DATA | QUEUE: 2 ед.
[SMO_CLOCK_AUDIT] TX #23 | ORIGIN: 103 -> TARGET: 103 (EXPLORER) | INTENT: INJECT_VFS_DATA | QUEUE: 2 ед.
[SMO_CLOCK_AUDIT] TX #20 | ORIGIN: 102 -> TARGET: 108 (LOGGER) | INTENT: ADD_LOG_ENTRY | QUEUE: 4 ед.
[SMO_CLOCK_AUDIT] TX #28 | ORIGIN: 102 -> TARGET: 14 (SYSTEM_VSCROLLBAR) | INTENT: SYNC_SCROLLBAR_METRICS | QUEUE: 4 ед.
[SMO_CLOCK_AUDIT] TX #40 | ORIGIN: 9 -> TARGET: 9 (RESIZE_UNIT) | INTENT: INJECT_GEO_MAP | QUEUE: 2 ед.
[19:33:19 Msk] [СМО_LAYOUT] Геометрия TUI пересчитана воркером: W=191 знакомест | H=30 строк
[19:33:19 Msk] [СМО_LAYOUT] Геометрия TUI пересчитана воркером: W=191 знакомест | H=30 строк
[SMO_CLOCK_AUDIT] TX #42 | ORIGIN: 0 -> TARGET: 108 (LOGGER) | INTENT: ADD_LOG_ENTRY | QUEUE: 2 ед.
[SMO_CLOCK_AUDIT] TX #159 | ORIGIN: 10 -> TARGET: 105 (COMMAND) | INTENT: MOUSE_CLICK | QUEUE: 1 ед.
[SMO_CLOCK_AUDIT] TX #182 | ORIGIN: 10 -> TARGET: 9 (RESIZE_UNIT) | INTENT: RESIZE_SLOT_GEOMETRY | QUEUE: 1 ед.
[SMO_CLOCK_AUDIT] TX #184 | ORIGIN: 10 -> TARGET: 9 (RESIZE_UNIT) | INTENT: RESIZE_SLOT_GEOMETRY | QUEUE: 1 ед.
[SMO_CLOCK_AUDIT] TX #3 | ORIGIN: 0 -> TARGET: 0 (ROOT_UNIT) | INTENT: init | QUEUE: 1 ед.
[SMO_CLOCK_AUDIT] TX #1 | ORIGIN: 0 -> TARGET: 9 (RESIZE_UNIT) | INTENT: TRIGGER_RESIZE | QUEUE: 1 ед.
[SMO_CLOCK_AUDIT] TX #2 | ORIGIN: 0 -> TARGET: 11 (LOADER_UNIT) | INTENT: BOOT_LAYOUT_TREE | QUEUE: 1 ед.
[LOAD_SEQUENCE] Найдено прикладных slots для гидратации: 9
[PAC_TRIAD_READY] Успешный IoC-монтаж бизнес-панели | Слот: 101
[IO_IMPORT_CRASH] ФАТАЛЬНЫЙ СБОЙ ЗАГРУЗКИ СЛОТА 104 | Ошибка: Cannot find module 'C:\slotcmp\III\src\modules\fnbar\bus.js' imported from C:\slotcmp\III\src\modules\fnbar\fnbar_view.js
[IO_IMPORT_CRASH] ФАТАЛЬНЫЙ СБОЙ ЗАГРУЗКИ СЛОТА 104 | Ошибка: Cannot find module 'C:\slotcmp\III\src\modules\fnbar\bus.js' imported from C:\slotcmp\III\src\modules\fnbar\fnbar_view.js
[PAC_TRIAD_READY] Успешный IoC-монтаж бизнес-панели | Слот: 102
[PAC_TRIAD_READY] Успешный IoC-монтаж бизнес-панели | Слот: 103
[PAC_TRIAD_READY] Успешный IoC-монтаж бизнес-панели | Слот: 106
[PAC_TRIAD_READY] Успешный IoC-монтаж бизнес-панели | Слот: 105
[PAC_TRIAD_READY] Успешный IoC-монтаж бизнес-панели | Слот: 108
[PAC_TRIAD_READY] Успешный IoC-монтаж бизнес-панели | Слот: 100
[LOAD_SEQUENCE] Все бизнес-слоты успешно гидратированы в шину.
[SMO_CLOCK_AUDIT] TX #5 | ORIGIN: 11 -> TARGET: 0 (ROOT_UNIT) | INTENT: SYNCHRONIZE_DYNAMIC_SLOT | QUEUE: 8 ед.
[KERNEL_CLOCK] Финализация загрузки модулей. Считывание путей вкладок.
[SMO_CLOCK_AUDIT] TX #16 | ORIGIN: 0 -> TARGET: 9 (RESIZE_UNIT) | INTENT: FORCE_RECALCULATE_LAYOUT | QUEUE: 1 ед.
[SMO_CLOCK_AUDIT] TX #13 | ORIGIN: 0 -> TARGET: 12 (SYSTEM_TAB_MENU) | INTENT: REGISTRATION_TAB_SPACE | QUEUE: 3 ед.
[SMO_CLOCK_AUDIT] TX #17 | ORIGIN: 0 -> TARGET: 14 (SYSTEM_VSCROLLBAR) | INTENT: SYNC_SCROLLBAR_METRICS | QUEUE: 1 ед.
[SMO_CLOCK_AUDIT] TX #22 | ORIGIN: 9 -> TARGET: 9 (RESIZE_UNIT) | INTENT: INJECT_GEO_MAP | QUEUE: 2 ед.
[19:34:09 Msk] [СМО_LAYOUT] Геометрия TUI пересчитана воркером: W=191 знакомест | H=30 строк
[19:34:09 Msk] [СМО_LAYOUT] Геометрия TUI пересчитана воркером: W=191 знакомест | H=30 строк
[SMO_CLOCK_AUDIT] TX #25 | ORIGIN: 102 -> TARGET: 102 (EXPLORER) | INTENT: INJECT_VFS_DATA | QUEUE: 2 ед.
[SMO_CLOCK_AUDIT] TX #27 | ORIGIN: 103 -> TARGET: 103 (EXPLORER) | INTENT: INJECT_VFS_DATA | QUEUE: 2 ед.
[SMO_CLOCK_AUDIT] TX #24 | ORIGIN: 102 -> TARGET: 108 (LOGGER) | INTENT: ADD_LOG_ENTRY | QUEUE: 6 ед.
[SMO_CLOCK_AUDIT] TX #36 | ORIGIN: 102 -> TARGET: 14 (SYSTEM_VSCROLLBAR) | INTENT: SYNC_SCROLLBAR_METRICS | QUEUE: 4 ед.
[SMO_CLOCK_AUDIT] TX #3 | ORIGIN: 0 -> TARGET: 0 (ROOT_UNIT) | INTENT: init | QUEUE: 1 ед.
[SMO_CLOCK_AUDIT] TX #1 | ORIGIN: 0 -> TARGET: 9 (RESIZE_UNIT) | INTENT: TRIGGER_RESIZE | QUEUE: 1 ед.
[SMO_CLOCK_AUDIT] TX #2 | ORIGIN: 0 -> TARGET: 11 (LOADER_UNIT) | INTENT: BOOT_LAYOUT_TREE | QUEUE: 1 ед.
[LOAD_SEQUENCE] Найдено прикладных slots для гидратации: 9
[PAC_TRIAD_READY] Успешный IoC-монтаж бизнес-панели | Слот: 101
[IO_IMPORT_CRASH] ФАТАЛЬНЫЙ СБОЙ ЗАГРУЗКИ СЛОТА 104 | Ошибка: Cannot find module 'C:\slotcmp\III\src\modules\fnbar\bus.js' imported from C:\slotcmp\III\src\modules\fnbar\fnbar_view.js
[IO_IMPORT_CRASH] ФАТАЛЬНЫЙ СБОЙ ЗАГРУЗКИ СЛОТА 104 | Ошибка: Cannot find module 'C:\slotcmp\III\src\modules\fnbar\bus.js' imported from C:\slotcmp\III\src\modules\fnbar\fnbar_view.js
[PAC_TRIAD_READY] Успешный IoC-монтаж бизнес-панели | Слот: 102
[PAC_TRIAD_READY] Успешный IoC-монтаж бизнес-панели | Слот: 103
[PAC_TRIAD_READY] Успешный IoC-монтаж бизнес-панели | Слот: 106
[PAC_TRIAD_READY] Успешный IoC-монтаж бизнес-панели | Слот: 105
[PAC_TRIAD_READY] Успешный IoC-монтаж бизнес-панели | Слот: 108
[PAC_TRIAD_READY] Успешный IoC-монтаж бизнес-панели | Слот: 100
[LOAD_SEQUENCE] Все бизнес-слоты успешно гидратированы в шину.
[SMO_CLOCK_AUDIT] TX #5 | ORIGIN: 11 -> TARGET: 0 (ROOT_UNIT) | INTENT: SYNCHRONIZE_DYNAMIC_SLOT | QUEUE: 8 ед.
[KERNEL_CLOCK] Финализация загрузки модулей. Считывание путей вкладок.
[SMO_CLOCK_AUDIT] TX #16 | ORIGIN: 0 -> TARGET: 9 (RESIZE_UNIT) | INTENT: FORCE_RECALCULATE_LAYOUT | QUEUE: 1 ед.
[SMO_CLOCK_AUDIT] TX #13 | ORIGIN: 0 -> TARGET: 12 (SYSTEM_TAB_MENU) | INTENT: REGISTRATION_TAB_SPACE | QUEUE: 3 ед.
[SMO_CLOCK_AUDIT] TX #17 | ORIGIN: 0 -> TARGET: 14 (SYSTEM_VSCROLLBAR) | INTENT: SYNC_SCROLLBAR_METRICS | QUEUE: 1 ед.
[SMO_CLOCK_AUDIT] TX #30 | ORIGIN: 9 -> TARGET: 9 (RESIZE_UNIT) | INTENT: INJECT_GEO_MAP | QUEUE: 2 ед.
[19:37:41 Msk] [СМО_LAYOUT] Геометрия TUI пересчитана воркером: W=191 знакомест | H=30 строк
[19:37:41 Msk] [СМО_LAYOUT] Геометрия TUI пересчитана воркером: W=191 знакомест | H=30 строк
[SMO_CLOCK_AUDIT] TX #23 | ORIGIN: 102 -> TARGET: 102 (EXPLORER) | INTENT: INJECT_VFS_DATA | QUEUE: 2 ед.
[SMO_CLOCK_AUDIT] TX #25 | ORIGIN: 103 -> TARGET: 103 (EXPLORER) | INTENT: INJECT_VFS_DATA | QUEUE: 2 ед.
[SMO_CLOCK_AUDIT] TX #22 | ORIGIN: 102 -> TARGET: 108 (LOGGER) | INTENT: ADD_LOG_ENTRY | QUEUE: 6 ед.
[SMO_CLOCK_AUDIT] TX #36 | ORIGIN: 102 -> TARGET: 14 (SYSTEM_VSCROLLBAR) | INTENT: SYNC_SCROLLBAR_METRICS | QUEUE: 4 ед.
[SMO_CLOCK_AUDIT] TX #3 | ORIGIN: 0 -> TARGET: 0 (ROOT_UNIT) | INTENT: init | QUEUE: 1 ед.
[SMO_CLOCK_AUDIT] TX #1 | ORIGIN: 0 -> TARGET: 9 (RESIZE_UNIT) | INTENT: TRIGGER_RESIZE | QUEUE: 1 ед.
[SMO_CLOCK_AUDIT] TX #2 | ORIGIN: 0 -> TARGET: 11 (LOADER_UNIT) | INTENT: BOOT_LAYOUT_TREE | QUEUE: 1 ед.
[LOAD_SEQUENCE] Найдено прикладных slots для гидратации: 7
[PAC_TRIAD_READY] Успешный IoC-монтаж бизнес-панели | Слот: 101
[PAC_TRIAD_READY] Успешный IoC-монтаж бизнес-панели | Слот: 102
[PAC_TRIAD_READY] Успешный IoC-монтаж бизнес-панели | Слот: 103
[PAC_TRIAD_READY] Успешный IoC-монтаж бизнес-панели | Слот: 106
[PAC_TRIAD_READY] Успешный IoC-монтаж бизнес-панели | Слот: 105
[PAC_TRIAD_READY] Успешный IoC-монтаж бизнес-панели | Слот: 108
[PAC_TRIAD_READY] Успешный IoC-монтаж бизнес-панели | Слот: 100
[LOAD_SEQUENCE] Все бизнес-слоты успешно гидратированы в шину.
[SMO_CLOCK_AUDIT] TX #5 | ORIGIN: 11 -> TARGET: 0 (ROOT_UNIT) | INTENT: SYNCHRONIZE_DYNAMIC_SLOT | QUEUE: 8 ед.
[KERNEL_CLOCK] Финализация загрузки модулей. Считывание путей вкладок.
[SMO_CLOCK_AUDIT] TX #16 | ORIGIN: 0 -> TARGET: 9 (RESIZE_UNIT) | INTENT: FORCE_RECALCULATE_LAYOUT | QUEUE: 1 ед.
[SMO_CLOCK_AUDIT] TX #13 | ORIGIN: 0 -> TARGET: 12 (SYSTEM_TAB_MENU) | INTENT: REGISTRATION_TAB_SPACE | QUEUE: 3 ед.
[SMO_CLOCK_AUDIT] TX #17 | ORIGIN: 0 -> TARGET: 14 (SYSTEM_VSCROLLBAR) | INTENT: SYNC_SCROLLBAR_METRICS | QUEUE: 1 ед.
[SMO_CLOCK_AUDIT] TX #30 | ORIGIN: 9 -> TARGET: 9 (RESIZE_UNIT) | INTENT: INJECT_GEO_MAP | QUEUE: 2 ед.
[19:38:20 Msk] [СМО_LAYOUT] Геометрия TUI пересчитана воркером: W=191 знакомест | H=30 строк
[19:38:20 Msk] [СМО_LAYOUT] Геометрия TUI пересчитана воркером: W=191 знакомест | H=30 строк
[SMO_CLOCK_AUDIT] TX #23 | ORIGIN: 102 -> TARGET: 102 (EXPLORER) | INTENT: INJECT_VFS_DATA | QUEUE: 2 ед.
[SMO_CLOCK_AUDIT] TX #25 | ORIGIN: 103 -> TARGET: 103 (EXPLORER) | INTENT: INJECT_VFS_DATA | QUEUE: 2 ед.
[SMO_CLOCK_AUDIT] TX #22 | ORIGIN: 102 -> TARGET: 108 (LOGGER) | INTENT: ADD_LOG_ENTRY | QUEUE: 6 ед.
[SMO_CLOCK_AUDIT] TX #36 | ORIGIN: 102 -> TARGET: 14 (SYSTEM_VSCROLLBAR) | INTENT: SYNC_SCROLLBAR_METRICS | QUEUE: 4 ед.
[SMO_CLOCK_AUDIT] TX #3 | ORIGIN: 0 -> TARGET: 0 (ROOT_UNIT) | INTENT: init | QUEUE: 1 ед.
[SMO_CLOCK_AUDIT] TX #1 | ORIGIN: 0 -> TARGET: 9 (RESIZE_UNIT) | INTENT: TRIGGER_RESIZE | QUEUE: 1 ед.
[SMO_CLOCK_AUDIT] TX #2 | ORIGIN: 0 -> TARGET: 11 (LOADER_UNIT) | INTENT: BOOT_LAYOUT_TREE | QUEUE: 1 ед.
[LOAD_SEQUENCE] Найдено прикладных slots для гидратации: 7
[PAC_TRIAD_READY] Успешный IoC-монтаж бизнес-панели | Слот: 101
[PAC_TRIAD_READY] Успешный IoC-монтаж бизнес-панели | Слот: 102
[PAC_TRIAD_READY] Успешный IoC-монтаж бизнес-панели | Слот: 103
[PAC_TRIAD_READY] Успешный IoC-монтаж бизнес-панели | Слот: 106
[PAC_TRIAD_READY] Успешный IoC-монтаж бизнес-панели | Слот: 105
[PAC_TRIAD_READY] Успешный IoC-монтаж бизнес-панели | Слот: 108
[PAC_TRIAD_READY] Успешный IoC-монтаж бизнес-панели | Слот: 100
[LOAD_SEQUENCE] Все бизнес-слоты успешно гидратированы в шину.
[SMO_CLOCK_AUDIT] TX #5 | ORIGIN: 11 -> TARGET: 0 (ROOT_UNIT) | INTENT: SYNCHRONIZE_DYNAMIC_SLOT | QUEUE: 8 ед.
[KERNEL_CLOCK] Финализация загрузки модулей. Считывание путей вкладок.
[SMO_CLOCK_AUDIT] TX #16 | ORIGIN: 0 -> TARGET: 9 (RESIZE_UNIT) | INTENT: FORCE_RECALCULATE_LAYOUT | QUEUE: 1 ед.
[SMO_CLOCK_AUDIT] TX #13 | ORIGIN: 0 -> TARGET: 12 (SYSTEM_TAB_MENU) | INTENT: REGISTRATION_TAB_SPACE | QUEUE: 3 ед.
[SMO_CLOCK_AUDIT] TX #17 | ORIGIN: 0 -> TARGET: 14 (SYSTEM_VSCROLLBAR) | INTENT: SYNC_SCROLLBAR_METRICS | QUEUE: 1 ед.
[SMO_CLOCK_AUDIT] TX #22 | ORIGIN: 9 -> TARGET: 9 (RESIZE_UNIT) | INTENT: INJECT_GEO_MAP | QUEUE: 2 ед.
[19:40:19 Msk] [СМО_LAYOUT] Геометрия TUI пересчитана воркером: W=191 знакомест | H=30 строк
[19:40:19 Msk] [СМО_LAYOUT] Геометрия TUI пересчитана воркером: W=191 знакомест | H=30 строк
[SMO_CLOCK_AUDIT] TX #25 | ORIGIN: 102 -> TARGET: 102 (EXPLORER) | INTENT: INJECT_VFS_DATA | QUEUE: 2 ед.
[SMO_CLOCK_AUDIT] TX #27 | ORIGIN: 103 -> TARGET: 103 (EXPLORER) | INTENT: INJECT_VFS_DATA | QUEUE: 2 ед.
[SMO_CLOCK_AUDIT] TX #24 | ORIGIN: 102 -> TARGET: 108 (LOGGER) | INTENT: ADD_LOG_ENTRY | QUEUE: 6 ед.
[SMO_CLOCK_AUDIT] TX #36 | ORIGIN: 102 -> TARGET: 14 (SYSTEM_VSCROLLBAR) | INTENT: SYNC_SCROLLBAR_METRICS | QUEUE: 4 ед.
[SMO_CLOCK_AUDIT] TX #3 | ORIGIN: 0 -> TARGET: 0 (ROOT_UNIT) | INTENT: init | QUEUE: 1 ед.
[SMO_CLOCK_AUDIT] TX #1 | ORIGIN: 0 -> TARGET: 9 (RESIZE_UNIT) | INTENT: TRIGGER_RESIZE | QUEUE: 1 ед.
[SMO_CLOCK_AUDIT] TX #2 | ORIGIN: 0 -> TARGET: 11 (LOADER_UNIT) | INTENT: BOOT_LAYOUT_TREE | QUEUE: 1 ед.
[LOAD_SEQUENCE] Найдено прикладных slots для гидратации: 7
[PAC_TRIAD_READY] Успешный IoC-монтаж бизнес-панели | Слот: 101
[PAC_TRIAD_READY] Успешный IoC-монтаж бизнес-панели | Слот: 102
[PAC_TRIAD_READY] Успешный IoC-монтаж бизнес-панели | Слот: 103
[PAC_TRIAD_READY] Успешный IoC-монтаж бизнес-панели | Слот: 106
[PAC_TRIAD_READY] Успешный IoC-монтаж бизнес-панели | Слот: 105
[PAC_TRIAD_READY] Успешный IoC-монтаж бизнес-панели | Слот: 108
[PAC_TRIAD_READY] Успешный IoC-монтаж бизнес-панели | Слот: 100
[LOAD_SEQUENCE] Все бизнес-слоты успешно гидратированы в шину.
[SMO_CLOCK_AUDIT] TX #5 | ORIGIN: 11 -> TARGET: 0 (ROOT_UNIT) | INTENT: SYNCHRONIZE_DYNAMIC_SLOT | QUEUE: 8 ед.
[KERNEL_CLOCK] Финализация загрузки модулей. Считывание путей вкладок.
[SMO_CLOCK_AUDIT] TX #16 | ORIGIN: 0 -> TARGET: 9 (RESIZE_UNIT) | INTENT: FORCE_RECALCULATE_LAYOUT | QUEUE: 1 ед.
[SMO_CLOCK_AUDIT] TX #13 | ORIGIN: 0 -> TARGET: 12 (SYSTEM_TAB_MENU) | INTENT: REGISTRATION_TAB_SPACE | QUEUE: 3 ед.
[SMO_CLOCK_AUDIT] TX #17 | ORIGIN: 0 -> TARGET: 14 (SYSTEM_VSCROLLBAR) | INTENT: SYNC_SCROLLBAR_METRICS | QUEUE: 1 ед.
[SMO_CLOCK_AUDIT] TX #30 | ORIGIN: 9 -> TARGET: 9 (RESIZE_UNIT) | INTENT: INJECT_GEO_MAP | QUEUE: 2 ед.
[19:46:03 Msk] [СМО_LAYOUT] Геометрия TUI пересчитана воркером: W=191 знакомест | H=30 строк
[19:46:03 Msk] [СМО_LAYOUT] Геометрия TUI пересчитана воркером: W=191 знакомест | H=30 строк
[SMO_CLOCK_AUDIT] TX #23 | ORIGIN: 102 -> TARGET: 102 (EXPLORER) | INTENT: INJECT_VFS_DATA | QUEUE: 2 ед.
[SMO_CLOCK_AUDIT] TX #25 | ORIGIN: 103 -> TARGET: 103 (EXPLORER) | INTENT: INJECT_VFS_DATA | QUEUE: 2 ед.
[SMO_CLOCK_AUDIT] TX #22 | ORIGIN: 102 -> TARGET: 108 (LOGGER) | INTENT: ADD_LOG_ENTRY | QUEUE: 6 ед.
[SMO_CLOCK_AUDIT] TX #36 | ORIGIN: 102 -> TARGET: 14 (SYSTEM_VSCROLLBAR) | INTENT: SYNC_SCROLLBAR_METRICS | QUEUE: 4 ед.
[SMO_CLOCK_AUDIT] TX #3 | ORIGIN: 0 -> TARGET: 0 (ROOT_UNIT) | INTENT: init | QUEUE: 1 ед.
[SMO_CLOCK_AUDIT] TX #1 | ORIGIN: 0 -> TARGET: 9 (RESIZE_UNIT) | INTENT: TRIGGER_RESIZE | QUEUE: 1 ед.
[SMO_CLOCK_AUDIT] TX #2 | ORIGIN: 0 -> TARGET: 11 (LOADER_UNIT) | INTENT: BOOT_LAYOUT_TREE | QUEUE: 1 ед.
[LOAD_SEQUENCE] Найдено прикладных slots для гидратации: 9
[PAC_TRIAD_READY] Успешный IoC-монтаж бизнес-панели | Слот: 101
[PAC_TRIAD_READY] Успешный IoC-монтаж бизнес-панели | Слот: 104
[PAC_TRIAD_READY] Успешный IoC-монтаж бизнес-панели | Слот: 104
[PAC_TRIAD_READY] Успешный IoC-монтаж бизнес-панели | Слот: 102
[PAC_TRIAD_READY] Успешный IoC-монтаж бизнес-панели | Слот: 103
[PAC_TRIAD_READY] Успешный IoC-монтаж бизнес-панели | Слот: 106
[PAC_TRIAD_READY] Успешный IoC-монтаж бизнес-панели | Слот: 105
[PAC_TRIAD_READY] Успешный IoC-монтаж бизнес-панели | Слот: 108
[PAC_TRIAD_READY] Успешный IoC-монтаж бизнес-панели | Слот: 100
[LOAD_SEQUENCE] Все бизнес-слоты успешно гидратированы в шину.
[SMO_CLOCK_AUDIT] TX #5 | ORIGIN: 11 -> TARGET: 0 (ROOT_UNIT) | INTENT: SYNCHRONIZE_DYNAMIC_SLOT | QUEUE: 10 ед.
[KERNEL_CLOCK] Финализация загрузки модулей. Считывание путей вкладок.
[SMO_CLOCK_AUDIT] TX #18 | ORIGIN: 0 -> TARGET: 9 (RESIZE_UNIT) | INTENT: FORCE_RECALCULATE_LAYOUT | QUEUE: 1 ед.
[SMO_CLOCK_AUDIT] TX #15 | ORIGIN: 0 -> TARGET: 12 (SYSTEM_TAB_MENU) | INTENT: REGISTRATION_TAB_SPACE | QUEUE: 3 ед.
[SMO_CLOCK_AUDIT] TX #19 | ORIGIN: 0 -> TARGET: 14 (SYSTEM_VSCROLLBAR) | INTENT: SYNC_SCROLLBAR_METRICS | QUEUE: 1 ед.
[SMO_CLOCK_AUDIT] TX #30 | ORIGIN: 9 -> TARGET: 9 (RESIZE_UNIT) | INTENT: INJECT_GEO_MAP | QUEUE: 2 ед.
[19:47:18 Msk] [СМО_LAYOUT] Геометрия TUI пересчитана воркером: W=191 знакомест | H=30 строк
[19:47:18 Msk] [СМО_LAYOUT] Геометрия TUI пересчитана воркером: W=191 знакомест | H=30 строк
[SMO_CLOCK_AUDIT] TX #23 | ORIGIN: 102 -> TARGET: 102 (EXPLORER) | INTENT: INJECT_VFS_DATA | QUEUE: 2 ед.
[SMO_CLOCK_AUDIT] TX #25 | ORIGIN: 103 -> TARGET: 103 (EXPLORER) | INTENT: INJECT_VFS_DATA | QUEUE: 2 ед.
[SMO_CLOCK_AUDIT] TX #22 | ORIGIN: 102 -> TARGET: 108 (LOGGER) | INTENT: ADD_LOG_ENTRY | QUEUE: 6 ед.
[SMO_CLOCK_AUDIT] TX #36 | ORIGIN: 102 -> TARGET: 14 (SYSTEM_VSCROLLBAR) | INTENT: SYNC_SCROLLBAR_METRICS | QUEUE: 4 ед.
[SMO_CLOCK_AUDIT] TX #1116 | ORIGIN: 0 -> TARGET: 9 (RESIZE_UNIT) | INTENT: TRIGGER_RESIZE | QUEUE: 1 ед.
[SMO_CLOCK_AUDIT] TX #1120 | ORIGIN: 9 -> TARGET: 9 (RESIZE_UNIT) | INTENT: INJECT_GEO_MAP | QUEUE: 1 ед.
[19:48:07 Msk] [СМО_LAYOUT] Геометрия TUI пересчитана воркером: W=185 знакомест | H=30 строк
[SMO_CLOCK_AUDIT] TX #1121 | ORIGIN: 0 -> TARGET: 108 (LOGGER) | INTENT: ADD_LOG_ENTRY | QUEUE: 1 ед.
[SMO_CLOCK_AUDIT] TX #1125 | ORIGIN: 0 -> TARGET: 9 (RESIZE_UNIT) | INTENT: TRIGGER_RESIZE | QUEUE: 1 ед.
[SMO_CLOCK_AUDIT] TX #1127 | ORIGIN: 9 -> TARGET: 9 (RESIZE_UNIT) | INTENT: INJECT_GEO_MAP | QUEUE: 1 ед.
[19:48:07 Msk] [СМО_LAYOUT] Геометрия TUI пересчитана воркером: W=180 знакомест | H=30 строк
[SMO_CLOCK_AUDIT] TX #1128 | ORIGIN: 0 -> TARGET: 108 (LOGGER) | INTENT: ADD_LOG_ENTRY | QUEUE: 1 ед.
[SMO_CLOCK_AUDIT] TX #1132 | ORIGIN: 0 -> TARGET: 9 (RESIZE_UNIT) | INTENT: TRIGGER_RESIZE | QUEUE: 1 ед.
[SMO_CLOCK_AUDIT] TX #1134 | ORIGIN: 9 -> TARGET: 9 (RESIZE_UNIT) | INTENT: INJECT_GEO_MAP | QUEUE: 1 ед.
[19:48:07 Msk] [СМО_LAYOUT] Геометрия TUI пересчитана воркером: W=178 знакомест | H=30 строк
[SMO_CLOCK_AUDIT] TX #1135 | ORIGIN: 0 -> TARGET: 108 (LOGGER) | INTENT: ADD_LOG_ENTRY | QUEUE: 1 ед.
[SMO_CLOCK_AUDIT] TX #1139 | ORIGIN: 0 -> TARGET: 9 (RESIZE_UNIT) | INTENT: TRIGGER_RESIZE | QUEUE: 1 ед.
[SMO_CLOCK_AUDIT] TX #1141 | ORIGIN: 9 -> TARGET: 9 (RESIZE_UNIT) | INTENT: INJECT_GEO_MAP | QUEUE: 1 ед.
[19:48:07 Msk] [СМО_LAYOUT] Геометрия TUI пересчитана воркером: W=177 знакомест | H=30 строк
[SMO_CLOCK_AUDIT] TX #1142 | ORIGIN: 0 -> TARGET: 108 (LOGGER) | INTENT: ADD_LOG_ENTRY | QUEUE: 1 ед.
[SMO_CLOCK_AUDIT] TX #1148 | ORIGIN: 0 -> TARGET: 9 (RESIZE_UNIT) | INTENT: TRIGGER_RESIZE | QUEUE: 1 ед.
[SMO_CLOCK_AUDIT] TX #1150 | ORIGIN: 9 -> TARGET: 9 (RESIZE_UNIT) | INTENT: INJECT_GEO_MAP | QUEUE: 1 ед.
[19:48:07 Msk] [СМО_LAYOUT] Геометрия TUI пересчитана воркером: W=176 знакомест | H=30 строк
[SMO_CLOCK_AUDIT] TX #1151 | ORIGIN: 0 -> TARGET: 108 (LOGGER) | INTENT: ADD_LOG_ENTRY | QUEUE: 1 ед.
[SMO_CLOCK_AUDIT] TX #1155 | ORIGIN: 0 -> TARGET: 9 (RESIZE_UNIT) | INTENT: TRIGGER_RESIZE | QUEUE: 1 ед.
[SMO_CLOCK_AUDIT] TX #1157 | ORIGIN: 9 -> TARGET: 9 (RESIZE_UNIT) | INTENT: INJECT_GEO_MAP | QUEUE: 1 ед.
[19:48:07 Msk] [СМО_LAYOUT] Геометрия TUI пересчитана воркером: W=174 знакомест | H=30 строк
[SMO_CLOCK_AUDIT] TX #1158 | ORIGIN: 0 -> TARGET: 108 (LOGGER) | INTENT: ADD_LOG_ENTRY | QUEUE: 1 ед.
[SMO_CLOCK_AUDIT] TX #1164 | ORIGIN: 0 -> TARGET: 9 (RESIZE_UNIT) | INTENT: TRIGGER_RESIZE | QUEUE: 1 ед.
[SMO_CLOCK_AUDIT] TX #1166 | ORIGIN: 9 -> TARGET: 9 (RESIZE_UNIT) | INTENT: INJECT_GEO_MAP | QUEUE: 1 ед.
[19:48:07 Msk] [СМО_LAYOUT] Геометрия TUI пересчитана воркером: W=172 знакомест | H=30 строк
[SMO_CLOCK_AUDIT] TX #1167 | ORIGIN: 0 -> TARGET: 108 (LOGGER) | INTENT: ADD_LOG_ENTRY | QUEUE: 1 ед.
[SMO_CLOCK_AUDIT] TX #1171 | ORIGIN: 0 -> TARGET: 9 (RESIZE_UNIT) | INTENT: TRIGGER_RESIZE | QUEUE: 1 ед.
[SMO_CLOCK_AUDIT] TX #1173 | ORIGIN: 9 -> TARGET: 9 (RESIZE_UNIT) | INTENT: INJECT_GEO_MAP | QUEUE: 1 ед.
[19:48:08 Msk] [СМО_LAYOUT] Геометрия TUI пересчитана воркером: W=171 знакомест | H=30 строк
[SMO_CLOCK_AUDIT] TX #1174 | ORIGIN: 0 -> TARGET: 108 (LOGGER) | INTENT: ADD_LOG_ENTRY | QUEUE: 1 ед.
[SMO_CLOCK_AUDIT] TX #1199 | ORIGIN: 0 -> TARGET: 9 (RESIZE_UNIT) | INTENT: TRIGGER_RESIZE | QUEUE: 1 ед.
[SMO_CLOCK_AUDIT] TX #1201 | ORIGIN: 9 -> TARGET: 9 (RESIZE_UNIT) | INTENT: INJECT_GEO_MAP | QUEUE: 1 ед.
[19:48:09 Msk] [СМО_LAYOUT] Геометрия TUI пересчитана воркером: W=173 знакомест | H=30 строк
[SMO_CLOCK_AUDIT] TX #1202 | ORIGIN: 0 -> TARGET: 108 (LOGGER) | INTENT: ADD_LOG_ENTRY | QUEUE: 1 ед.
[SMO_CLOCK_AUDIT] TX #1209 | ORIGIN: 0 -> TARGET: 9 (RESIZE_UNIT) | INTENT: TRIGGER_RESIZE | QUEUE: 1 ед.
[SMO_CLOCK_AUDIT] TX #1211 | ORIGIN: 9 -> TARGET: 9 (RESIZE_UNIT) | INTENT: INJECT_GEO_MAP | QUEUE: 1 ед.
[19:48:09 Msk] [СМО_LAYOUT] Геометрия TUI пересчитана воркером: W=174 знакомест | H=30 строк
[SMO_CLOCK_AUDIT] TX #1212 | ORIGIN: 0 -> TARGET: 108 (LOGGER) | INTENT: ADD_LOG_ENTRY | QUEUE: 1 ед.
[SMO_CLOCK_AUDIT] TX #1216 | ORIGIN: 0 -> TARGET: 9 (RESIZE_UNIT) | INTENT: TRIGGER_RESIZE | QUEUE: 1 ед.
[SMO_CLOCK_AUDIT] TX #1218 | ORIGIN: 9 -> TARGET: 9 (RESIZE_UNIT) | INTENT: INJECT_GEO_MAP | QUEUE: 1 ед.
[19:48:09 Msk] [СМО_LAYOUT] Геометрия TUI пересчитана воркером: W=175 знакомест | H=30 строк
[SMO_CLOCK_AUDIT] TX #1219 | ORIGIN: 0 -> TARGET: 108 (LOGGER) | INTENT: ADD_LOG_ENTRY | QUEUE: 1 ед.
[SMO_CLOCK_AUDIT] TX #1223 | ORIGIN: 0 -> TARGET: 9 (RESIZE_UNIT) | INTENT: TRIGGER_RESIZE | QUEUE: 1 ед.
[SMO_CLOCK_AUDIT] TX #1227 | ORIGIN: 9 -> TARGET: 9 (RESIZE_UNIT) | INTENT: INJECT_GEO_MAP | QUEUE: 1 ед.
[19:48:09 Msk] [СМО_LAYOUT] Геометрия TUI пересчитана воркером: W=176 знакомест | H=30 строк
[SMO_CLOCK_AUDIT] TX #1228 | ORIGIN: 0 -> TARGET: 108 (LOGGER) | INTENT: ADD_LOG_ENTRY | QUEUE: 1 ед.
[SMO_CLOCK_AUDIT] TX #1232 | ORIGIN: 0 -> TARGET: 9 (RESIZE_UNIT) | INTENT: TRIGGER_RESIZE | QUEUE: 1 ед.
[SMO_CLOCK_AUDIT] TX #1234 | ORIGIN: 9 -> TARGET: 9 (RESIZE_UNIT) | INTENT: INJECT_GEO_MAP | QUEUE: 1 ед.
[19:48:09 Msk] [СМО_LAYOUT] Геометрия TUI пересчитана воркером: W=177 знакомест | H=30 строк
[SMO_CLOCK_AUDIT] TX #1235 | ORIGIN: 0 -> TARGET: 108 (LOGGER) | INTENT: ADD_LOG_ENTRY | QUEUE: 1 ед.
[SMO_CLOCK_AUDIT] TX #1239 | ORIGIN: 0 -> TARGET: 9 (RESIZE_UNIT) | INTENT: TRIGGER_RESIZE | QUEUE: 1 ед.
[SMO_CLOCK_AUDIT] TX #1241 | ORIGIN: 9 -> TARGET: 9 (RESIZE_UNIT) | INTENT: INJECT_GEO_MAP | QUEUE: 1 ед.
[19:48:09 Msk] [СМО_LAYOUT] Геометрия TUI пересчитана воркером: W=178 знакомест | H=30 строк
[SMO_CLOCK_AUDIT] TX #1242 | ORIGIN: 0 -> TARGET: 108 (LOGGER) | INTENT: ADD_LOG_ENTRY | QUEUE: 1 ед.
[SMO_CLOCK_AUDIT] TX #1253 | ORIGIN: 0 -> TARGET: 9 (RESIZE_UNIT) | INTENT: TRIGGER_RESIZE | QUEUE: 1 ед.
[SMO_CLOCK_AUDIT] TX #1255 | ORIGIN: 9 -> TARGET: 9 (RESIZE_UNIT) | INTENT: INJECT_GEO_MAP | QUEUE: 1 ед.
[19:48:09 Msk] [СМО_LAYOUT] Геометрия TUI пересчитана воркером: W=176 знакомест | H=30 строк
[SMO_CLOCK_AUDIT] TX #1256 | ORIGIN: 0 -> TARGET: 108 (LOGGER) | INTENT: ADD_LOG_ENTRY | QUEUE: 1 ед.
[SMO_CLOCK_AUDIT] TX #1262 | ORIGIN: 0 -> TARGET: 9 (RESIZE_UNIT) | INTENT: TRIGGER_RESIZE | QUEUE: 1 ед.
[SMO_CLOCK_AUDIT] TX #1264 | ORIGIN: 9 -> TARGET: 9 (RESIZE_UNIT) | INTENT: INJECT_GEO_MAP | QUEUE: 1 ед.
[19:48:09 Msk] [СМО_LAYOUT] Геометрия TUI пересчитана воркером: W=174 знакомест | H=30 строк
[SMO_CLOCK_AUDIT] TX #1265 | ORIGIN: 0 -> TARGET: 108 (LOGGER) | INTENT: ADD_LOG_ENTRY | QUEUE: 1 ед.
[SMO_CLOCK_AUDIT] TX #1269 | ORIGIN: 0 -> TARGET: 9 (RESIZE_UNIT) | INTENT: TRIGGER_RESIZE | QUEUE: 1 ед.
[SMO_CLOCK_AUDIT] TX #1271 | ORIGIN: 9 -> TARGET: 9 (RESIZE_UNIT) | INTENT: INJECT_GEO_MAP | QUEUE: 1 ед.
[19:48:09 Msk] [СМО_LAYOUT] Геометрия TUI пересчитана воркером: W=171 знакомест | H=30 строк
[SMO_CLOCK_AUDIT] TX #1272 | ORIGIN: 0 -> TARGET: 108 (LOGGER) | INTENT: ADD_LOG_ENTRY | QUEUE: 1 ед.
[SMO_CLOCK_AUDIT] TX #1276 | ORIGIN: 0 -> TARGET: 9 (RESIZE_UNIT) | INTENT: TRIGGER_RESIZE | QUEUE: 1 ед.
[SMO_CLOCK_AUDIT] TX #1278 | ORIGIN: 9 -> TARGET: 9 (RESIZE_UNIT) | INTENT: INJECT_GEO_MAP | QUEUE: 1 ед.
[19:48:09 Msk] [СМО_LAYOUT] Геометрия TUI пересчитана воркером: W=165 знакомест | H=30 строк
[SMO_CLOCK_AUDIT] TX #1279 | ORIGIN: 0 -> TARGET: 108 (LOGGER) | INTENT: ADD_LOG_ENTRY | QUEUE: 1 ед.
[SMO_CLOCK_AUDIT] TX #1283 | ORIGIN: 0 -> TARGET: 9 (RESIZE_UNIT) | INTENT: TRIGGER_RESIZE | QUEUE: 1 ед.
[SMO_CLOCK_AUDIT] TX #1285 | ORIGIN: 9 -> TARGET: 9 (RESIZE_UNIT) | INTENT: INJECT_GEO_MAP | QUEUE: 1 ед.
[19:48:09 Msk] [СМО_LAYOUT] Геометрия TUI пересчитана воркером: W=159 знакомест | H=30 строк
[SMO_CLOCK_AUDIT] TX #1286 | ORIGIN: 0 -> TARGET: 108 (LOGGER) | INTENT: ADD_LOG_ENTRY | QUEUE: 1 ед.
[SMO_CLOCK_AUDIT] TX #1293 | ORIGIN: 0 -> TARGET: 9 (RESIZE_UNIT) | INTENT: TRIGGER_RESIZE | QUEUE: 1 ед.
[SMO_CLOCK_AUDIT] TX #1295 | ORIGIN: 9 -> TARGET: 9 (RESIZE_UNIT) | INTENT: INJECT_GEO_MAP | QUEUE: 1 ед.
[19:48:09 Msk] [СМО_LAYOUT] Геометрия TUI пересчитана воркером: W=154 знакомест | H=30 строк
[SMO_CLOCK_AUDIT] TX #1296 | ORIGIN: 0 -> TARGET: 108 (LOGGER) | INTENT: ADD_LOG_ENTRY | QUEUE: 1 ед.
[SMO_CLOCK_AUDIT] TX #1300 | ORIGIN: 0 -> TARGET: 9 (RESIZE_UNIT) | INTENT: TRIGGER_RESIZE | QUEUE: 1 ед.
[SMO_CLOCK_AUDIT] TX #1302 | ORIGIN: 9 -> TARGET: 9 (RESIZE_UNIT) | INTENT: INJECT_GEO_MAP | QUEUE: 1 ед.
[19:48:09 Msk] [СМО_LAYOUT] Геометрия TUI пересчитана воркером: W=151 знакомест | H=30 строк
[SMO_CLOCK_AUDIT] TX #1303 | ORIGIN: 0 -> TARGET: 108 (LOGGER) | INTENT: ADD_LOG_ENTRY | QUEUE: 1 ед.
[SMO_CLOCK_AUDIT] TX #1307 | ORIGIN: 0 -> TARGET: 9 (RESIZE_UNIT) | INTENT: TRIGGER_RESIZE | QUEUE: 1 ед.
[SMO_CLOCK_AUDIT] TX #1309 | ORIGIN: 9 -> TARGET: 9 (RESIZE_UNIT) | INTENT: INJECT_GEO_MAP | QUEUE: 1 ед.
[19:48:09 Msk] [СМО_LAYOUT] Геометрия TUI пересчитана воркером: W=147 знакомест | H=30 строк
[SMO_CLOCK_AUDIT] TX #1310 | ORIGIN: 0 -> TARGET: 108 (LOGGER) | INTENT: ADD_LOG_ENTRY | QUEUE: 1 ед.
[SMO_CLOCK_AUDIT] TX #1316 | ORIGIN: 0 -> TARGET: 9 (RESIZE_UNIT) | INTENT: TRIGGER_RESIZE | QUEUE: 1 ед.
[SMO_CLOCK_AUDIT] TX #1318 | ORIGIN: 9 -> TARGET: 9 (RESIZE_UNIT) | INTENT: INJECT_GEO_MAP | QUEUE: 1 ед.
[19:48:09 Msk] [СМО_LAYOUT] Геометрия TUI пересчитана воркером: W=144 знакомест | H=30 строк
[SMO_CLOCK_AUDIT] TX #1319 | ORIGIN: 0 -> TARGET: 108 (LOGGER) | INTENT: ADD_LOG_ENTRY | QUEUE: 1 ед.
[SMO_CLOCK_AUDIT] TX #1323 | ORIGIN: 0 -> TARGET: 9 (RESIZE_UNIT) | INTENT: TRIGGER_RESIZE | QUEUE: 1 ед.
[SMO_CLOCK_AUDIT] TX #1325 | ORIGIN: 9 -> TARGET: 9 (RESIZE_UNIT) | INTENT: INJECT_GEO_MAP | QUEUE: 1 ед.
[19:48:09 Msk] [СМО_LAYOUT] Геометрия TUI пересчитана воркером: W=141 знакомест | H=30 строк
[SMO_CLOCK_AUDIT] TX #1326 | ORIGIN: 0 -> TARGET: 108 (LOGGER) | INTENT: ADD_LOG_ENTRY | QUEUE: 1 ед.
[SMO_CLOCK_AUDIT] TX #1330 | ORIGIN: 0 -> TARGET: 9 (RESIZE_UNIT) | INTENT: TRIGGER_RESIZE | QUEUE: 1 ед.
[SMO_CLOCK_AUDIT] TX #1332 | ORIGIN: 9 -> TARGET: 9 (RESIZE_UNIT) | INTENT: INJECT_GEO_MAP | QUEUE: 1 ед.
[19:48:09 Msk] [СМО_LAYOUT] Геометрия TUI пересчитана воркером: W=136 знакомест | H=30 строк
[SMO_CLOCK_AUDIT] TX #1333 | ORIGIN: 0 -> TARGET: 108 (LOGGER) | INTENT: ADD_LOG_ENTRY | QUEUE: 1 ед.
[SMO_CLOCK_AUDIT] TX #1339 | ORIGIN: 0 -> TARGET: 9 (RESIZE_UNIT) | INTENT: TRIGGER_RESIZE | QUEUE: 1 ед.
[SMO_CLOCK_AUDIT] TX #1341 | ORIGIN: 9 -> TARGET: 9 (RESIZE_UNIT) | INTENT: INJECT_GEO_MAP | QUEUE: 1 ед.
[19:48:09 Msk] [СМО_LAYOUT] Геометрия TUI пересчитана воркером: W=129 знакомест | H=30 строк
[SMO_CLOCK_AUDIT] TX #1342 | ORIGIN: 0 -> TARGET: 108 (LOGGER) | INTENT: ADD_LOG_ENTRY | QUEUE: 1 ед.
[SMO_CLOCK_AUDIT] TX #1346 | ORIGIN: 0 -> TARGET: 9 (RESIZE_UNIT) | INTENT: TRIGGER_RESIZE | QUEUE: 1 ед.
[SMO_CLOCK_AUDIT] TX #1348 | ORIGIN: 9 -> TARGET: 9 (RESIZE_UNIT) | INTENT: INJECT_GEO_MAP | QUEUE: 1 ед.
[19:48:09 Msk] [СМО_LAYOUT] Геометрия TUI пересчитана воркером: W=121 знакомест | H=30 строк
[SMO_CLOCK_AUDIT] TX #1349 | ORIGIN: 0 -> TARGET: 108 (LOGGER) | INTENT: ADD_LOG_ENTRY | QUEUE: 1 ед.
[SMO_CLOCK_AUDIT] TX #1353 | ORIGIN: 0 -> TARGET: 9 (RESIZE_UNIT) | INTENT: TRIGGER_RESIZE | QUEUE: 1 ед.
[SMO_CLOCK_AUDIT] TX #1355 | ORIGIN: 9 -> TARGET: 9 (RESIZE_UNIT) | INTENT: INJECT_GEO_MAP | QUEUE: 1 ед.
[19:48:09 Msk] [СМО_LAYOUT] Геометрия TUI пересчитана воркером: W=118 знакомест | H=30 строк
[SMO_CLOCK_AUDIT] TX #1356 | ORIGIN: 0 -> TARGET: 108 (LOGGER) | INTENT: ADD_LOG_ENTRY | QUEUE: 1 ед.
[SMO_CLOCK_AUDIT] TX #1362 | ORIGIN: 0 -> TARGET: 9 (RESIZE_UNIT) | INTENT: TRIGGER_RESIZE | QUEUE: 1 ед.
[SMO_CLOCK_AUDIT] TX #1364 | ORIGIN: 9 -> TARGET: 9 (RESIZE_UNIT) | INTENT: INJECT_GEO_MAP | QUEUE: 1 ед.
[19:48:10 Msk] [СМО_LAYOUT] Геометрия TUI пересчитана воркером: W=116 знакомест | H=30 строк
[SMO_CLOCK_AUDIT] TX #1365 | ORIGIN: 0 -> TARGET: 108 (LOGGER) | INTENT: ADD_LOG_ENTRY | QUEUE: 1 ед.
[SMO_CLOCK_AUDIT] TX #1369 | ORIGIN: 0 -> TARGET: 9 (RESIZE_UNIT) | INTENT: TRIGGER_RESIZE | QUEUE: 1 ед.
[SMO_CLOCK_AUDIT] TX #1371 | ORIGIN: 9 -> TARGET: 9 (RESIZE_UNIT) | INTENT: INJECT_GEO_MAP | QUEUE: 1 ед.
[19:48:10 Msk] [СМО_LAYOUT] Геометрия TUI пересчитана воркером: W=111 знакомест | H=30 строк
[SMO_CLOCK_AUDIT] TX #1372 | ORIGIN: 0 -> TARGET: 108 (LOGGER) | INTENT: ADD_LOG_ENTRY | QUEUE: 1 ед.
[SMO_CLOCK_AUDIT] TX #1376 | ORIGIN: 0 -> TARGET: 9 (RESIZE_UNIT) | INTENT: TRIGGER_RESIZE | QUEUE: 1 ед.
[SMO_CLOCK_AUDIT] TX #1378 | ORIGIN: 9 -> TARGET: 9 (RESIZE_UNIT) | INTENT: INJECT_GEO_MAP | QUEUE: 1 ед.
[19:48:10 Msk] [СМО_LAYOUT] Геометрия TUI пересчитана воркером: W=105 знакомест | H=30 строк
[SMO_CLOCK_AUDIT] TX #1379 | ORIGIN: 0 -> TARGET: 108 (LOGGER) | INTENT: ADD_LOG_ENTRY | QUEUE: 1 ед.
[SMO_CLOCK_AUDIT] TX #1385 | ORIGIN: 0 -> TARGET: 9 (RESIZE_UNIT) | INTENT: TRIGGER_RESIZE | QUEUE: 1 ед.
[SMO_CLOCK_AUDIT] TX #1387 | ORIGIN: 9 -> TARGET: 9 (RESIZE_UNIT) | INTENT: INJECT_GEO_MAP | QUEUE: 1 ед.
[19:48:10 Msk] [СМО_LAYOUT] Геометрия TUI пересчитана воркером: W=101 знакомест | H=30 строк
[SMO_CLOCK_AUDIT] TX #1388 | ORIGIN: 0 -> TARGET: 108 (LOGGER) | INTENT: ADD_LOG_ENTRY | QUEUE: 1 ед.
[SMO_CLOCK_AUDIT] TX #1392 | ORIGIN: 0 -> TARGET: 9 (RESIZE_UNIT) | INTENT: TRIGGER_RESIZE | QUEUE: 1 ед.
[SMO_CLOCK_AUDIT] TX #1394 | ORIGIN: 9 -> TARGET: 9 (RESIZE_UNIT) | INTENT: INJECT_GEO_MAP | QUEUE: 1 ед.
[19:48:10 Msk] [СМО_LAYOUT] Геометрия TUI пересчитана воркером: W=97 знакомест | H=30 строк
[SMO_CLOCK_AUDIT] TX #1395 | ORIGIN: 0 -> TARGET: 108 (LOGGER) | INTENT: ADD_LOG_ENTRY | QUEUE: 1 ед.
[SMO_CLOCK_AUDIT] TX #1399 | ORIGIN: 0 -> TARGET: 9 (RESIZE_UNIT) | INTENT: TRIGGER_RESIZE | QUEUE: 1 ед.
[SMO_CLOCK_AUDIT] TX #1401 | ORIGIN: 9 -> TARGET: 9 (RESIZE_UNIT) | INTENT: INJECT_GEO_MAP | QUEUE: 1 ед.
[19:48:10 Msk] [СМО_LAYOUT] Геометрия TUI пересчитана воркером: W=95 знакомест | H=30 строк
[SMO_CLOCK_AUDIT] TX #1402 | ORIGIN: 0 -> TARGET: 108 (LOGGER) | INTENT: ADD_LOG_ENTRY | QUEUE: 1 ед.
[SMO_CLOCK_AUDIT] TX #1425 | ORIGIN: 0 -> TARGET: 9 (RESIZE_UNIT) | INTENT: TRIGGER_RESIZE | QUEUE: 1 ед.
[SMO_CLOCK_AUDIT] TX #1427 | ORIGIN: 9 -> TARGET: 9 (RESIZE_UNIT) | INTENT: INJECT_GEO_MAP | QUEUE: 1 ед.
[19:48:11 Msk] [СМО_LAYOUT] Геометрия TUI пересчитана воркером: W=96 знакомест | H=30 строк
[SMO_CLOCK_AUDIT] TX #1428 | ORIGIN: 0 -> TARGET: 108 (LOGGER) | INTENT: ADD_LOG_ENTRY | QUEUE: 1 ед.
[SMO_CLOCK_AUDIT] TX #1432 | ORIGIN: 0 -> TARGET: 9 (RESIZE_UNIT) | INTENT: TRIGGER_RESIZE | QUEUE: 1 ед.
[SMO_CLOCK_AUDIT] TX #1434 | ORIGIN: 9 -> TARGET: 9 (RESIZE_UNIT) | INTENT: INJECT_GEO_MAP | QUEUE: 1 ед.
[19:48:11 Msk] [СМО_LAYOUT] Геометрия TUI пересчитана воркером: W=99 знакомест | H=30 строк
[SMO_CLOCK_AUDIT] TX #1435 | ORIGIN: 0 -> TARGET: 108 (LOGGER) | INTENT: ADD_LOG_ENTRY | QUEUE: 1 ед.
[SMO_CLOCK_AUDIT] TX #1439 | ORIGIN: 0 -> TARGET: 9 (RESIZE_UNIT) | INTENT: TRIGGER_RESIZE | QUEUE: 1 ед.
[SMO_CLOCK_AUDIT] TX #1441 | ORIGIN: 9 -> TARGET: 9 (RESIZE_UNIT) | INTENT: INJECT_GEO_MAP | QUEUE: 1 ед.
[19:48:11 Msk] [СМО_LAYOUT] Геометрия TUI пересчитана воркером: W=102 знакомест | H=30 строк
[SMO_CLOCK_AUDIT] TX #1442 | ORIGIN: 0 -> TARGET: 108 (LOGGER) | INTENT: ADD_LOG_ENTRY | QUEUE: 1 ед.
[SMO_CLOCK_AUDIT] TX #1448 | ORIGIN: 0 -> TARGET: 9 (RESIZE_UNIT) | INTENT: TRIGGER_RESIZE | QUEUE: 1 ед.
[SMO_CLOCK_AUDIT] TX #1450 | ORIGIN: 9 -> TARGET: 9 (RESIZE_UNIT) | INTENT: INJECT_GEO_MAP | QUEUE: 1 ед.
[19:48:11 Msk] [СМО_LAYOUT] Геометрия TUI пересчитана воркером: W=105 знакомест | H=30 строк
[SMO_CLOCK_AUDIT] TX #1451 | ORIGIN: 0 -> TARGET: 108 (LOGGER) | INTENT: ADD_LOG_ENTRY | QUEUE: 1 ед.
[SMO_CLOCK_AUDIT] TX #1455 | ORIGIN: 0 -> TARGET: 9 (RESIZE_UNIT) | INTENT: TRIGGER_RESIZE | QUEUE: 1 ед.
[SMO_CLOCK_AUDIT] TX #1457 | ORIGIN: 9 -> TARGET: 9 (RESIZE_UNIT) | INTENT: INJECT_GEO_MAP | QUEUE: 1 ед.
[19:48:11 Msk] [СМО_LAYOUT] Геометрия TUI пересчитана воркером: W=110 знакомест | H=30 строк
[SMO_CLOCK_AUDIT] TX #1458 | ORIGIN: 0 -> TARGET: 108 (LOGGER) | INTENT: ADD_LOG_ENTRY | QUEUE: 1 ед.
[SMO_CLOCK_AUDIT] TX #1462 | ORIGIN: 0 -> TARGET: 9 (RESIZE_UNIT) | INTENT: TRIGGER_RESIZE | QUEUE: 1 ед.
[SMO_CLOCK_AUDIT] TX #1464 | ORIGIN: 9 -> TARGET: 9 (RESIZE_UNIT) | INTENT: INJECT_GEO_MAP | QUEUE: 1 ед.
[19:48:11 Msk] [СМО_LAYOUT] Геометрия TUI пересчитана воркером: W=115 знакомест | H=30 строк
[SMO_CLOCK_AUDIT] TX #1465 | ORIGIN: 0 -> TARGET: 108 (LOGGER) | INTENT: ADD_LOG_ENTRY | QUEUE: 1 ед.
[SMO_CLOCK_AUDIT] TX #1471 | ORIGIN: 0 -> TARGET: 9 (RESIZE_UNIT) | INTENT: TRIGGER_RESIZE | QUEUE: 1 ед.
[SMO_CLOCK_AUDIT] TX #1473 | ORIGIN: 9 -> TARGET: 9 (RESIZE_UNIT) | INTENT: INJECT_GEO_MAP | QUEUE: 1 ед.
[19:48:11 Msk] [СМО_LAYOUT] Геометрия TUI пересчитана воркером: W=119 знакомест | H=30 строк
[SMO_CLOCK_AUDIT] TX #1474 | ORIGIN: 0 -> TARGET: 108 (LOGGER) | INTENT: ADD_LOG_ENTRY | QUEUE: 1 ед.
[SMO_CLOCK_AUDIT] TX #1478 | ORIGIN: 0 -> TARGET: 9 (RESIZE_UNIT) | INTENT: TRIGGER_RESIZE | QUEUE: 1 ед.
[SMO_CLOCK_AUDIT] TX #1480 | ORIGIN: 9 -> TARGET: 9 (RESIZE_UNIT) | INTENT: INJECT_GEO_MAP | QUEUE: 1 ед.
[19:48:11 Msk] [СМО_LAYOUT] Геометрия TUI пересчитана воркером: W=124 знакомест | H=30 строк
[SMO_CLOCK_AUDIT] TX #1481 | ORIGIN: 0 -> TARGET: 108 (LOGGER) | INTENT: ADD_LOG_ENTRY | QUEUE: 1 ед.
[SMO_CLOCK_AUDIT] TX #1485 | ORIGIN: 0 -> TARGET: 9 (RESIZE_UNIT) | INTENT: TRIGGER_RESIZE | QUEUE: 1 ед.
[SMO_CLOCK_AUDIT] TX #1487 | ORIGIN: 9 -> TARGET: 9 (RESIZE_UNIT) | INTENT: INJECT_GEO_MAP | QUEUE: 1 ед.
[19:48:11 Msk] [СМО_LAYOUT] Геометрия TUI пересчитана воркером: W=129 знакомест | H=30 строк
[SMO_CLOCK_AUDIT] TX #1488 | ORIGIN: 0 -> TARGET: 108 (LOGGER) | INTENT: ADD_LOG_ENTRY | QUEUE: 1 ед.
[SMO_CLOCK_AUDIT] TX #1495 | ORIGIN: 0 -> TARGET: 9 (RESIZE_UNIT) | INTENT: TRIGGER_RESIZE | QUEUE: 1 ед.
[SMO_CLOCK_AUDIT] TX #1497 | ORIGIN: 9 -> TARGET: 9 (RESIZE_UNIT) | INTENT: INJECT_GEO_MAP | QUEUE: 1 ед.
[19:48:11 Msk] [СМО_LAYOUT] Геометрия TUI пересчитана воркером: W=134 знакомест | H=30 строк
[SMO_CLOCK_AUDIT] TX #1498 | ORIGIN: 0 -> TARGET: 108 (LOGGER) | INTENT: ADD_LOG_ENTRY | QUEUE: 1 ед.
[SMO_CLOCK_AUDIT] TX #1502 | ORIGIN: 0 -> TARGET: 9 (RESIZE_UNIT) | INTENT: TRIGGER_RESIZE | QUEUE: 1 ед.
[SMO_CLOCK_AUDIT] TX #1504 | ORIGIN: 9 -> TARGET: 9 (RESIZE_UNIT) | INTENT: INJECT_GEO_MAP | QUEUE: 1 ед.
[19:48:11 Msk] [СМО_LAYOUT] Геометрия TUI пересчитана воркером: W=140 знакомест | H=30 строк
[SMO_CLOCK_AUDIT] TX #1505 | ORIGIN: 0 -> TARGET: 108 (LOGGER) | INTENT: ADD_LOG_ENTRY | QUEUE: 1 ед.
[SMO_CLOCK_AUDIT] TX #1509 | ORIGIN: 0 -> TARGET: 9 (RESIZE_UNIT) | INTENT: TRIGGER_RESIZE | QUEUE: 1 ед.
[SMO_CLOCK_AUDIT] TX #1511 | ORIGIN: 9 -> TARGET: 9 (RESIZE_UNIT) | INTENT: INJECT_GEO_MAP | QUEUE: 1 ед.
[19:48:11 Msk] [СМО_LAYOUT] Геометрия TUI пересчитана воркером: W=144 знакомест | H=30 строк
[SMO_CLOCK_AUDIT] TX #1512 | ORIGIN: 0 -> TARGET: 108 (LOGGER) | INTENT: ADD_LOG_ENTRY | QUEUE: 1 ед.
[SMO_CLOCK_AUDIT] TX #1518 | ORIGIN: 0 -> TARGET: 9 (RESIZE_UNIT) | INTENT: TRIGGER_RESIZE | QUEUE: 1 ед.
[SMO_CLOCK_AUDIT] TX #1520 | ORIGIN: 9 -> TARGET: 9 (RESIZE_UNIT) | INTENT: INJECT_GEO_MAP | QUEUE: 1 ед.
[19:48:11 Msk] [СМО_LAYOUT] Геометрия TUI пересчитана воркером: W=150 знакомест | H=30 строк
[SMO_CLOCK_AUDIT] TX #1521 | ORIGIN: 0 -> TARGET: 108 (LOGGER) | INTENT: ADD_LOG_ENTRY | QUEUE: 1 ед.
[SMO_CLOCK_AUDIT] TX #1525 | ORIGIN: 0 -> TARGET: 9 (RESIZE_UNIT) | INTENT: TRIGGER_RESIZE | QUEUE: 1 ед.
[SMO_CLOCK_AUDIT] TX #1527 | ORIGIN: 9 -> TARGET: 9 (RESIZE_UNIT) | INTENT: INJECT_GEO_MAP | QUEUE: 1 ед.
[19:48:11 Msk] [СМО_LAYOUT] Геометрия TUI пересчитана воркером: W=160 знакомест | H=30 строк
[SMO_CLOCK_AUDIT] TX #1528 | ORIGIN: 0 -> TARGET: 108 (LOGGER) | INTENT: ADD_LOG_ENTRY | QUEUE: 1 ед.
[SMO_CLOCK_AUDIT] TX #1532 | ORIGIN: 0 -> TARGET: 9 (RESIZE_UNIT) | INTENT: TRIGGER_RESIZE | QUEUE: 1 ед.
[SMO_CLOCK_AUDIT] TX #1534 | ORIGIN: 9 -> TARGET: 9 (RESIZE_UNIT) | INTENT: INJECT_GEO_MAP | QUEUE: 1 ед.
[19:48:11 Msk] [СМО_LAYOUT] Геометрия TUI пересчитана воркером: W=169 знакомест | H=30 строк
[SMO_CLOCK_AUDIT] TX #1535 | ORIGIN: 0 -> TARGET: 108 (LOGGER) | INTENT: ADD_LOG_ENTRY | QUEUE: 1 ед.
[SMO_CLOCK_AUDIT] TX #1541 | ORIGIN: 0 -> TARGET: 9 (RESIZE_UNIT) | INTENT: TRIGGER_RESIZE | QUEUE: 1 ед.
[SMO_CLOCK_AUDIT] TX #1543 | ORIGIN: 9 -> TARGET: 9 (RESIZE_UNIT) | INTENT: INJECT_GEO_MAP | QUEUE: 1 ед.
[19:48:11 Msk] [СМО_LAYOUT] Геометрия TUI пересчитана воркером: W=170 знакомест | H=30 строк
[SMO_CLOCK_AUDIT] TX #1544 | ORIGIN: 0 -> TARGET: 108 (LOGGER) | INTENT: ADD_LOG_ENTRY | QUEUE: 1 ед.
[SMO_CLOCK_AUDIT] TX #1551 | ORIGIN: 0 -> TARGET: 9 (RESIZE_UNIT) | INTENT: TRIGGER_RESIZE | QUEUE: 1 ед.
[SMO_CLOCK_AUDIT] TX #1553 | ORIGIN: 9 -> TARGET: 9 (RESIZE_UNIT) | INTENT: INJECT_GEO_MAP | QUEUE: 1 ед.
[19:48:11 Msk] [СМО_LAYOUT] Геометрия TUI пересчитана воркером: W=171 знакомест | H=30 строк
[SMO_CLOCK_AUDIT] TX #1554 | ORIGIN: 0 -> TARGET: 108 (LOGGER) | INTENT: ADD_LOG_ENTRY | QUEUE: 1 ед.
[SMO_CLOCK_AUDIT] TX #1558 | ORIGIN: 0 -> TARGET: 9 (RESIZE_UNIT) | INTENT: TRIGGER_RESIZE | QUEUE: 1 ед.
[SMO_CLOCK_AUDIT] TX #1560 | ORIGIN: 9 -> TARGET: 9 (RESIZE_UNIT) | INTENT: INJECT_GEO_MAP | QUEUE: 1 ед.
[19:48:11 Msk] [СМО_LAYOUT] Геометрия TUI пересчитана воркером: W=172 знакомест | H=30 строк
[SMO_CLOCK_AUDIT] TX #1561 | ORIGIN: 0 -> TARGET: 108 (LOGGER) | INTENT: ADD_LOG_ENTRY | QUEUE: 1 ед.
[SMO_CLOCK_AUDIT] TX #1565 | ORIGIN: 0 -> TARGET: 9 (RESIZE_UNIT) | INTENT: TRIGGER_RESIZE | QUEUE: 1 ед.
[SMO_CLOCK_AUDIT] TX #1567 | ORIGIN: 9 -> TARGET: 9 (RESIZE_UNIT) | INTENT: INJECT_GEO_MAP | QUEUE: 1 ед.
[19:48:11 Msk] [СМО_LAYOUT] Геометрия TUI пересчитана воркером: W=174 знакомест | H=30 строк
[SMO_CLOCK_AUDIT] TX #1568 | ORIGIN: 0 -> TARGET: 108 (LOGGER) | INTENT: ADD_LOG_ENTRY | QUEUE: 1 ед.
[SMO_CLOCK_AUDIT] TX #1574 | ORIGIN: 0 -> TARGET: 9 (RESIZE_UNIT) | INTENT: TRIGGER_RESIZE | QUEUE: 1 ед.
[SMO_CLOCK_AUDIT] TX #1576 | ORIGIN: 9 -> TARGET: 9 (RESIZE_UNIT) | INTENT: INJECT_GEO_MAP | QUEUE: 1 ед.
[19:48:11 Msk] [СМО_LAYOUT] Геометрия TUI пересчитана воркером: W=175 знакомест | H=30 строк
[SMO_CLOCK_AUDIT] TX #1577 | ORIGIN: 0 -> TARGET: 108 (LOGGER) | INTENT: ADD_LOG_ENTRY | QUEUE: 1 ед.
[SMO_CLOCK_AUDIT] TX #1581 | ORIGIN: 0 -> TARGET: 9 (RESIZE_UNIT) | INTENT: TRIGGER_RESIZE | QUEUE: 1 ед.
[SMO_CLOCK_AUDIT] TX #1583 | ORIGIN: 9 -> TARGET: 9 (RESIZE_UNIT) | INTENT: INJECT_GEO_MAP | QUEUE: 1 ед.
[19:48:11 Msk] [СМО_LAYOUT] Геометрия TUI пересчитана воркером: W=176 знакомест | H=30 строк
[SMO_CLOCK_AUDIT] TX #1584 | ORIGIN: 0 -> TARGET: 108 (LOGGER) | INTENT: ADD_LOG_ENTRY | QUEUE: 1 ед.
[SMO_CLOCK_AUDIT] TX #1590 | ORIGIN: 0 -> TARGET: 9 (RESIZE_UNIT) | INTENT: TRIGGER_RESIZE | QUEUE: 1 ед.
[SMO_CLOCK_AUDIT] TX #1592 | ORIGIN: 9 -> TARGET: 9 (RESIZE_UNIT) | INTENT: INJECT_GEO_MAP | QUEUE: 1 ед.
[19:48:11 Msk] [СМО_LAYOUT] Геометрия TUI пересчитана воркером: W=177 знакомест | H=30 строк
[SMO_CLOCK_AUDIT] TX #1593 | ORIGIN: 0 -> TARGET: 108 (LOGGER) | INTENT: ADD_LOG_ENTRY | QUEUE: 1 ед.
[SMO_CLOCK_AUDIT] TX #1597 | ORIGIN: 0 -> TARGET: 9 (RESIZE_UNIT) | INTENT: TRIGGER_RESIZE | QUEUE: 1 ед.
[SMO_CLOCK_AUDIT] TX #1599 | ORIGIN: 9 -> TARGET: 9 (RESIZE_UNIT) | INTENT: INJECT_GEO_MAP | QUEUE: 1 ед.
[19:48:11 Msk] [СМО_LAYOUT] Геометрия TUI пересчитана воркером: W=179 знакомест | H=30 строк
[SMO_CLOCK_AUDIT] TX #1600 | ORIGIN: 0 -> TARGET: 108 (LOGGER) | INTENT: ADD_LOG_ENTRY | QUEUE: 1 ед.
[SMO_CLOCK_AUDIT] TX #1607 | ORIGIN: 0 -> TARGET: 9 (RESIZE_UNIT) | INTENT: TRIGGER_RESIZE | QUEUE: 1 ед.
[SMO_CLOCK_AUDIT] TX #1609 | ORIGIN: 9 -> TARGET: 9 (RESIZE_UNIT) | INTENT: INJECT_GEO_MAP | QUEUE: 1 ед.
[19:48:11 Msk] [СМО_LAYOUT] Геометрия TUI пересчитана воркером: W=180 знакомест | H=30 строк
[SMO_CLOCK_AUDIT] TX #1610 | ORIGIN: 0 -> TARGET: 108 (LOGGER) | INTENT: ADD_LOG_ENTRY | QUEUE: 1 ед.
[SMO_CLOCK_AUDIT] TX #1614 | ORIGIN: 0 -> TARGET: 9 (RESIZE_UNIT) | INTENT: TRIGGER_RESIZE | QUEUE: 1 ед.
[SMO_CLOCK_AUDIT] TX #1616 | ORIGIN: 9 -> TARGET: 9 (RESIZE_UNIT) | INTENT: INJECT_GEO_MAP | QUEUE: 1 ед.
[19:48:12 Msk] [СМО_LAYOUT] Геометрия TUI пересчитана воркером: W=181 знакомест | H=30 строк
[SMO_CLOCK_AUDIT] TX #1617 | ORIGIN: 0 -> TARGET: 108 (LOGGER) | INTENT: ADD_LOG_ENTRY | QUEUE: 1 ед.
[SMO_CLOCK_AUDIT] TX #1621 | ORIGIN: 0 -> TARGET: 9 (RESIZE_UNIT) | INTENT: TRIGGER_RESIZE | QUEUE: 1 ед.
[SMO_CLOCK_AUDIT] TX #1623 | ORIGIN: 9 -> TARGET: 9 (RESIZE_UNIT) | INTENT: INJECT_GEO_MAP | QUEUE: 1 ед.
[19:48:12 Msk] [СМО_LAYOUT] Геометрия TUI пересчитана воркером: W=182 знакомест | H=30 строк
[SMO_CLOCK_AUDIT] TX #1624 | ORIGIN: 0 -> TARGET: 108 (LOGGER) | INTENT: ADD_LOG_ENTRY | QUEUE: 1 ед.
[SMO_CLOCK_AUDIT] TX #1632 | ORIGIN: 0 -> TARGET: 9 (RESIZE_UNIT) | INTENT: TRIGGER_RESIZE | QUEUE: 1 ед.
[SMO_CLOCK_AUDIT] TX #1634 | ORIGIN: 9 -> TARGET: 9 (RESIZE_UNIT) | INTENT: INJECT_GEO_MAP | QUEUE: 1 ед.
[19:48:12 Msk] [СМО_LAYOUT] Геометрия TUI пересчитана воркером: W=183 знакомест | H=30 строк
[SMO_CLOCK_AUDIT] TX #1635 | ORIGIN: 0 -> TARGET: 108 (LOGGER) | INTENT: ADD_LOG_ENTRY | QUEUE: 1 ед.
[SMO_CLOCK_AUDIT] TX #1642 | ORIGIN: 0 -> TARGET: 9 (RESIZE_UNIT) | INTENT: TRIGGER_RESIZE | QUEUE: 1 ед.
[SMO_CLOCK_AUDIT] TX #1644 | ORIGIN: 9 -> TARGET: 9 (RESIZE_UNIT) | INTENT: INJECT_GEO_MAP | QUEUE: 1 ед.
[19:48:12 Msk] [СМО_LAYOUT] Геометрия TUI пересчитана воркером: W=184 знакомест | H=30 строк
[SMO_CLOCK_AUDIT] TX #1645 | ORIGIN: 0 -> TARGET: 108 (LOGGER) | INTENT: ADD_LOG_ENTRY | QUEUE: 1 ед.
[SMO_CLOCK_AUDIT] TX #1653 | ORIGIN: 0 -> TARGET: 9 (RESIZE_UNIT) | INTENT: TRIGGER_RESIZE | QUEUE: 1 ед.
[SMO_CLOCK_AUDIT] TX #1655 | ORIGIN: 9 -> TARGET: 9 (RESIZE_UNIT) | INTENT: INJECT_GEO_MAP | QUEUE: 1 ед.
[19:48:12 Msk] [СМО_LAYOUT] Геометрия TUI пересчитана воркером: W=185 знакомест | H=30 строк
[SMO_CLOCK_AUDIT] TX #1656 | ORIGIN: 0 -> TARGET: 108 (LOGGER) | INTENT: ADD_LOG_ENTRY | QUEUE: 1 ед.
[SMO_CLOCK_AUDIT] TX #3 | ORIGIN: 0 -> TARGET: 0 (ROOT_UNIT) | INTENT: init | QUEUE: 1 ед.
[SMO_CLOCK_AUDIT] TX #1 | ORIGIN: 0 -> TARGET: 9 (RESIZE_UNIT) | INTENT: TRIGGER_RESIZE | QUEUE: 1 ед.
[SMO_CLOCK_AUDIT] TX #2 | ORIGIN: 0 -> TARGET: 11 (LOADER_UNIT) | INTENT: BOOT_LAYOUT_TREE | QUEUE: 1 ед.
[LOAD_SEQUENCE] Найдено прикладных slots для гидратации: 9
[PAC_TRIAD_READY] Успешный IoC-монтаж бизнес-панели | Слот: 101
[PAC_TRIAD_READY] Успешный IoC-монтаж бизнес-панели | Слот: 104
[PAC_TRIAD_READY] Успешный IoC-монтаж бизнес-панели | Слот: 104
[PAC_TRIAD_READY] Успешный IoC-монтаж бизнес-панели | Слот: 102
[PAC_TRIAD_READY] Успешный IoC-монтаж бизнес-панели | Слот: 103
[PAC_TRIAD_READY] Успешный IoC-монтаж бизнес-панели | Слот: 106
[PAC_TRIAD_READY] Успешный IoC-монтаж бизнес-панели | Слот: 105
[PAC_TRIAD_READY] Успешный IoC-монтаж бизнес-панели | Слот: 108
[PAC_TRIAD_READY] Успешный IoC-монтаж бизнес-панели | Слот: 100
[LOAD_SEQUENCE] Все бизнес-слоты успешно гидратированы в шину.
[SMO_CLOCK_AUDIT] TX #5 | ORIGIN: 11 -> TARGET: 0 (ROOT_UNIT) | INTENT: SYNCHRONIZE_DYNAMIC_SLOT | QUEUE: 10 ед.
[KERNEL_CLOCK] Финализация загрузки модулей. Считывание путей вкладок.
[SMO_CLOCK_AUDIT] TX #18 | ORIGIN: 0 -> TARGET: 9 (RESIZE_UNIT) | INTENT: FORCE_RECALCULATE_LAYOUT | QUEUE: 1 ед.
[SMO_CLOCK_AUDIT] TX #15 | ORIGIN: 0 -> TARGET: 12 (SYSTEM_TAB_MENU) | INTENT: REGISTRATION_TAB_SPACE | QUEUE: 3 ед.
[SMO_CLOCK_AUDIT] TX #19 | ORIGIN: 0 -> TARGET: 14 (SYSTEM_VSCROLLBAR) | INTENT: SYNC_SCROLLBAR_METRICS | QUEUE: 1 ед.
[SMO_CLOCK_AUDIT] TX #24 | ORIGIN: 9 -> TARGET: 9 (RESIZE_UNIT) | INTENT: INJECT_GEO_MAP | QUEUE: 2 ед.
[19:50:37 Msk] [СМО_LAYOUT] Геометрия TUI пересчитана воркером: W=185 знакомест | H=30 строк
[19:50:37 Msk] [СМО_LAYOUT] Геометрия TUI пересчитана воркером: W=185 знакомест | H=30 строк
[SMO_CLOCK_AUDIT] TX #27 | ORIGIN: 102 -> TARGET: 102 (EXPLORER) | INTENT: INJECT_VFS_DATA | QUEUE: 2 ед.
[SMO_CLOCK_AUDIT] TX #29 | ORIGIN: 103 -> TARGET: 103 (EXPLORER) | INTENT: INJECT_VFS_DATA | QUEUE: 2 ед.
[SMO_CLOCK_AUDIT] TX #26 | ORIGIN: 102 -> TARGET: 108 (LOGGER) | INTENT: ADD_LOG_ENTRY | QUEUE: 6 ед.
[SMO_CLOCK_AUDIT] TX #38 | ORIGIN: 102 -> TARGET: 14 (SYSTEM_VSCROLLBAR) | INTENT: SYNC_SCROLLBAR_METRICS | QUEUE: 4 ед.
[SMO_CLOCK_AUDIT] TX #540 | ORIGIN: 0 -> TARGET: 9 (RESIZE_UNIT) | INTENT: TRIGGER_RESIZE | QUEUE: 1 ед.
[SMO_CLOCK_AUDIT] TX #542 | ORIGIN: 9 -> TARGET: 9 (RESIZE_UNIT) | INTENT: INJECT_GEO_MAP | QUEUE: 1 ед.
[19:51:00 Msk] [СМО_LAYOUT] Геометрия TUI пересчитана воркером: W=183 знакомест | H=30 строк
[SMO_CLOCK_AUDIT] TX #543 | ORIGIN: 0 -> TARGET: 108 (LOGGER) | INTENT: ADD_LOG_ENTRY | QUEUE: 1 ед.
[SMO_CLOCK_AUDIT] TX #547 | ORIGIN: 0 -> TARGET: 9 (RESIZE_UNIT) | INTENT: TRIGGER_RESIZE | QUEUE: 1 ед.
[SMO_CLOCK_AUDIT] TX #549 | ORIGIN: 9 -> TARGET: 9 (RESIZE_UNIT) | INTENT: INJECT_GEO_MAP | QUEUE: 1 ед.
[19:51:00 Msk] [СМО_LAYOUT] Геометрия TUI пересчитана воркером: W=181 знакомест | H=30 строк
[SMO_CLOCK_AUDIT] TX #550 | ORIGIN: 0 -> TARGET: 108 (LOGGER) | INTENT: ADD_LOG_ENTRY | QUEUE: 1 ед.
[SMO_CLOCK_AUDIT] TX #554 | ORIGIN: 0 -> TARGET: 9 (RESIZE_UNIT) | INTENT: TRIGGER_RESIZE | QUEUE: 1 ед.
[SMO_CLOCK_AUDIT] TX #556 | ORIGIN: 9 -> TARGET: 9 (RESIZE_UNIT) | INTENT: INJECT_GEO_MAP | QUEUE: 1 ед.
[19:51:00 Msk] [СМО_LAYOUT] Геометрия TUI пересчитана воркером: W=179 знакомест | H=30 строк
[SMO_CLOCK_AUDIT] TX #557 | ORIGIN: 0 -> TARGET: 108 (LOGGER) | INTENT: ADD_LOG_ENTRY | QUEUE: 1 ед.
[SMO_CLOCK_AUDIT] TX #563 | ORIGIN: 0 -> TARGET: 9 (RESIZE_UNIT) | INTENT: TRIGGER_RESIZE | QUEUE: 1 ед.
[SMO_CLOCK_AUDIT] TX #565 | ORIGIN: 9 -> TARGET: 9 (RESIZE_UNIT) | INTENT: INJECT_GEO_MAP | QUEUE: 1 ед.
[19:51:00 Msk] [СМО_LAYOUT] Геометрия TUI пересчитана воркером: W=175 знакомест | H=30 строк
[SMO_CLOCK_AUDIT] TX #566 | ORIGIN: 0 -> TARGET: 108 (LOGGER) | INTENT: ADD_LOG_ENTRY | QUEUE: 1 ед.
[SMO_CLOCK_AUDIT] TX #570 | ORIGIN: 0 -> TARGET: 9 (RESIZE_UNIT) | INTENT: TRIGGER_RESIZE | QUEUE: 1 ед.
[SMO_CLOCK_AUDIT] TX #572 | ORIGIN: 9 -> TARGET: 9 (RESIZE_UNIT) | INTENT: INJECT_GEO_MAP | QUEUE: 1 ед.
[19:51:00 Msk] [СМО_LAYOUT] Геометрия TUI пересчитана воркером: W=171 знакомест | H=30 строк
[SMO_CLOCK_AUDIT] TX #573 | ORIGIN: 0 -> TARGET: 108 (LOGGER) | INTENT: ADD_LOG_ENTRY | QUEUE: 1 ед.
[SMO_CLOCK_AUDIT] TX #577 | ORIGIN: 0 -> TARGET: 9 (RESIZE_UNIT) | INTENT: TRIGGER_RESIZE | QUEUE: 1 ед.
[SMO_CLOCK_AUDIT] TX #579 | ORIGIN: 9 -> TARGET: 9 (RESIZE_UNIT) | INTENT: INJECT_GEO_MAP | QUEUE: 1 ед.
[19:51:00 Msk] [СМО_LAYOUT] Геометрия TUI пересчитана воркером: W=168 знакомест | H=30 строк
[SMO_CLOCK_AUDIT] TX #580 | ORIGIN: 0 -> TARGET: 108 (LOGGER) | INTENT: ADD_LOG_ENTRY | QUEUE: 1 ед.
[SMO_CLOCK_AUDIT] TX #586 | ORIGIN: 0 -> TARGET: 9 (RESIZE_UNIT) | INTENT: TRIGGER_RESIZE | QUEUE: 1 ед.
[SMO_CLOCK_AUDIT] TX #588 | ORIGIN: 9 -> TARGET: 9 (RESIZE_UNIT) | INTENT: INJECT_GEO_MAP | QUEUE: 1 ед.
[19:51:00 Msk] [СМО_LAYOUT] Геометрия TUI пересчитана воркером: W=167 знакомест | H=30 строк
[SMO_CLOCK_AUDIT] TX #589 | ORIGIN: 0 -> TARGET: 108 (LOGGER) | INTENT: ADD_LOG_ENTRY | QUEUE: 1 ед.
[SMO_CLOCK_AUDIT] TX #593 | ORIGIN: 0 -> TARGET: 9 (RESIZE_UNIT) | INTENT: TRIGGER_RESIZE | QUEUE: 1 ед.
[SMO_CLOCK_AUDIT] TX #595 | ORIGIN: 9 -> TARGET: 9 (RESIZE_UNIT) | INTENT: INJECT_GEO_MAP | QUEUE: 1 ед.
[19:51:00 Msk] [СМО_LAYOUT] Геометрия TUI пересчитана воркером: W=165 знакомест | H=30 строк
[SMO_CLOCK_AUDIT] TX #596 | ORIGIN: 0 -> TARGET: 108 (LOGGER) | INTENT: ADD_LOG_ENTRY | QUEUE: 1 ед.
[SMO_CLOCK_AUDIT] TX #600 | ORIGIN: 0 -> TARGET: 9 (RESIZE_UNIT) | INTENT: TRIGGER_RESIZE | QUEUE: 1 ед.
[SMO_CLOCK_AUDIT] TX #602 | ORIGIN: 9 -> TARGET: 9 (RESIZE_UNIT) | INTENT: INJECT_GEO_MAP | QUEUE: 1 ед.
[19:51:00 Msk] [СМО_LAYOUT] Геометрия TUI пересчитана воркером: W=164 знакомест | H=30 строк
[SMO_CLOCK_AUDIT] TX #603 | ORIGIN: 0 -> TARGET: 108 (LOGGER) | INTENT: ADD_LOG_ENTRY | QUEUE: 1 ед.
[SMO_CLOCK_AUDIT] TX #607 | ORIGIN: 0 -> TARGET: 9 (RESIZE_UNIT) | INTENT: TRIGGER_RESIZE | QUEUE: 1 ед.
[SMO_CLOCK_AUDIT] TX #611 | ORIGIN: 9 -> TARGET: 9 (RESIZE_UNIT) | INTENT: INJECT_GEO_MAP | QUEUE: 1 ед.
[19:51:00 Msk] [СМО_LAYOUT] Геометрия TUI пересчитана воркером: W=163 знакомест | H=30 строк
[SMO_CLOCK_AUDIT] TX #612 | ORIGIN: 0 -> TARGET: 108 (LOGGER) | INTENT: ADD_LOG_ENTRY | QUEUE: 1 ед.
[SMO_CLOCK_AUDIT] TX #616 | ORIGIN: 0 -> TARGET: 9 (RESIZE_UNIT) | INTENT: TRIGGER_RESIZE | QUEUE: 1 ед.
[SMO_CLOCK_AUDIT] TX #618 | ORIGIN: 9 -> TARGET: 9 (RESIZE_UNIT) | INTENT: INJECT_GEO_MAP | QUEUE: 1 ед.
[19:51:00 Msk] [СМО_LAYOUT] Геометрия TUI пересчитана воркером: W=162 знакомест | H=30 строк
[SMO_CLOCK_AUDIT] TX #619 | ORIGIN: 0 -> TARGET: 108 (LOGGER) | INTENT: ADD_LOG_ENTRY | QUEUE: 1 ед.
[SMO_CLOCK_AUDIT] TX #623 | ORIGIN: 0 -> TARGET: 9 (RESIZE_UNIT) | INTENT: TRIGGER_RESIZE | QUEUE: 1 ед.
[SMO_CLOCK_AUDIT] TX #625 | ORIGIN: 9 -> TARGET: 9 (RESIZE_UNIT) | INTENT: INJECT_GEO_MAP | QUEUE: 1 ед.
[19:51:00 Msk] [СМО_LAYOUT] Геометрия TUI пересчитана воркером: W=160 знакомест | H=30 строк
[SMO_CLOCK_AUDIT] TX #626 | ORIGIN: 0 -> TARGET: 108 (LOGGER) | INTENT: ADD_LOG_ENTRY | QUEUE: 1 ед.
[SMO_CLOCK_AUDIT] TX #630 | ORIGIN: 0 -> TARGET: 9 (RESIZE_UNIT) | INTENT: TRIGGER_RESIZE | QUEUE: 1 ед.
[SMO_CLOCK_AUDIT] TX #634 | ORIGIN: 9 -> TARGET: 9 (RESIZE_UNIT) | INTENT: INJECT_GEO_MAP | QUEUE: 1 ед.
[19:51:00 Msk] [СМО_LAYOUT] Геометрия TUI пересчитана воркером: W=157 знакомест | H=30 строк
[SMO_CLOCK_AUDIT] TX #635 | ORIGIN: 0 -> TARGET: 108 (LOGGER) | INTENT: ADD_LOG_ENTRY | QUEUE: 1 ед.
[SMO_CLOCK_AUDIT] TX #639 | ORIGIN: 0 -> TARGET: 9 (RESIZE_UNIT) | INTENT: TRIGGER_RESIZE | QUEUE: 1 ед.
[SMO_CLOCK_AUDIT] TX #641 | ORIGIN: 9 -> TARGET: 9 (RESIZE_UNIT) | INTENT: INJECT_GEO_MAP | QUEUE: 1 ед.
[19:51:00 Msk] [СМО_LAYOUT] Геометрия TUI пересчитана воркером: W=154 знакомест | H=30 строк
[SMO_CLOCK_AUDIT] TX #642 | ORIGIN: 0 -> TARGET: 108 (LOGGER) | INTENT: ADD_LOG_ENTRY | QUEUE: 1 ед.
[SMO_CLOCK_AUDIT] TX #646 | ORIGIN: 0 -> TARGET: 9 (RESIZE_UNIT) | INTENT: TRIGGER_RESIZE | QUEUE: 1 ед.
[SMO_CLOCK_AUDIT] TX #648 | ORIGIN: 9 -> TARGET: 9 (RESIZE_UNIT) | INTENT: INJECT_GEO_MAP | QUEUE: 1 ед.
[19:51:00 Msk] [СМО_LAYOUT] Геометрия TUI пересчитана воркером: W=153 знакомест | H=30 строк
[SMO_CLOCK_AUDIT] TX #649 | ORIGIN: 0 -> TARGET: 108 (LOGGER) | INTENT: ADD_LOG_ENTRY | QUEUE: 1 ед.
[SMO_CLOCK_AUDIT] TX #656 | ORIGIN: 0 -> TARGET: 9 (RESIZE_UNIT) | INTENT: TRIGGER_RESIZE | QUEUE: 1 ед.
[SMO_CLOCK_AUDIT] TX #658 | ORIGIN: 9 -> TARGET: 9 (RESIZE_UNIT) | INTENT: INJECT_GEO_MAP | QUEUE: 1 ед.
[19:51:00 Msk] [СМО_LAYOUT] Геометрия TUI пересчитана воркером: W=150 знакомест | H=30 строк
[SMO_CLOCK_AUDIT] TX #659 | ORIGIN: 0 -> TARGET: 108 (LOGGER) | INTENT: ADD_LOG_ENTRY | QUEUE: 1 ед.
[SMO_CLOCK_AUDIT] TX #663 | ORIGIN: 0 -> TARGET: 9 (RESIZE_UNIT) | INTENT: TRIGGER_RESIZE | QUEUE: 1 ед.
[SMO_CLOCK_AUDIT] TX #665 | ORIGIN: 9 -> TARGET: 9 (RESIZE_UNIT) | INTENT: INJECT_GEO_MAP | QUEUE: 1 ед.
[19:51:00 Msk] [СМО_LAYOUT] Геометрия TUI пересчитана воркером: W=146 знакомест | H=30 строк
[SMO_CLOCK_AUDIT] TX #666 | ORIGIN: 0 -> TARGET: 108 (LOGGER) | INTENT: ADD_LOG_ENTRY | QUEUE: 1 ед.
[SMO_CLOCK_AUDIT] TX #670 | ORIGIN: 0 -> TARGET: 9 (RESIZE_UNIT) | INTENT: TRIGGER_RESIZE | QUEUE: 1 ед.
[SMO_CLOCK_AUDIT] TX #672 | ORIGIN: 9 -> TARGET: 9 (RESIZE_UNIT) | INTENT: INJECT_GEO_MAP | QUEUE: 1 ед.
[19:51:01 Msk] [СМО_LAYOUT] Геометрия TUI пересчитана воркером: W=143 знакомест | H=30 строк
[SMO_CLOCK_AUDIT] TX #673 | ORIGIN: 0 -> TARGET: 108 (LOGGER) | INTENT: ADD_LOG_ENTRY | QUEUE: 1 ед.
[SMO_CLOCK_AUDIT] TX #677 | ORIGIN: 0 -> TARGET: 9 (RESIZE_UNIT) | INTENT: TRIGGER_RESIZE | QUEUE: 1 ед.
[SMO_CLOCK_AUDIT] TX #681 | ORIGIN: 9 -> TARGET: 9 (RESIZE_UNIT) | INTENT: INJECT_GEO_MAP | QUEUE: 1 ед.
[19:51:01 Msk] [СМО_LAYOUT] Геометрия TUI пересчитана воркером: W=140 знакомест | H=30 строк
[SMO_CLOCK_AUDIT] TX #682 | ORIGIN: 0 -> TARGET: 108 (LOGGER) | INTENT: ADD_LOG_ENTRY | QUEUE: 1 ед.
[SMO_CLOCK_AUDIT] TX #686 | ORIGIN: 0 -> TARGET: 9 (RESIZE_UNIT) | INTENT: TRIGGER_RESIZE | QUEUE: 1 ед.
[SMO_CLOCK_AUDIT] TX #688 | ORIGIN: 9 -> TARGET: 9 (RESIZE_UNIT) | INTENT: INJECT_GEO_MAP | QUEUE: 1 ед.
[19:51:01 Msk] [СМО_LAYOUT] Геометрия TUI пересчитана воркером: W=137 знакомест | H=30 строк
[SMO_CLOCK_AUDIT] TX #689 | ORIGIN: 0 -> TARGET: 108 (LOGGER) | INTENT: ADD_LOG_ENTRY | QUEUE: 1 ед.
[SMO_CLOCK_AUDIT] TX #693 | ORIGIN: 0 -> TARGET: 9 (RESIZE_UNIT) | INTENT: TRIGGER_RESIZE | QUEUE: 1 ед.
[SMO_CLOCK_AUDIT] TX #695 | ORIGIN: 9 -> TARGET: 9 (RESIZE_UNIT) | INTENT: INJECT_GEO_MAP | QUEUE: 1 ед.
[19:51:01 Msk] [СМО_LAYOUT] Геометрия TUI пересчитана воркером: W=135 знакомест | H=30 строк
[SMO_CLOCK_AUDIT] TX #696 | ORIGIN: 0 -> TARGET: 108 (LOGGER) | INTENT: ADD_LOG_ENTRY | QUEUE: 1 ед.
[SMO_CLOCK_AUDIT] TX #714 | ORIGIN: 0 -> TARGET: 9 (RESIZE_UNIT) | INTENT: TRIGGER_RESIZE | QUEUE: 1 ед.
[SMO_CLOCK_AUDIT] TX #716 | ORIGIN: 9 -> TARGET: 9 (RESIZE_UNIT) | INTENT: INJECT_GEO_MAP | QUEUE: 1 ед.
[19:51:01 Msk] [СМО_LAYOUT] Геометрия TUI пересчитана воркером: W=136 знакомест | H=30 строк
[SMO_CLOCK_AUDIT] TX #717 | ORIGIN: 0 -> TARGET: 108 (LOGGER) | INTENT: ADD_LOG_ENTRY | QUEUE: 1 ед.
[SMO_CLOCK_AUDIT] TX #721 | ORIGIN: 0 -> TARGET: 9 (RESIZE_UNIT) | INTENT: TRIGGER_RESIZE | QUEUE: 1 ед.
[SMO_CLOCK_AUDIT] TX #725 | ORIGIN: 9 -> TARGET: 9 (RESIZE_UNIT) | INTENT: INJECT_GEO_MAP | QUEUE: 1 ед.
[19:51:01 Msk] [СМО_LAYOUT] Геометрия TUI пересчитана воркером: W=137 знакомест | H=30 строк
[SMO_CLOCK_AUDIT] TX #726 | ORIGIN: 0 -> TARGET: 108 (LOGGER) | INTENT: ADD_LOG_ENTRY | QUEUE: 1 ед.
[SMO_CLOCK_AUDIT] TX #730 | ORIGIN: 0 -> TARGET: 9 (RESIZE_UNIT) | INTENT: TRIGGER_RESIZE | QUEUE: 1 ед.
[SMO_CLOCK_AUDIT] TX #732 | ORIGIN: 9 -> TARGET: 9 (RESIZE_UNIT) | INTENT: INJECT_GEO_MAP | QUEUE: 1 ед.
[19:51:01 Msk] [СМО_LAYOUT] Геометрия TUI пересчитана воркером: W=138 знакомест | H=30 строк
[SMO_CLOCK_AUDIT] TX #733 | ORIGIN: 0 -> TARGET: 108 (LOGGER) | INTENT: ADD_LOG_ENTRY | QUEUE: 1 ед.
[SMO_CLOCK_AUDIT] TX #737 | ORIGIN: 0 -> TARGET: 9 (RESIZE_UNIT) | INTENT: TRIGGER_RESIZE | QUEUE: 1 ед.
[SMO_CLOCK_AUDIT] TX #739 | ORIGIN: 9 -> TARGET: 9 (RESIZE_UNIT) | INTENT: INJECT_GEO_MAP | QUEUE: 1 ед.
[19:51:01 Msk] [СМО_LAYOUT] Геометрия TUI пересчитана воркером: W=139 знакомест | H=30 строк
[SMO_CLOCK_AUDIT] TX #740 | ORIGIN: 0 -> TARGET: 108 (LOGGER) | INTENT: ADD_LOG_ENTRY | QUEUE: 1 ед.
[SMO_CLOCK_AUDIT] TX #749 | ORIGIN: 0 -> TARGET: 9 (RESIZE_UNIT) | INTENT: TRIGGER_RESIZE | QUEUE: 1 ед.
[SMO_CLOCK_AUDIT] TX #751 | ORIGIN: 9 -> TARGET: 9 (RESIZE_UNIT) | INTENT: INJECT_GEO_MAP | QUEUE: 1 ед.
[19:51:02 Msk] [СМО_LAYOUT] Геометрия TUI пересчитана воркером: W=140 знакомест | H=30 строк
[SMO_CLOCK_AUDIT] TX #752 | ORIGIN: 0 -> TARGET: 108 (LOGGER) | INTENT: ADD_LOG_ENTRY | QUEUE: 1 ед.
[SMO_CLOCK_AUDIT] TX #758 | ORIGIN: 0 -> TARGET: 9 (RESIZE_UNIT) | INTENT: TRIGGER_RESIZE | QUEUE: 1 ед.
[SMO_CLOCK_AUDIT] TX #760 | ORIGIN: 9 -> TARGET: 9 (RESIZE_UNIT) | INTENT: INJECT_GEO_MAP | QUEUE: 1 ед.
[19:51:02 Msk] [СМО_LAYOUT] Геометрия TUI пересчитана воркером: W=143 знакомест | H=30 строк
[SMO_CLOCK_AUDIT] TX #761 | ORIGIN: 0 -> TARGET: 108 (LOGGER) | INTENT: ADD_LOG_ENTRY | QUEUE: 1 ед.
[SMO_CLOCK_AUDIT] TX #765 | ORIGIN: 0 -> TARGET: 9 (RESIZE_UNIT) | INTENT: TRIGGER_RESIZE | QUEUE: 1 ед.
[SMO_CLOCK_AUDIT] TX #767 | ORIGIN: 9 -> TARGET: 9 (RESIZE_UNIT) | INTENT: INJECT_GEO_MAP | QUEUE: 1 ед.
[19:51:02 Msk] [СМО_LAYOUT] Геометрия TUI пересчитана воркером: W=148 знакомест | H=30 строк
[SMO_CLOCK_AUDIT] TX #768 | ORIGIN: 0 -> TARGET: 108 (LOGGER) | INTENT: ADD_LOG_ENTRY | QUEUE: 1 ед.
[SMO_CLOCK_AUDIT] TX #772 | ORIGIN: 0 -> TARGET: 9 (RESIZE_UNIT) | INTENT: TRIGGER_RESIZE | QUEUE: 1 ед.
[SMO_CLOCK_AUDIT] TX #774 | ORIGIN: 9 -> TARGET: 9 (RESIZE_UNIT) | INTENT: INJECT_GEO_MAP | QUEUE: 1 ед.
[19:51:02 Msk] [СМО_LAYOUT] Геометрия TUI пересчитана воркером: W=154 знакомест | H=30 строк
[SMO_CLOCK_AUDIT] TX #775 | ORIGIN: 0 -> TARGET: 108 (LOGGER) | INTENT: ADD_LOG_ENTRY | QUEUE: 1 ед.
[SMO_CLOCK_AUDIT] TX #781 | ORIGIN: 0 -> TARGET: 9 (RESIZE_UNIT) | INTENT: TRIGGER_RESIZE | QUEUE: 1 ед.
[SMO_CLOCK_AUDIT] TX #783 | ORIGIN: 9 -> TARGET: 9 (RESIZE_UNIT) | INTENT: INJECT_GEO_MAP | QUEUE: 1 ед.
[19:51:02 Msk] [СМО_LAYOUT] Геометрия TUI пересчитана воркером: W=158 знакомест | H=30 строк
[SMO_CLOCK_AUDIT] TX #784 | ORIGIN: 0 -> TARGET: 108 (LOGGER) | INTENT: ADD_LOG_ENTRY | QUEUE: 1 ед.
[SMO_CLOCK_AUDIT] TX #788 | ORIGIN: 0 -> TARGET: 9 (RESIZE_UNIT) | INTENT: TRIGGER_RESIZE | QUEUE: 1 ед.
[SMO_CLOCK_AUDIT] TX #790 | ORIGIN: 9 -> TARGET: 9 (RESIZE_UNIT) | INTENT: INJECT_GEO_MAP | QUEUE: 1 ед.
[19:51:02 Msk] [СМО_LAYOUT] Геометрия TUI пересчитана воркером: W=160 знакомест | H=30 строк
[SMO_CLOCK_AUDIT] TX #791 | ORIGIN: 0 -> TARGET: 108 (LOGGER) | INTENT: ADD_LOG_ENTRY | QUEUE: 1 ед.
[SMO_CLOCK_AUDIT] TX #795 | ORIGIN: 0 -> TARGET: 9 (RESIZE_UNIT) | INTENT: TRIGGER_RESIZE | QUEUE: 1 ед.
[SMO_CLOCK_AUDIT] TX #797 | ORIGIN: 9 -> TARGET: 9 (RESIZE_UNIT) | INTENT: INJECT_GEO_MAP | QUEUE: 1 ед.
[19:51:02 Msk] [СМО_LAYOUT] Геометрия TUI пересчитана воркером: W=161 знакомест | H=30 строк
[SMO_CLOCK_AUDIT] TX #798 | ORIGIN: 0 -> TARGET: 108 (LOGGER) | INTENT: ADD_LOG_ENTRY | QUEUE: 1 ед.
[SMO_CLOCK_AUDIT] TX #804 | ORIGIN: 0 -> TARGET: 9 (RESIZE_UNIT) | INTENT: TRIGGER_RESIZE | QUEUE: 1 ед.
[SMO_CLOCK_AUDIT] TX #806 | ORIGIN: 9 -> TARGET: 9 (RESIZE_UNIT) | INTENT: INJECT_GEO_MAP | QUEUE: 1 ед.
[19:51:02 Msk] [СМО_LAYOUT] Геометрия TUI пересчитана воркером: W=162 знакомест | H=30 строк
[SMO_CLOCK_AUDIT] TX #807 | ORIGIN: 0 -> TARGET: 108 (LOGGER) | INTENT: ADD_LOG_ENTRY | QUEUE: 1 ед.
[SMO_CLOCK_AUDIT] TX #3 | ORIGIN: 0 -> TARGET: 0 (ROOT_UNIT) | INTENT: init | QUEUE: 1 ед.
[SMO_CLOCK_AUDIT] TX #1 | ORIGIN: 0 -> TARGET: 9 (RESIZE_UNIT) | INTENT: TRIGGER_RESIZE | QUEUE: 1 ед.
[SMO_CLOCK_AUDIT] TX #2 | ORIGIN: 0 -> TARGET: 11 (LOADER_UNIT) | INTENT: BOOT_LAYOUT_TREE | QUEUE: 1 ед.
[LOAD_SEQUENCE] Найдено прикладных slots для гидратации: 9
[PAC_TRIAD_READY] Успешный IoC-монтаж бизнес-панели | Слот: 101
[PAC_TRIAD_READY] Успешный IoC-монтаж бизнес-панели | Слот: 104
[PAC_TRIAD_READY] Успешный IoC-монтаж бизнес-панели | Слот: 104
[PAC_TRIAD_READY] Успешный IoC-монтаж бизнес-панели | Слот: 102
[PAC_TRIAD_READY] Успешный IoC-монтаж бизнес-панели | Слот: 103
[PAC_TRIAD_READY] Успешный IoC-монтаж бизнес-панели | Слот: 106
[PAC_TRIAD_READY] Успешный IoC-монтаж бизнес-панели | Слот: 105
[PAC_TRIAD_READY] Успешный IoC-монтаж бизнес-панели | Слот: 108
[PAC_TRIAD_READY] Успешный IoC-монтаж бизнес-панели | Слот: 100
[LOAD_SEQUENCE] Все бизнес-слоты успешно гидратированы в шину.
[SMO_CLOCK_AUDIT] TX #5 | ORIGIN: 11 -> TARGET: 0 (ROOT_UNIT) | INTENT: SYNCHRONIZE_DYNAMIC_SLOT | QUEUE: 10 ед.
[KERNEL_CLOCK] Финализация загрузки модулей. Считывание путей вкладок.
[SMO_CLOCK_AUDIT] TX #18 | ORIGIN: 0 -> TARGET: 9 (RESIZE_UNIT) | INTENT: FORCE_RECALCULATE_LAYOUT | QUEUE: 1 ед.
[SMO_CLOCK_AUDIT] TX #15 | ORIGIN: 0 -> TARGET: 12 (SYSTEM_TAB_MENU) | INTENT: REGISTRATION_TAB_SPACE | QUEUE: 3 ед.
[SMO_CLOCK_AUDIT] TX #19 | ORIGIN: 0 -> TARGET: 14 (SYSTEM_VSCROLLBAR) | INTENT: SYNC_SCROLLBAR_METRICS | QUEUE: 1 ед.
[SMO_CLOCK_AUDIT] TX #24 | ORIGIN: 9 -> TARGET: 9 (RESIZE_UNIT) | INTENT: INJECT_GEO_MAP | QUEUE: 2 ед.
[21:15:58 Msk] [СМО_LAYOUT] Геометрия TUI пересчитана воркером: W=162 знакомест | H=30 строк
[21:15:58 Msk] [СМО_LAYOUT] Геометрия TUI пересчитана воркером: W=162 знакомест | H=30 строк
[SMO_CLOCK_AUDIT] TX #27 | ORIGIN: 102 -> TARGET: 102 (EXPLORER) | INTENT: INJECT_VFS_DATA | QUEUE: 2 ед.
[SMO_CLOCK_AUDIT] TX #29 | ORIGIN: 103 -> TARGET: 103 (EXPLORER) | INTENT: INJECT_VFS_DATA | QUEUE: 2 ед.
[SMO_CLOCK_AUDIT] TX #26 | ORIGIN: 102 -> TARGET: 108 (LOGGER) | INTENT: ADD_LOG_ENTRY | QUEUE: 6 ед.
[SMO_CLOCK_AUDIT] TX #38 | ORIGIN: 102 -> TARGET: 14 (SYSTEM_VSCROLLBAR) | INTENT: SYNC_SCROLLBAR_METRICS | QUEUE: 4 ед.
[SMO_CLOCK_AUDIT] TX #3 | ORIGIN: 0 -> TARGET: 0 (ROOT_UNIT) | INTENT: init | QUEUE: 1 ед.
[SMO_CLOCK_AUDIT] TX #1 | ORIGIN: 0 -> TARGET: 9 (RESIZE_UNIT) | INTENT: TRIGGER_RESIZE | QUEUE: 1 ед.
[SMO_CLOCK_AUDIT] TX #2 | ORIGIN: 0 -> TARGET: 11 (LOADER_UNIT) | INTENT: BOOT_LAYOUT_TREE | QUEUE: 1 ед.
[LOAD_SEQUENCE] Найдено прикладных slots для гидратации: 9
[PAC_TRIAD_READY] Успешный IoC-монтаж бизнес-панели | Слот: 101
[PAC_TRIAD_READY] Успешный IoC-монтаж бизнес-панели | Слот: 104
[PAC_TRIAD_READY] Успешный IoC-монтаж бизнес-панели | Слот: 104
[PAC_TRIAD_READY] Успешный IoC-монтаж бизнес-панели | Слот: 102
[PAC_TRIAD_READY] Успешный IoC-монтаж бизнес-панели | Слот: 103
[PAC_TRIAD_READY] Успешный IoC-монтаж бизнес-панели | Слот: 106
[PAC_TRIAD_READY] Успешный IoC-монтаж бизнес-панели | Слот: 105
[PAC_TRIAD_READY] Успешный IoC-монтаж бизнес-панели | Слот: 108
[PAC_TRIAD_READY] Успешный IoC-монтаж бизнес-панели | Слот: 100
[LOAD_SEQUENCE] Все бизнес-слоты успешно гидратированы в шину.
[SMO_CLOCK_AUDIT] TX #5 | ORIGIN: 11 -> TARGET: 0 (ROOT_UNIT) | INTENT: SYNCHRONIZE_DYNAMIC_SLOT | QUEUE: 10 ед.
[KERNEL_CLOCK] Финализация загрузки модулей. Считывание путей вкладок.
[SMO_CLOCK_AUDIT] TX #18 | ORIGIN: 0 -> TARGET: 9 (RESIZE_UNIT) | INTENT: FORCE_RECALCULATE_LAYOUT | QUEUE: 1 ед.
[SMO_CLOCK_AUDIT] TX #15 | ORIGIN: 0 -> TARGET: 12 (SYSTEM_TAB_MENU) | INTENT: REGISTRATION_TAB_SPACE | QUEUE: 3 ед.
[SMO_CLOCK_AUDIT] TX #19 | ORIGIN: 0 -> TARGET: 14 (SYSTEM_VSCROLLBAR) | INTENT: SYNC_SCROLLBAR_METRICS | QUEUE: 1 ед.
[SMO_CLOCK_AUDIT] TX #32 | ORIGIN: 9 -> TARGET: 9 (RESIZE_UNIT) | INTENT: INJECT_GEO_MAP | QUEUE: 2 ед.
[21:19:46 Msk] [СМО_LAYOUT] Геометрия TUI пересчитана воркером: W=162 знакомест | H=30 строк
[21:19:46 Msk] [СМО_LAYOUT] Геометрия TUI пересчитана воркером: W=162 знакомест | H=30 строк
[SMO_CLOCK_AUDIT] TX #25 | ORIGIN: 102 -> TARGET: 102 (EXPLORER) | INTENT: INJECT_VFS_DATA | QUEUE: 2 ед.
[SMO_CLOCK_AUDIT] TX #27 | ORIGIN: 103 -> TARGET: 103 (EXPLORER) | INTENT: INJECT_VFS_DATA | QUEUE: 2 ед.
[SMO_CLOCK_AUDIT] TX #24 | ORIGIN: 102 -> TARGET: 108 (LOGGER) | INTENT: ADD_LOG_ENTRY | QUEUE: 6 ед.
[SMO_CLOCK_AUDIT] TX #38 | ORIGIN: 102 -> TARGET: 14 (SYSTEM_VSCROLLBAR) | INTENT: SYNC_SCROLLBAR_METRICS | QUEUE: 4 ед.
[SMO_CLOCK_AUDIT] TX #587 | ORIGIN: 10 -> TARGET: 104 (FNBAR) | INTENT: FN_KEY_CLICKED | QUEUE: 1 ед.
[SMO_CLOCK_AUDIT] TX #603 | ORIGIN: 10 -> TARGET: 14 (SYSTEM_VSCROLLBAR) | INTENT: SCROLL_CONTENT_DOWN | QUEUE: 1 ед.
[SMO_CLOCK_AUDIT] TX #604 | ORIGIN: 14 -> TARGET: 104 (FNBAR) | INTENT: NOTIFY_SCROLL_MUTATED | QUEUE: 1 ед.
[SMO_CLOCK_AUDIT] TX #607 | ORIGIN: 10 -> TARGET: 14 (SYSTEM_VSCROLLBAR) | INTENT: SCROLL_CONTENT_DOWN | QUEUE: 1 ед.
[SMO_CLOCK_AUDIT] TX #608 | ORIGIN: 14 -> TARGET: 104 (FNBAR) | INTENT: NOTIFY_SCROLL_MUTATED | QUEUE: 1 ед.
[SMO_CLOCK_AUDIT] TX #618 | ORIGIN: 10 -> TARGET: 14 (SYSTEM_VSCROLLBAR) | INTENT: SCROLL_CONTENT_DOWN | QUEUE: 1 ед.
[SMO_CLOCK_AUDIT] TX #619 | ORIGIN: 14 -> TARGET: 104 (FNBAR) | INTENT: NOTIFY_SCROLL_MUTATED | QUEUE: 1 ед.
[SMO_CLOCK_AUDIT] TX #631 | ORIGIN: 10 -> TARGET: 14 (SYSTEM_VSCROLLBAR) | INTENT: SCROLL_CONTENT_UP | QUEUE: 1 ед.
[SMO_CLOCK_AUDIT] TX #632 | ORIGIN: 14 -> TARGET: 104 (FNBAR) | INTENT: NOTIFY_SCROLL_MUTATED | QUEUE: 1 ед.
[SMO_CLOCK_AUDIT] TX #637 | ORIGIN: 10 -> TARGET: 14 (SYSTEM_VSCROLLBAR) | INTENT: SCROLL_CONTENT_UP | QUEUE: 1 ед.
[SMO_CLOCK_AUDIT] TX #638 | ORIGIN: 14 -> TARGET: 104 (FNBAR) | INTENT: NOTIFY_SCROLL_MUTATED | QUEUE: 1 ед.
[SMO_CLOCK_AUDIT] TX #644 | ORIGIN: 10 -> TARGET: 14 (SYSTEM_VSCROLLBAR) | INTENT: SCROLL_CONTENT_DOWN | QUEUE: 1 ед.
[SMO_CLOCK_AUDIT] TX #645 | ORIGIN: 14 -> TARGET: 104 (FNBAR) | INTENT: NOTIFY_SCROLL_MUTATED | QUEUE: 1 ед.
[SMO_CLOCK_AUDIT] TX #650 | ORIGIN: 10 -> TARGET: 14 (SYSTEM_VSCROLLBAR) | INTENT: SCROLL_CONTENT_DOWN | QUEUE: 1 ед.
[SMO_CLOCK_AUDIT] TX #651 | ORIGIN: 14 -> TARGET: 104 (FNBAR) | INTENT: NOTIFY_SCROLL_MUTATED | QUEUE: 1 ед.
[SMO_CLOCK_AUDIT] TX #654 | ORIGIN: 10 -> TARGET: 14 (SYSTEM_VSCROLLBAR) | INTENT: SCROLL_CONTENT_DOWN | QUEUE: 1 ед.
[SMO_CLOCK_AUDIT] TX #655 | ORIGIN: 14 -> TARGET: 104 (FNBAR) | INTENT: NOTIFY_SCROLL_MUTATED | QUEUE: 1 ед.
[SMO_CLOCK_AUDIT] TX #660 | ORIGIN: 10 -> TARGET: 14 (SYSTEM_VSCROLLBAR) | INTENT: SCROLL_CONTENT_UP | QUEUE: 1 ед.
[SMO_CLOCK_AUDIT] TX #661 | ORIGIN: 14 -> TARGET: 104 (FNBAR) | INTENT: NOTIFY_SCROLL_MUTATED | QUEUE: 1 ед.
[SMO_CLOCK_AUDIT] TX #667 | ORIGIN: 10 -> TARGET: 14 (SYSTEM_VSCROLLBAR) | INTENT: SCROLL_CONTENT_UP | QUEUE: 1 ед.
[SMO_CLOCK_AUDIT] TX #668 | ORIGIN: 14 -> TARGET: 104 (FNBAR) | INTENT: NOTIFY_SCROLL_MUTATED | QUEUE: 1 ед.
[SMO_CLOCK_AUDIT] TX #671 | ORIGIN: 10 -> TARGET: 14 (SYSTEM_VSCROLLBAR) | INTENT: SCROLL_CONTENT_UP | QUEUE: 1 ед.
[SMO_CLOCK_AUDIT] TX #672 | ORIGIN: 14 -> TARGET: 104 (FNBAR) | INTENT: NOTIFY_SCROLL_MUTATED | QUEUE: 1 ед.
[SMO_CLOCK_AUDIT] TX #684 | ORIGIN: 10 -> TARGET: 14 (SYSTEM_VSCROLLBAR) | INTENT: SCROLL_CONTENT_DOWN | QUEUE: 1 ед.
[SMO_CLOCK_AUDIT] TX #685 | ORIGIN: 14 -> TARGET: 104 (FNBAR) | INTENT: NOTIFY_SCROLL_MUTATED | QUEUE: 1 ед.
[SMO_CLOCK_AUDIT] TX #695 | ORIGIN: 10 -> TARGET: 14 (SYSTEM_VSCROLLBAR) | INTENT: SCROLL_CONTENT_DOWN | QUEUE: 1 ед.
[SMO_CLOCK_AUDIT] TX #696 | ORIGIN: 14 -> TARGET: 104 (FNBAR) | INTENT: NOTIFY_SCROLL_MUTATED | QUEUE: 1 ед.
[SMO_CLOCK_AUDIT] TX #701 | ORIGIN: 10 -> TARGET: 14 (SYSTEM_VSCROLLBAR) | INTENT: SCROLL_CONTENT_UP | QUEUE: 1 ед.
[SMO_CLOCK_AUDIT] TX #702 | ORIGIN: 14 -> TARGET: 104 (FNBAR) | INTENT: NOTIFY_SCROLL_MUTATED | QUEUE: 1 ед.
[SMO_CLOCK_AUDIT] TX #708 | ORIGIN: 10 -> TARGET: 14 (SYSTEM_VSCROLLBAR) | INTENT: SCROLL_CONTENT_UP | QUEUE: 1 ед.
[SMO_CLOCK_AUDIT] TX #709 | ORIGIN: 14 -> TARGET: 104 (FNBAR) | INTENT: NOTIFY_SCROLL_MUTATED | QUEUE: 1 ед.
[SMO_CLOCK_AUDIT] TX #721 | ORIGIN: 10 -> TARGET: 14 (SYSTEM_VSCROLLBAR) | INTENT: SCROLL_CONTENT_DOWN | QUEUE: 1 ед.
[SMO_CLOCK_AUDIT] TX #722 | ORIGIN: 14 -> TARGET: 104 (FNBAR) | INTENT: NOTIFY_SCROLL_MUTATED | QUEUE: 1 ед.
[SMO_CLOCK_AUDIT] TX #732 | ORIGIN: 10 -> TARGET: 14 (SYSTEM_VSCROLLBAR) | INTENT: SCROLL_CONTENT_DOWN | QUEUE: 1 ед.
[SMO_CLOCK_AUDIT] TX #733 | ORIGIN: 14 -> TARGET: 104 (FNBAR) | INTENT: NOTIFY_SCROLL_MUTATED | QUEUE: 1 ед.
[SMO_CLOCK_AUDIT] TX #738 | ORIGIN: 10 -> TARGET: 14 (SYSTEM_VSCROLLBAR) | INTENT: SCROLL_CONTENT_DOWN | QUEUE: 1 ед.
[SMO_CLOCK_AUDIT] TX #739 | ORIGIN: 14 -> TARGET: 104 (FNBAR) | INTENT: NOTIFY_SCROLL_MUTATED | QUEUE: 1 ед.
[SMO_CLOCK_AUDIT] TX #745 | ORIGIN: 10 -> TARGET: 14 (SYSTEM_VSCROLLBAR) | INTENT: SCROLL_CONTENT_UP | QUEUE: 1 ед.
[SMO_CLOCK_AUDIT] TX #746 | ORIGIN: 14 -> TARGET: 104 (FNBAR) | INTENT: NOTIFY_SCROLL_MUTATED | QUEUE: 1 ед.
[SMO_CLOCK_AUDIT] TX #751 | ORIGIN: 10 -> TARGET: 14 (SYSTEM_VSCROLLBAR) | INTENT: SCROLL_CONTENT_UP | QUEUE: 1 ед.
[SMO_CLOCK_AUDIT] TX #752 | ORIGIN: 14 -> TARGET: 104 (FNBAR) | INTENT: NOTIFY_SCROLL_MUTATED | QUEUE: 1 ед.
[SMO_CLOCK_AUDIT] TX #755 | ORIGIN: 10 -> TARGET: 14 (SYSTEM_VSCROLLBAR) | INTENT: SCROLL_CONTENT_UP | QUEUE: 1 ед.
[SMO_CLOCK_AUDIT] TX #756 | ORIGIN: 14 -> TARGET: 104 (FNBAR) | INTENT: NOTIFY_SCROLL_MUTATED | QUEUE: 1 ед.
[SMO_CLOCK_AUDIT] TX #766 | ORIGIN: 10 -> TARGET: 14 (SYSTEM_VSCROLLBAR) | INTENT: SCROLL_CONTENT_DOWN | QUEUE: 1 ед.
[SMO_CLOCK_AUDIT] TX #767 | ORIGIN: 14 -> TARGET: 104 (FNBAR) | INTENT: NOTIFY_SCROLL_MUTATED | QUEUE: 1 ед.
[SMO_CLOCK_AUDIT] TX #770 | ORIGIN: 10 -> TARGET: 14 (SYSTEM_VSCROLLBAR) | INTENT: SCROLL_CONTENT_DOWN | QUEUE: 1 ед.
[SMO_CLOCK_AUDIT] TX #771 | ORIGIN: 14 -> TARGET: 104 (FNBAR) | INTENT: NOTIFY_SCROLL_MUTATED | QUEUE: 1 ед.
[SMO_CLOCK_AUDIT] TX #776 | ORIGIN: 10 -> TARGET: 14 (SYSTEM_VSCROLLBAR) | INTENT: SCROLL_CONTENT_DOWN | QUEUE: 1 ед.
[SMO_CLOCK_AUDIT] TX #777 | ORIGIN: 14 -> TARGET: 104 (FNBAR) | INTENT: NOTIFY_SCROLL_MUTATED | QUEUE: 1 ед.
[SMO_CLOCK_AUDIT] TX #785 | ORIGIN: 10 -> TARGET: 14 (SYSTEM_VSCROLLBAR) | INTENT: SCROLL_CONTENT_DOWN | QUEUE: 1 ед.
[SMO_CLOCK_AUDIT] TX #786 | ORIGIN: 14 -> TARGET: 104 (FNBAR) | INTENT: NOTIFY_SCROLL_MUTATED | QUEUE: 1 ед.
[SMO_CLOCK_AUDIT] TX #791 | ORIGIN: 10 -> TARGET: 14 (SYSTEM_VSCROLLBAR) | INTENT: SCROLL_CONTENT_UP | QUEUE: 1 ед.
[SMO_CLOCK_AUDIT] TX #792 | ORIGIN: 14 -> TARGET: 104 (FNBAR) | INTENT: NOTIFY_SCROLL_MUTATED | QUEUE: 1 ед.
[SMO_CLOCK_AUDIT] TX #795 | ORIGIN: 10 -> TARGET: 14 (SYSTEM_VSCROLLBAR) | INTENT: SCROLL_CONTENT_UP | QUEUE: 1 ед.
[SMO_CLOCK_AUDIT] TX #796 | ORIGIN: 14 -> TARGET: 104 (FNBAR) | INTENT: NOTIFY_SCROLL_MUTATED | QUEUE: 1 ед.
[SMO_CLOCK_AUDIT] TX #802 | ORIGIN: 10 -> TARGET: 14 (SYSTEM_VSCROLLBAR) | INTENT: SCROLL_CONTENT_UP | QUEUE: 1 ед.
[SMO_CLOCK_AUDIT] TX #803 | ORIGIN: 14 -> TARGET: 104 (FNBAR) | INTENT: NOTIFY_SCROLL_MUTATED | QUEUE: 1 ед.
[SMO_CLOCK_AUDIT] TX #810 | ORIGIN: 10 -> TARGET: 14 (SYSTEM_VSCROLLBAR) | INTENT: SCROLL_CONTENT_DOWN | QUEUE: 1 ед.
[SMO_CLOCK_AUDIT] TX #811 | ORIGIN: 14 -> TARGET: 104 (FNBAR) | INTENT: NOTIFY_SCROLL_MUTATED | QUEUE: 1 ед.
[SMO_CLOCK_AUDIT] TX #817 | ORIGIN: 10 -> TARGET: 14 (SYSTEM_VSCROLLBAR) | INTENT: SCROLL_CONTENT_DOWN | QUEUE: 1 ед.
[SMO_CLOCK_AUDIT] TX #818 | ORIGIN: 14 -> TARGET: 104 (FNBAR) | INTENT: NOTIFY_SCROLL_MUTATED | QUEUE: 1 ед.
[SMO_CLOCK_AUDIT] TX #825 | ORIGIN: 10 -> TARGET: 14 (SYSTEM_VSCROLLBAR) | INTENT: SCROLL_CONTENT_DOWN | QUEUE: 1 ед.
[SMO_CLOCK_AUDIT] TX #826 | ORIGIN: 14 -> TARGET: 104 (FNBAR) | INTENT: NOTIFY_SCROLL_MUTATED | QUEUE: 1 ед.
[SMO_CLOCK_AUDIT] TX #832 | ORIGIN: 10 -> TARGET: 14 (SYSTEM_VSCROLLBAR) | INTENT: SCROLL_CONTENT_DOWN | QUEUE: 1 ед.
[SMO_CLOCK_AUDIT] TX #833 | ORIGIN: 14 -> TARGET: 104 (FNBAR) | INTENT: NOTIFY_SCROLL_MUTATED | QUEUE: 1 ед.
[SMO_CLOCK_AUDIT] TX #836 | ORIGIN: 10 -> TARGET: 14 (SYSTEM_VSCROLLBAR) | INTENT: SCROLL_CONTENT_DOWN | QUEUE: 1 ед.
[SMO_CLOCK_AUDIT] TX #837 | ORIGIN: 14 -> TARGET: 104 (FNBAR) | INTENT: NOTIFY_SCROLL_MUTATED | QUEUE: 1 ед.
[SMO_CLOCK_AUDIT] TX #849 | ORIGIN: 10 -> TARGET: 14 (SYSTEM_VSCROLLBAR) | INTENT: SCROLL_CONTENT_UP | QUEUE: 1 ед.
[SMO_CLOCK_AUDIT] TX #850 | ORIGIN: 14 -> TARGET: 104 (FNBAR) | INTENT: NOTIFY_SCROLL_MUTATED | QUEUE: 1 ед.
[SMO_CLOCK_AUDIT] TX #853 | ORIGIN: 10 -> TARGET: 14 (SYSTEM_VSCROLLBAR) | INTENT: SCROLL_CONTENT_UP | QUEUE: 1 ед.
[SMO_CLOCK_AUDIT] TX #854 | ORIGIN: 14 -> TARGET: 104 (FNBAR) | INTENT: NOTIFY_SCROLL_MUTATED | QUEUE: 1 ед.
[SMO_CLOCK_AUDIT] TX #864 | ORIGIN: 10 -> TARGET: 14 (SYSTEM_VSCROLLBAR) | INTENT: SCROLL_CONTENT_UP | QUEUE: 1 ед.
[SMO_CLOCK_AUDIT] TX #865 | ORIGIN: 14 -> TARGET: 104 (FNBAR) | INTENT: NOTIFY_SCROLL_MUTATED | QUEUE: 1 ед.
[SMO_CLOCK_AUDIT] TX #870 | ORIGIN: 10 -> TARGET: 14 (SYSTEM_VSCROLLBAR) | INTENT: SCROLL_CONTENT_UP | QUEUE: 1 ед.
[SMO_CLOCK_AUDIT] TX #871 | ORIGIN: 14 -> TARGET: 104 (FNBAR) | INTENT: NOTIFY_SCROLL_MUTATED | QUEUE: 1 ед.
[SMO_CLOCK_AUDIT] TX #884 | ORIGIN: 10 -> TARGET: 14 (SYSTEM_VSCROLLBAR) | INTENT: SCROLL_CONTENT_UP | QUEUE: 1 ед.
[SMO_CLOCK_AUDIT] TX #885 | ORIGIN: 14 -> TARGET: 104 (FNBAR) | INTENT: NOTIFY_SCROLL_MUTATED | QUEUE: 1 ед.
[SMO_CLOCK_AUDIT] TX #890 | ORIGIN: 10 -> TARGET: 14 (SYSTEM_VSCROLLBAR) | INTENT: SCROLL_CONTENT_UP | QUEUE: 1 ед.
[SMO_CLOCK_AUDIT] TX #891 | ORIGIN: 14 -> TARGET: 104 (FNBAR) | INTENT: NOTIFY_SCROLL_MUTATED | QUEUE: 1 ед.
[SMO_CLOCK_AUDIT] TX #899 | ORIGIN: 10 -> TARGET: 14 (SYSTEM_VSCROLLBAR) | INTENT: SCROLL_CONTENT_DOWN | QUEUE: 1 ед.
[SMO_CLOCK_AUDIT] TX #900 | ORIGIN: 14 -> TARGET: 104 (FNBAR) | INTENT: NOTIFY_SCROLL_MUTATED | QUEUE: 1 ед.
[SMO_CLOCK_AUDIT] TX #905 | ORIGIN: 10 -> TARGET: 14 (SYSTEM_VSCROLLBAR) | INTENT: SCROLL_CONTENT_DOWN | QUEUE: 1 ед.
[SMO_CLOCK_AUDIT] TX #906 | ORIGIN: 14 -> TARGET: 104 (FNBAR) | INTENT: NOTIFY_SCROLL_MUTATED | QUEUE: 1 ед.
[SMO_CLOCK_AUDIT] TX #916 | ORIGIN: 10 -> TARGET: 14 (SYSTEM_VSCROLLBAR) | INTENT: SCROLL_CONTENT_DOWN | QUEUE: 1 ед.
[SMO_CLOCK_AUDIT] TX #917 | ORIGIN: 14 -> TARGET: 104 (FNBAR) | INTENT: NOTIFY_SCROLL_MUTATED | QUEUE: 1 ед.
[SMO_CLOCK_AUDIT] TX #929 | ORIGIN: 10 -> TARGET: 14 (SYSTEM_VSCROLLBAR) | INTENT: SCROLL_CONTENT_DOWN | QUEUE: 1 ед.
[SMO_CLOCK_AUDIT] TX #930 | ORIGIN: 14 -> TARGET: 104 (FNBAR) | INTENT: NOTIFY_SCROLL_MUTATED | QUEUE: 1 ед.
[SMO_CLOCK_AUDIT] TX #940 | ORIGIN: 10 -> TARGET: 14 (SYSTEM_VSCROLLBAR) | INTENT: SCROLL_CONTENT_UP | QUEUE: 1 ед.
[SMO_CLOCK_AUDIT] TX #941 | ORIGIN: 14 -> TARGET: 104 (FNBAR) | INTENT: NOTIFY_SCROLL_MUTATED | QUEUE: 1 ед.
[SMO_CLOCK_AUDIT] TX #947 | ORIGIN: 10 -> TARGET: 14 (SYSTEM_VSCROLLBAR) | INTENT: SCROLL_CONTENT_UP | QUEUE: 1 ед.
[SMO_CLOCK_AUDIT] TX #948 | ORIGIN: 14 -> TARGET: 104 (FNBAR) | INTENT: NOTIFY_SCROLL_MUTATED | QUEUE: 1 ед.
[SMO_CLOCK_AUDIT] TX #960 | ORIGIN: 10 -> TARGET: 14 (SYSTEM_VSCROLLBAR) | INTENT: SCROLL_CONTENT_DOWN | QUEUE: 1 ед.
[SMO_CLOCK_AUDIT] TX #961 | ORIGIN: 14 -> TARGET: 104 (FNBAR) | INTENT: NOTIFY_SCROLL_MUTATED | QUEUE: 1 ед.
[SMO_CLOCK_AUDIT] TX #966 | ORIGIN: 10 -> TARGET: 14 (SYSTEM_VSCROLLBAR) | INTENT: SCROLL_CONTENT_DOWN | QUEUE: 1 ед.
[SMO_CLOCK_AUDIT] TX #967 | ORIGIN: 14 -> TARGET: 104 (FNBAR) | INTENT: NOTIFY_SCROLL_MUTATED | QUEUE: 1 ед.
[SMO_CLOCK_AUDIT] TX #980 | ORIGIN: 10 -> TARGET: 14 (SYSTEM_VSCROLLBAR) | INTENT: SCROLL_CONTENT_UP | QUEUE: 1 ед.
[SMO_CLOCK_AUDIT] TX #981 | ORIGIN: 14 -> TARGET: 104 (FNBAR) | INTENT: NOTIFY_SCROLL_MUTATED | QUEUE: 1 ед.
[SMO_CLOCK_AUDIT] TX #1005 | ORIGIN: 10 -> TARGET: 14 (SYSTEM_VSCROLLBAR) | INTENT: SCROLL_CONTENT_DOWN | QUEUE: 1 ед.
[SMO_CLOCK_AUDIT] TX #1006 | ORIGIN: 14 -> TARGET: 104 (FNBAR) | INTENT: NOTIFY_SCROLL_MUTATED | QUEUE: 1 ед.
[SMO_CLOCK_AUDIT] TX #1011 | ORIGIN: 10 -> TARGET: 14 (SYSTEM_VSCROLLBAR) | INTENT: SCROLL_CONTENT_DOWN | QUEUE: 1 ед.
[SMO_CLOCK_AUDIT] TX #1012 | ORIGIN: 14 -> TARGET: 104 (FNBAR) | INTENT: NOTIFY_SCROLL_MUTATED | QUEUE: 1 ед.
[SMO_CLOCK_AUDIT] TX #1017 | ORIGIN: 10 -> TARGET: 14 (SYSTEM_VSCROLLBAR) | INTENT: SCROLL_CONTENT_DOWN | QUEUE: 1 ед.
[SMO_CLOCK_AUDIT] TX #1018 | ORIGIN: 14 -> TARGET: 104 (FNBAR) | INTENT: NOTIFY_SCROLL_MUTATED | QUEUE: 1 ед.
[SMO_CLOCK_AUDIT] TX #1033 | ORIGIN: 10 -> TARGET: 14 (SYSTEM_VSCROLLBAR) | INTENT: SCROLL_CONTENT_UP | QUEUE: 1 ед.
[SMO_CLOCK_AUDIT] TX #1034 | ORIGIN: 14 -> TARGET: 104 (FNBAR) | INTENT: NOTIFY_SCROLL_MUTATED | QUEUE: 1 ед.
[SMO_CLOCK_AUDIT] TX #1037 | ORIGIN: 10 -> TARGET: 14 (SYSTEM_VSCROLLBAR) | INTENT: SCROLL_CONTENT_UP | QUEUE: 1 ед.
[SMO_CLOCK_AUDIT] TX #1038 | ORIGIN: 14 -> TARGET: 104 (FNBAR) | INTENT: NOTIFY_SCROLL_MUTATED | QUEUE: 1 ед.
[SMO_CLOCK_AUDIT] TX #1053 | ORIGIN: 10 -> TARGET: 14 (SYSTEM_VSCROLLBAR) | INTENT: SCROLL_CONTENT_UP | QUEUE: 1 ед.
[SMO_CLOCK_AUDIT] TX #1054 | ORIGIN: 14 -> TARGET: 104 (FNBAR) | INTENT: NOTIFY_SCROLL_MUTATED | QUEUE: 1 ед.
[SMO_CLOCK_AUDIT] TX #1057 | ORIGIN: 10 -> TARGET: 14 (SYSTEM_VSCROLLBAR) | INTENT: SCROLL_CONTENT_UP | QUEUE: 1 ед.
[SMO_CLOCK_AUDIT] TX #1058 | ORIGIN: 14 -> TARGET: 104 (FNBAR) | INTENT: NOTIFY_SCROLL_MUTATED | QUEUE: 1 ед.
[SMO_CLOCK_AUDIT] TX #1077 | ORIGIN: 10 -> TARGET: 14 (SYSTEM_VSCROLLBAR) | INTENT: SCROLL_CONTENT_DOWN | QUEUE: 1 ед.
[SMO_CLOCK_AUDIT] TX #1078 | ORIGIN: 14 -> TARGET: 104 (FNBAR) | INTENT: NOTIFY_SCROLL_MUTATED | QUEUE: 1 ед.
[SMO_CLOCK_AUDIT] TX #1223 | ORIGIN: 10 -> TARGET: 14 (SYSTEM_VSCROLLBAR) | INTENT: SCROLL_CONTENT_DOWN | QUEUE: 1 ед.
[SMO_CLOCK_AUDIT] TX #1224 | ORIGIN: 10 -> TARGET: 14 (SYSTEM_VSCROLLBAR) | INTENT: SCROLL_CONTENT_DOWN | QUEUE: 1 ед.
[SMO_CLOCK_AUDIT] TX #1277 | ORIGIN: 10 -> TARGET: 106 (THEME) | INTENT: MOUSE_CLICK | QUEUE: 1 ед.
[SMO_CLOCK_AUDIT] TX #1278 | ORIGIN: 106 -> TARGET: 0 (ROOT_UNIT) | INTENT: GLOBAL_THEME_CHANGED | QUEUE: 1 ед.
[SMO_CLOCK_AUDIT] TX #1282 | ORIGIN: 0 -> TARGET: 10 (MOUSE_UNIT) | INTENT: UPDATE_THEME_MASK | QUEUE: 1 ед.
[SMO_CLOCK_AUDIT] TX #1283 | ORIGIN: 0 -> TARGET: 11 (LOADER_UNIT) | INTENT: UPDATE_THEME_MASK | QUEUE: 1 ед.
[SMO_CLOCK_AUDIT] TX #1284 | ORIGIN: 0 -> TARGET: 12 (SYSTEM_TAB_MENU) | INTENT: UPDATE_THEME_MASK | QUEUE: 1 ед.
[SMO_CLOCK_AUDIT] TX #1279 | ORIGIN: 106 -> TARGET: 14 (SYSTEM_VSCROLLBAR) | INTENT: SYNC_SCROLLBAR_METRICS | QUEUE: 1 ед.
[SMO_CLOCK_AUDIT] TX #1285 | ORIGIN: 0 -> TARGET: 101 (DASHBOARD) | INTENT: UPDATE_THEME_MASK | QUEUE: 1 ед.
[SMO_CLOCK_AUDIT] TX #1286 | ORIGIN: 0 -> TARGET: 104 (FNBAR) | INTENT: UPDATE_THEME_MASK | QUEUE: 1 ед.
[SMO_CLOCK_AUDIT] TX #1287 | ORIGIN: 0 -> TARGET: 102 (EXPLORER) | INTENT: UPDATE_THEME_MASK | QUEUE: 1 ед.
[SMO_CLOCK_AUDIT] TX #1288 | ORIGIN: 0 -> TARGET: 103 (EXPLORER) | INTENT: UPDATE_THEME_MASK | QUEUE: 1 ед.
[SMO_CLOCK_AUDIT] TX #1289 | ORIGIN: 0 -> TARGET: 106 (THEME) | INTENT: UPDATE_THEME_MASK | QUEUE: 1 ед.
[SMO_CLOCK_AUDIT] TX #1290 | ORIGIN: 0 -> TARGET: 105 (COMMAND) | INTENT: UPDATE_THEME_MASK | QUEUE: 1 ед.
[SMO_CLOCK_AUDIT] TX #1281 | ORIGIN: 106 -> TARGET: 108 (LOGGER) | INTENT: ADD_LOG_ENTRY | QUEUE: 3 ед.
[SMO_CLOCK_AUDIT] TX #1292 | ORIGIN: 0 -> TARGET: 100 (TASKBAR) | INTENT: UPDATE_THEME_MASK | QUEUE: 1 ед.
[SMO_CLOCK_AUDIT] TX #3 | ORIGIN: 0 -> TARGET: 0 (ROOT_UNIT) | INTENT: init | QUEUE: 1 ед.
[SMO_CLOCK_AUDIT] TX #1 | ORIGIN: 0 -> TARGET: 9 (RESIZE_UNIT) | INTENT: TRIGGER_RESIZE | QUEUE: 1 ед.
[SMO_CLOCK_AUDIT] TX #2 | ORIGIN: 0 -> TARGET: 11 (LOADER_UNIT) | INTENT: BOOT_LAYOUT_TREE | QUEUE: 1 ед.
[LOAD_SEQUENCE] Найдено прикладных slots для гидратации: 9
[PAC_TRIAD_READY] Успешный IoC-монтаж бизнес-панели | Слот: 101
[PAC_TRIAD_READY] Успешный IoC-монтаж бизнес-панели | Слот: 104
[PAC_TRIAD_READY] Успешный IoC-монтаж бизнес-панели | Слот: 104
[PAC_TRIAD_READY] Успешный IoC-монтаж бизнес-панели | Слот: 102
[PAC_TRIAD_READY] Успешный IoC-монтаж бизнес-панели | Слот: 103
[PAC_TRIAD_READY] Успешный IoC-монтаж бизнес-панели | Слот: 106
[PAC_TRIAD_READY] Успешный IoC-монтаж бизнес-панели | Слот: 105
[PAC_TRIAD_READY] Успешный IoC-монтаж бизнес-панели | Слот: 108
[PAC_TRIAD_READY] Успешный IoC-монтаж бизнес-панели | Слот: 100
[LOAD_SEQUENCE] Все бизнес-слоты успешно гидратированы в шину.
[SMO_CLOCK_AUDIT] TX #5 | ORIGIN: 11 -> TARGET: 0 (ROOT_UNIT) | INTENT: SYNCHRONIZE_DYNAMIC_SLOT | QUEUE: 10 ед.
[KERNEL_CLOCK] Финализация загрузки модулей. Считывание путей вкладок.
[SMO_CLOCK_AUDIT] TX #18 | ORIGIN: 0 -> TARGET: 9 (RESIZE_UNIT) | INTENT: FORCE_RECALCULATE_LAYOUT | QUEUE: 1 ед.
[SMO_CLOCK_AUDIT] TX #15 | ORIGIN: 0 -> TARGET: 12 (SYSTEM_TAB_MENU) | INTENT: REGISTRATION_TAB_SPACE | QUEUE: 3 ед.
[SMO_CLOCK_AUDIT] TX #19 | ORIGIN: 0 -> TARGET: 14 (SYSTEM_VSCROLLBAR) | INTENT: SYNC_SCROLLBAR_METRICS | QUEUE: 1 ед.
[SMO_CLOCK_AUDIT] TX #25 | ORIGIN: 102 -> TARGET: 102 (EXPLORER) | INTENT: INJECT_VFS_DATA | QUEUE: 2 ед.
[SMO_CLOCK_AUDIT] TX #27 | ORIGIN: 103 -> TARGET: 103 (EXPLORER) | INTENT: INJECT_VFS_DATA | QUEUE: 2 ед.
[SMO_CLOCK_AUDIT] TX #24 | ORIGIN: 102 -> TARGET: 108 (LOGGER) | INTENT: ADD_LOG_ENTRY | QUEUE: 4 ед.
[SMO_CLOCK_AUDIT] TX #32 | ORIGIN: 102 -> TARGET: 14 (SYSTEM_VSCROLLBAR) | INTENT: SYNC_SCROLLBAR_METRICS | QUEUE: 4 ед.
[SMO_CLOCK_AUDIT] TX #42 | ORIGIN: 9 -> TARGET: 9 (RESIZE_UNIT) | INTENT: INJECT_GEO_MAP | QUEUE: 2 ед.
[21:26:08 Msk] [СМО_LAYOUT] Геометрия TUI пересчитана воркером: W=162 знакомест | H=30 строк
[21:26:08 Msk] [СМО_LAYOUT] Геометрия TUI пересчитана воркером: W=162 знакомест | H=30 строк
[SMO_CLOCK_AUDIT] TX #44 | ORIGIN: 0 -> TARGET: 108 (LOGGER) | INTENT: ADD_LOG_ENTRY | QUEUE: 2 ед.
[SMO_CLOCK_AUDIT] TX #3 | ORIGIN: 0 -> TARGET: 0 (ROOT_UNIT) | INTENT: init | QUEUE: 1 ед.
[SMO_CLOCK_AUDIT] TX #1 | ORIGIN: 0 -> TARGET: 9 (RESIZE_UNIT) | INTENT: TRIGGER_RESIZE | QUEUE: 1 ед.
[SMO_CLOCK_AUDIT] TX #2 | ORIGIN: 0 -> TARGET: 11 (LOADER_UNIT) | INTENT: BOOT_LAYOUT_TREE | QUEUE: 1 ед.
[LOAD_SEQUENCE] Найдено прикладных slots для гидратации: 8
[PAC_TRIAD_READY] Успешный IoC-монтаж бизнес-панели | Слот: 101
[PAC_TRIAD_READY] Успешный IoC-монтаж бизнес-панели | Слот: 104
[PAC_TRIAD_READY] Успешный IoC-монтаж бизнес-панели | Слот: 102
[PAC_TRIAD_READY] Успешный IoC-монтаж бизнес-панели | Слот: 103
[PAC_TRIAD_READY] Успешный IoC-монтаж бизнес-панели | Слот: 106
[PAC_TRIAD_READY] Успешный IoC-монтаж бизнес-панели | Слот: 105
[PAC_TRIAD_READY] Успешный IoC-монтаж бизнес-панели | Слот: 108
[PAC_TRIAD_READY] Успешный IoC-монтаж бизнес-панели | Слот: 100
[LOAD_SEQUENCE] Все бизнес-слоты успешно гидратированы в шину.
[SMO_CLOCK_AUDIT] TX #5 | ORIGIN: 11 -> TARGET: 0 (ROOT_UNIT) | INTENT: SYNCHRONIZE_DYNAMIC_SLOT | QUEUE: 9 ед.
[KERNEL_CLOCK] Финализация загрузки модулей. Считывание путей вкладок.
[SMO_CLOCK_AUDIT] TX #17 | ORIGIN: 0 -> TARGET: 9 (RESIZE_UNIT) | INTENT: FORCE_RECALCULATE_LAYOUT | QUEUE: 1 ед.
[SMO_CLOCK_AUDIT] TX #14 | ORIGIN: 0 -> TARGET: 12 (SYSTEM_TAB_MENU) | INTENT: REGISTRATION_TAB_SPACE | QUEUE: 3 ед.
[SMO_CLOCK_AUDIT] TX #18 | ORIGIN: 0 -> TARGET: 14 (SYSTEM_VSCROLLBAR) | INTENT: SYNC_SCROLLBAR_METRICS | QUEUE: 1 ед.
[SMO_CLOCK_AUDIT] TX #23 | ORIGIN: 9 -> TARGET: 9 (RESIZE_UNIT) | INTENT: INJECT_GEO_MAP | QUEUE: 2 ед.
[21:26:52 Msk] [СМО_LAYOUT] Геометрия TUI пересчитана воркером: W=162 знакомест | H=30 строк
[21:26:52 Msk] [СМО_LAYOUT] Геометрия TUI пересчитана воркером: W=162 знакомест | H=30 строк
[SMO_CLOCK_AUDIT] TX #26 | ORIGIN: 102 -> TARGET: 102 (EXPLORER) | INTENT: INJECT_VFS_DATA | QUEUE: 2 ед.
[SMO_CLOCK_AUDIT] TX #28 | ORIGIN: 103 -> TARGET: 103 (EXPLORER) | INTENT: INJECT_VFS_DATA | QUEUE: 2 ед.
[SMO_CLOCK_AUDIT] TX #25 | ORIGIN: 102 -> TARGET: 108 (LOGGER) | INTENT: ADD_LOG_ENTRY | QUEUE: 6 ед.
[SMO_CLOCK_AUDIT] TX #37 | ORIGIN: 102 -> TARGET: 14 (SYSTEM_VSCROLLBAR) | INTENT: SYNC_SCROLLBAR_METRICS | QUEUE: 4 ед.
[SMO_CLOCK_AUDIT] TX #352 | ORIGIN: 10 -> TARGET: 12 (SYSTEM_TAB_MENU) | INTENT: SCROLL_TABS_DOWN | QUEUE: 1 ед.
[SMO_CLOCK_AUDIT] TX #353 | ORIGIN: 10 -> TARGET: 12 (SYSTEM_TAB_MENU) | INTENT: SCROLL_TABS_DOWN | QUEUE: 1 ед.
[SMO_CLOCK_AUDIT] TX #359 | ORIGIN: 10 -> TARGET: 12 (SYSTEM_TAB_MENU) | INTENT: SCROLL_TABS_UP | QUEUE: 1 ед.
[SMO_CLOCK_AUDIT] TX #360 | ORIGIN: 10 -> TARGET: 14 (SYSTEM_VSCROLLBAR) | INTENT: SCROLL_CONTENT_UP | QUEUE: 1 ед.
[SMO_CLOCK_AUDIT] TX #361 | ORIGIN: 10 -> TARGET: 14 (SYSTEM_VSCROLLBAR) | INTENT: SCROLL_CONTENT_UP | QUEUE: 1 ед.
[SMO_CLOCK_AUDIT] TX #364 | ORIGIN: 10 -> TARGET: 14 (SYSTEM_VSCROLLBAR) | INTENT: SCROLL_CONTENT_UP | QUEUE: 1 ед.
[SMO_CLOCK_AUDIT] TX #367 | ORIGIN: 10 -> TARGET: 14 (SYSTEM_VSCROLLBAR) | INTENT: SCROLL_CONTENT_UP | QUEUE: 1 ед.
[SMO_CLOCK_AUDIT] TX #380 | ORIGIN: 10 -> TARGET: 9 (RESIZE_UNIT) | INTENT: RESIZE_SLOT_GEOMETRY | QUEUE: 1 ед.
[SMO_CLOCK_AUDIT] TX #394 | ORIGIN: 10 -> TARGET: 14 (SYSTEM_VSCROLLBAR) | INTENT: SCROLL_CONTENT_DOWN | QUEUE: 1 ед.
[SMO_CLOCK_AUDIT] TX #395 | ORIGIN: 14 -> TARGET: 104 (FNBAR) | INTENT: NOTIFY_SCROLL_MUTATED | QUEUE: 1 ед.
[SMO_CLOCK_AUDIT] TX #398 | ORIGIN: 10 -> TARGET: 14 (SYSTEM_VSCROLLBAR) | INTENT: SCROLL_CONTENT_DOWN | QUEUE: 1 ед.
[SMO_CLOCK_AUDIT] TX #399 | ORIGIN: 14 -> TARGET: 104 (FNBAR) | INTENT: NOTIFY_SCROLL_MUTATED | QUEUE: 1 ед.
[SMO_CLOCK_AUDIT] TX #404 | ORIGIN: 10 -> TARGET: 14 (SYSTEM_VSCROLLBAR) | INTENT: SCROLL_CONTENT_UP | QUEUE: 1 ед.
[SMO_CLOCK_AUDIT] TX #405 | ORIGIN: 14 -> TARGET: 104 (FNBAR) | INTENT: NOTIFY_SCROLL_MUTATED | QUEUE: 1 ед.
[SMO_CLOCK_AUDIT] TX #411 | ORIGIN: 10 -> TARGET: 14 (SYSTEM_VSCROLLBAR) | INTENT: SCROLL_CONTENT_UP | QUEUE: 1 ед.
[SMO_CLOCK_AUDIT] TX #412 | ORIGIN: 14 -> TARGET: 104 (FNBAR) | INTENT: NOTIFY_SCROLL_MUTATED | QUEUE: 1 ед.
[SMO_CLOCK_AUDIT] TX #431 | ORIGIN: 10 -> TARGET: 9 (RESIZE_UNIT) | INTENT: RESIZE_SLOT_GEOMETRY | QUEUE: 1 ед.
[SMO_CLOCK_AUDIT] TX #433 | ORIGIN: 10 -> TARGET: 9 (RESIZE_UNIT) | INTENT: RESIZE_SLOT_GEOMETRY | QUEUE: 1 ед.
[SMO_CLOCK_AUDIT] TX #444 | ORIGIN: 10 -> TARGET: 14 (SYSTEM_VSCROLLBAR) | INTENT: SCROLL_CONTENT_DOWN | QUEUE: 1 ед.
[SMO_CLOCK_AUDIT] TX #445 | ORIGIN: 14 -> TARGET: 104 (FNBAR) | INTENT: NOTIFY_SCROLL_MUTATED | QUEUE: 1 ед.
[SMO_CLOCK_AUDIT] TX #458 | ORIGIN: 10 -> TARGET: 9 (RESIZE_UNIT) | INTENT: RESIZE_SLOT_GEOMETRY | QUEUE: 1 ед.
[SMO_CLOCK_AUDIT] TX #469 | ORIGIN: 10 -> TARGET: 14 (SYSTEM_VSCROLLBAR) | INTENT: SCROLL_CONTENT_DOWN | QUEUE: 1 ед.
[SMO_CLOCK_AUDIT] TX #470 | ORIGIN: 14 -> TARGET: 104 (FNBAR) | INTENT: NOTIFY_SCROLL_MUTATED | QUEUE: 1 ед.
[SMO_CLOCK_AUDIT] TX #475 | ORIGIN: 10 -> TARGET: 14 (SYSTEM_VSCROLLBAR) | INTENT: SCROLL_CONTENT_DOWN | QUEUE: 1 ед.
[SMO_CLOCK_AUDIT] TX #476 | ORIGIN: 14 -> TARGET: 104 (FNBAR) | INTENT: NOTIFY_SCROLL_MUTATED | QUEUE: 1 ед.
[SMO_CLOCK_AUDIT] TX #482 | ORIGIN: 10 -> TARGET: 14 (SYSTEM_VSCROLLBAR) | INTENT: SCROLL_CONTENT_UP | QUEUE: 1 ед.
[SMO_CLOCK_AUDIT] TX #483 | ORIGIN: 14 -> TARGET: 104 (FNBAR) | INTENT: NOTIFY_SCROLL_MUTATED | QUEUE: 1 ед.
[SMO_CLOCK_AUDIT] TX #486 | ORIGIN: 10 -> TARGET: 14 (SYSTEM_VSCROLLBAR) | INTENT: SCROLL_CONTENT_UP | QUEUE: 1 ед.
[SMO_CLOCK_AUDIT] TX #487 | ORIGIN: 14 -> TARGET: 104 (FNBAR) | INTENT: NOTIFY_SCROLL_MUTATED | QUEUE: 1 ед.
[SMO_CLOCK_AUDIT] TX #490 | ORIGIN: 10 -> TARGET: 14 (SYSTEM_VSCROLLBAR) | INTENT: SCROLL_CONTENT_UP | QUEUE: 1 ед.
[SMO_CLOCK_AUDIT] TX #491 | ORIGIN: 14 -> TARGET: 104 (FNBAR) | INTENT: NOTIFY_SCROLL_MUTATED | QUEUE: 1 ед.
[SMO_CLOCK_AUDIT] TX #496 | ORIGIN: 10 -> TARGET: 14 (SYSTEM_VSCROLLBAR) | INTENT: SCROLL_CONTENT_DOWN | QUEUE: 1 ед.
[SMO_CLOCK_AUDIT] TX #497 | ORIGIN: 14 -> TARGET: 104 (FNBAR) | INTENT: NOTIFY_SCROLL_MUTATED | QUEUE: 1 ед.
[SMO_CLOCK_AUDIT] TX #512 | ORIGIN: 10 -> TARGET: 9 (RESIZE_UNIT) | INTENT: RESIZE_SLOT_GEOMETRY | QUEUE: 1 ед.
[SMO_CLOCK_AUDIT] TX #516 | ORIGIN: 10 -> TARGET: 9 (RESIZE_UNIT) | INTENT: RESIZE_SLOT_GEOMETRY | QUEUE: 1 ед.
[SMO_CLOCK_AUDIT] TX #525 | ORIGIN: 10 -> TARGET: 14 (SYSTEM_VSCROLLBAR) | INTENT: SCROLL_CONTENT_DOWN | QUEUE: 1 ед.
[SMO_CLOCK_AUDIT] TX #526 | ORIGIN: 14 -> TARGET: 104 (FNBAR) | INTENT: NOTIFY_SCROLL_MUTATED | QUEUE: 1 ед.
[SMO_CLOCK_AUDIT] TX #531 | ORIGIN: 10 -> TARGET: 14 (SYSTEM_VSCROLLBAR) | INTENT: SCROLL_CONTENT_DOWN | QUEUE: 1 ед.
[SMO_CLOCK_AUDIT] TX #532 | ORIGIN: 14 -> TARGET: 104 (FNBAR) | INTENT: NOTIFY_SCROLL_MUTATED | QUEUE: 1 ед.
[SMO_CLOCK_AUDIT] TX #538 | ORIGIN: 10 -> TARGET: 14 (SYSTEM_VSCROLLBAR) | INTENT: SCROLL_CONTENT_UP | QUEUE: 1 ед.
[SMO_CLOCK_AUDIT] TX #539 | ORIGIN: 14 -> TARGET: 104 (FNBAR) | INTENT: NOTIFY_SCROLL_MUTATED | QUEUE: 1 ед.
[SMO_CLOCK_AUDIT] TX #542 | ORIGIN: 10 -> TARGET: 14 (SYSTEM_VSCROLLBAR) | INTENT: SCROLL_CONTENT_UP | QUEUE: 1 ед.
[SMO_CLOCK_AUDIT] TX #543 | ORIGIN: 14 -> TARGET: 104 (FNBAR) | INTENT: NOTIFY_SCROLL_MUTATED | QUEUE: 1 ед.
[SMO_CLOCK_AUDIT] TX #548 | ORIGIN: 10 -> TARGET: 14 (SYSTEM_VSCROLLBAR) | INTENT: SCROLL_CONTENT_UP | QUEUE: 1 ед.
[SMO_CLOCK_AUDIT] TX #549 | ORIGIN: 14 -> TARGET: 104 (FNBAR) | INTENT: NOTIFY_SCROLL_MUTATED | QUEUE: 1 ед.
[SMO_CLOCK_AUDIT] TX #554 | ORIGIN: 10 -> TARGET: 14 (SYSTEM_VSCROLLBAR) | INTENT: SCROLL_CONTENT_DOWN | QUEUE: 1 ед.
[SMO_CLOCK_AUDIT] TX #555 | ORIGIN: 14 -> TARGET: 104 (FNBAR) | INTENT: NOTIFY_SCROLL_MUTATED | QUEUE: 1 ед.
[SMO_CLOCK_AUDIT] TX #561 | ORIGIN: 10 -> TARGET: 14 (SYSTEM_VSCROLLBAR) | INTENT: SCROLL_CONTENT_DOWN | QUEUE: 1 ед.
[SMO_CLOCK_AUDIT] TX #562 | ORIGIN: 14 -> TARGET: 104 (FNBAR) | INTENT: NOTIFY_SCROLL_MUTATED | QUEUE: 1 ед.
[SMO_CLOCK_AUDIT] TX #567 | ORIGIN: 10 -> TARGET: 14 (SYSTEM_VSCROLLBAR) | INTENT: SCROLL_CONTENT_UP | QUEUE: 1 ед.
[SMO_CLOCK_AUDIT] TX #568 | ORIGIN: 14 -> TARGET: 104 (FNBAR) | INTENT: NOTIFY_SCROLL_MUTATED | QUEUE: 1 ед.
[SMO_CLOCK_AUDIT] TX #573 | ORIGIN: 10 -> TARGET: 14 (SYSTEM_VSCROLLBAR) | INTENT: SCROLL_CONTENT_UP | QUEUE: 1 ед.
[SMO_CLOCK_AUDIT] TX #574 | ORIGIN: 14 -> TARGET: 104 (FNBAR) | INTENT: NOTIFY_SCROLL_MUTATED | QUEUE: 1 ед.
[SMO_CLOCK_AUDIT] TX #580 | ORIGIN: 10 -> TARGET: 14 (SYSTEM_VSCROLLBAR) | INTENT: SCROLL_CONTENT_DOWN | QUEUE: 1 ед.
[SMO_CLOCK_AUDIT] TX #581 | ORIGIN: 14 -> TARGET: 104 (FNBAR) | INTENT: NOTIFY_SCROLL_MUTATED | QUEUE: 1 ед.
[SMO_CLOCK_AUDIT] TX #584 | ORIGIN: 10 -> TARGET: 14 (SYSTEM_VSCROLLBAR) | INTENT: SCROLL_CONTENT_DOWN | QUEUE: 1 ед.
[SMO_CLOCK_AUDIT] TX #585 | ORIGIN: 14 -> TARGET: 104 (FNBAR) | INTENT: NOTIFY_SCROLL_MUTATED | QUEUE: 1 ед.
[SMO_CLOCK_AUDIT] TX #602 | ORIGIN: 10 -> TARGET: 9 (RESIZE_UNIT) | INTENT: RESIZE_SLOT_GEOMETRY | QUEUE: 1 ед.
[SMO_CLOCK_AUDIT] TX #618 | ORIGIN: 10 -> TARGET: 9 (RESIZE_UNIT) | INTENT: RESIZE_SLOT_GEOMETRY | QUEUE: 1 ед.
[SMO_CLOCK_AUDIT] TX #622 | ORIGIN: 10 -> TARGET: 9 (RESIZE_UNIT) | INTENT: RESIZE_SLOT_GEOMETRY | QUEUE: 1 ед.
[SMO_CLOCK_AUDIT] TX #638 | ORIGIN: 10 -> TARGET: 9 (RESIZE_UNIT) | INTENT: RESIZE_SLOT_GEOMETRY | QUEUE: 1 ед.
[SMO_CLOCK_AUDIT] TX #649 | ORIGIN: 10 -> TARGET: 14 (SYSTEM_VSCROLLBAR) | INTENT: SCROLL_CONTENT_DOWN | QUEUE: 1 ед.
[SMO_CLOCK_AUDIT] TX #650 | ORIGIN: 14 -> TARGET: 104 (FNBAR) | INTENT: NOTIFY_SCROLL_MUTATED | QUEUE: 1 ед.
[SMO_CLOCK_AUDIT] TX #656 | ORIGIN: 10 -> TARGET: 14 (SYSTEM_VSCROLLBAR) | INTENT: SCROLL_CONTENT_DOWN | QUEUE: 1 ед.
[SMO_CLOCK_AUDIT] TX #657 | ORIGIN: 14 -> TARGET: 104 (FNBAR) | INTENT: NOTIFY_SCROLL_MUTATED | QUEUE: 1 ед.
[SMO_CLOCK_AUDIT] TX #662 | ORIGIN: 10 -> TARGET: 14 (SYSTEM_VSCROLLBAR) | INTENT: SCROLL_CONTENT_UP | QUEUE: 1 ед.
[SMO_CLOCK_AUDIT] TX #663 | ORIGIN: 14 -> TARGET: 104 (FNBAR) | INTENT: NOTIFY_SCROLL_MUTATED | QUEUE: 1 ед.
[SMO_CLOCK_AUDIT] TX #671 | ORIGIN: 10 -> TARGET: 14 (SYSTEM_VSCROLLBAR) | INTENT: SCROLL_CONTENT_DOWN | QUEUE: 1 ед.
[SMO_CLOCK_AUDIT] TX #672 | ORIGIN: 14 -> TARGET: 104 (FNBAR) | INTENT: NOTIFY_SCROLL_MUTATED | QUEUE: 1 ед.
[SMO_CLOCK_AUDIT] TX #677 | ORIGIN: 10 -> TARGET: 14 (SYSTEM_VSCROLLBAR) | INTENT: SCROLL_CONTENT_DOWN | QUEUE: 1 ед.
[SMO_CLOCK_AUDIT] TX #678 | ORIGIN: 14 -> TARGET: 104 (FNBAR) | INTENT: NOTIFY_SCROLL_MUTATED | QUEUE: 1 ед.
[SMO_CLOCK_AUDIT] TX #3 | ORIGIN: 0 -> TARGET: 0 (ROOT_UNIT) | INTENT: init | QUEUE: 1 ед.
[SMO_CLOCK_AUDIT] TX #1 | ORIGIN: 0 -> TARGET: 9 (RESIZE_UNIT) | INTENT: TRIGGER_RESIZE | QUEUE: 1 ед.
[SMO_CLOCK_AUDIT] TX #2 | ORIGIN: 0 -> TARGET: 11 (LOADER_UNIT) | INTENT: BOOT_LAYOUT_TREE | QUEUE: 1 ед.
[LOAD_SEQUENCE] Найдено прикладных slots для гидратации: 8
[PAC_TRIAD_READY] Успешный IoC-монтаж бизнес-панели | Слот: 101
[PAC_TRIAD_READY] Успешный IoC-монтаж бизнес-панели | Слот: 104
[PAC_TRIAD_READY] Успешный IoC-монтаж бизнес-панели | Слот: 102
[PAC_TRIAD_READY] Успешный IoC-монтаж бизнес-панели | Слот: 103
[PAC_TRIAD_READY] Успешный IoC-монтаж бизнес-панели | Слот: 106
[PAC_TRIAD_READY] Успешный IoC-монтаж бизнес-панели | Слот: 105
[PAC_TRIAD_READY] Успешный IoC-монтаж бизнес-панели | Слот: 108
[PAC_TRIAD_READY] Успешный IoC-монтаж бизнес-панели | Слот: 100
[LOAD_SEQUENCE] Все бизнес-слоты успешно гидратированы в шину.
[SMO_CLOCK_AUDIT] TX #5 | ORIGIN: 11 -> TARGET: 0 (ROOT_UNIT) | INTENT: SYNCHRONIZE_DYNAMIC_SLOT | QUEUE: 9 ед.
[KERNEL_CLOCK] Финализация загрузки модулей. Считывание путей вкладок.
[SMO_CLOCK_AUDIT] TX #17 | ORIGIN: 0 -> TARGET: 9 (RESIZE_UNIT) | INTENT: FORCE_RECALCULATE_LAYOUT | QUEUE: 1 ед.
[SMO_CLOCK_AUDIT] TX #14 | ORIGIN: 0 -> TARGET: 12 (SYSTEM_TAB_MENU) | INTENT: REGISTRATION_TAB_SPACE | QUEUE: 3 ед.
[SMO_CLOCK_AUDIT] TX #18 | ORIGIN: 0 -> TARGET: 14 (SYSTEM_VSCROLLBAR) | INTENT: SYNC_SCROLLBAR_METRICS | QUEUE: 1 ед.
[SMO_CLOCK_AUDIT] TX #31 | ORIGIN: 9 -> TARGET: 9 (RESIZE_UNIT) | INTENT: INJECT_GEO_MAP | QUEUE: 2 ед.
[21:34:28 Msk] [СМО_LAYOUT] Геометрия TUI пересчитана воркером: W=162 знакомест | H=30 строк
[21:34:28 Msk] [СМО_LAYOUT] Геометрия TUI пересчитана воркером: W=162 знакомест | H=30 строк
[SMO_CLOCK_AUDIT] TX #24 | ORIGIN: 102 -> TARGET: 102 (EXPLORER) | INTENT: INJECT_VFS_DATA | QUEUE: 2 ед.
[SMO_CLOCK_AUDIT] TX #26 | ORIGIN: 103 -> TARGET: 103 (EXPLORER) | INTENT: INJECT_VFS_DATA | QUEUE: 2 ед.
[SMO_CLOCK_AUDIT] TX #23 | ORIGIN: 102 -> TARGET: 108 (LOGGER) | INTENT: ADD_LOG_ENTRY | QUEUE: 6 ед.
[SMO_CLOCK_AUDIT] TX #37 | ORIGIN: 102 -> TARGET: 14 (SYSTEM_VSCROLLBAR) | INTENT: SYNC_SCROLLBAR_METRICS | QUEUE: 4 ед.
[SMO_CLOCK_AUDIT] TX #131 | ORIGIN: 10 -> TARGET: 9 (RESIZE_UNIT) | INTENT: RESIZE_SLOT_GEOMETRY | QUEUE: 1 ед.
[SMO_CLOCK_AUDIT] TX #142 | ORIGIN: 10 -> TARGET: 14 (SYSTEM_VSCROLLBAR) | INTENT: SCROLL_CONTENT_DOWN | QUEUE: 1 ед.
[SMO_CLOCK_AUDIT] TX #143 | ORIGIN: 14 -> TARGET: 104 (FNBAR) | INTENT: NOTIFY_SCROLL_MUTATED | QUEUE: 1 ед.
[SMO_CLOCK_AUDIT] TX #148 | ORIGIN: 10 -> TARGET: 14 (SYSTEM_VSCROLLBAR) | INTENT: SCROLL_CONTENT_DOWN | QUEUE: 1 ед.
[SMO_CLOCK_AUDIT] TX #149 | ORIGIN: 14 -> TARGET: 104 (FNBAR) | INTENT: NOTIFY_SCROLL_MUTATED | QUEUE: 1 ед.
[SMO_CLOCK_AUDIT] TX #155 | ORIGIN: 10 -> TARGET: 14 (SYSTEM_VSCROLLBAR) | INTENT: SCROLL_CONTENT_UP | QUEUE: 1 ед.
[SMO_CLOCK_AUDIT] TX #156 | ORIGIN: 14 -> TARGET: 104 (FNBAR) | INTENT: NOTIFY_SCROLL_MUTATED | QUEUE: 1 ед.
[SMO_CLOCK_AUDIT] TX #161 | ORIGIN: 10 -> TARGET: 14 (SYSTEM_VSCROLLBAR) | INTENT: SCROLL_CONTENT_UP | QUEUE: 1 ед.
[SMO_CLOCK_AUDIT] TX #162 | ORIGIN: 14 -> TARGET: 104 (FNBAR) | INTENT: NOTIFY_SCROLL_MUTATED | QUEUE: 1 ед.
[SMO_CLOCK_AUDIT] TX #167 | ORIGIN: 10 -> TARGET: 14 (SYSTEM_VSCROLLBAR) | INTENT: SCROLL_CONTENT_DOWN | QUEUE: 1 ед.
[SMO_CLOCK_AUDIT] TX #168 | ORIGIN: 14 -> TARGET: 104 (FNBAR) | INTENT: NOTIFY_SCROLL_MUTATED | QUEUE: 1 ед.
[SMO_CLOCK_AUDIT] TX #174 | ORIGIN: 10 -> TARGET: 14 (SYSTEM_VSCROLLBAR) | INTENT: SCROLL_CONTENT_DOWN | QUEUE: 1 ед.
[SMO_CLOCK_AUDIT] TX #175 | ORIGIN: 14 -> TARGET: 104 (FNBAR) | INTENT: NOTIFY_SCROLL_MUTATED | QUEUE: 1 ед.
[SMO_CLOCK_AUDIT] TX #182 | ORIGIN: 10 -> TARGET: 14 (SYSTEM_VSCROLLBAR) | INTENT: SCROLL_CONTENT_DOWN | QUEUE: 1 ед.
[SMO_CLOCK_AUDIT] TX #183 | ORIGIN: 14 -> TARGET: 104 (FNBAR) | INTENT: NOTIFY_SCROLL_MUTATED | QUEUE: 1 ед.
[SMO_CLOCK_AUDIT] TX #186 | ORIGIN: 10 -> TARGET: 14 (SYSTEM_VSCROLLBAR) | INTENT: SCROLL_CONTENT_DOWN | QUEUE: 1 ед.
[SMO_CLOCK_AUDIT] TX #187 | ORIGIN: 14 -> TARGET: 104 (FNBAR) | INTENT: NOTIFY_SCROLL_MUTATED | QUEUE: 1 ед.
[SMO_CLOCK_AUDIT] TX #193 | ORIGIN: 10 -> TARGET: 14 (SYSTEM_VSCROLLBAR) | INTENT: SCROLL_CONTENT_UP | QUEUE: 1 ед.
[SMO_CLOCK_AUDIT] TX #194 | ORIGIN: 14 -> TARGET: 104 (FNBAR) | INTENT: NOTIFY_SCROLL_MUTATED | QUEUE: 1 ед.
[SMO_CLOCK_AUDIT] TX #199 | ORIGIN: 10 -> TARGET: 14 (SYSTEM_VSCROLLBAR) | INTENT: SCROLL_CONTENT_UP | QUEUE: 1 ед.
[SMO_CLOCK_AUDIT] TX #200 | ORIGIN: 14 -> TARGET: 104 (FNBAR) | INTENT: NOTIFY_SCROLL_MUTATED | QUEUE: 1 ед.
[SMO_CLOCK_AUDIT] TX #203 | ORIGIN: 10 -> TARGET: 14 (SYSTEM_VSCROLLBAR) | INTENT: SCROLL_CONTENT_UP | QUEUE: 1 ед.
[SMO_CLOCK_AUDIT] TX #204 | ORIGIN: 14 -> TARGET: 104 (FNBAR) | INTENT: NOTIFY_SCROLL_MUTATED | QUEUE: 1 ед.
[SMO_CLOCK_AUDIT] TX #209 | ORIGIN: 10 -> TARGET: 14 (SYSTEM_VSCROLLBAR) | INTENT: SCROLL_CONTENT_DOWN | QUEUE: 1 ед.
[SMO_CLOCK_AUDIT] TX #210 | ORIGIN: 14 -> TARGET: 104 (FNBAR) | INTENT: NOTIFY_SCROLL_MUTATED | QUEUE: 1 ед.
[SMO_CLOCK_AUDIT] TX #216 | ORIGIN: 10 -> TARGET: 14 (SYSTEM_VSCROLLBAR) | INTENT: SCROLL_CONTENT_DOWN | QUEUE: 1 ед.
[SMO_CLOCK_AUDIT] TX #217 | ORIGIN: 14 -> TARGET: 104 (FNBAR) | INTENT: NOTIFY_SCROLL_MUTATED | QUEUE: 1 ед.
[SMO_CLOCK_AUDIT] TX #220 | ORIGIN: 10 -> TARGET: 14 (SYSTEM_VSCROLLBAR) | INTENT: SCROLL_CONTENT_DOWN | QUEUE: 1 ед.
[SMO_CLOCK_AUDIT] TX #221 | ORIGIN: 14 -> TARGET: 104 (FNBAR) | INTENT: NOTIFY_SCROLL_MUTATED | QUEUE: 1 ед.
[SMO_CLOCK_AUDIT] TX #233 | ORIGIN: 10 -> TARGET: 14 (SYSTEM_VSCROLLBAR) | INTENT: SCROLL_CONTENT_DOWN | QUEUE: 1 ед.
[SMO_CLOCK_AUDIT] TX #234 | ORIGIN: 14 -> TARGET: 104 (FNBAR) | INTENT: NOTIFY_SCROLL_MUTATED | QUEUE: 1 ед.
[SMO_CLOCK_AUDIT] TX #237 | ORIGIN: 10 -> TARGET: 14 (SYSTEM_VSCROLLBAR) | INTENT: SCROLL_CONTENT_DOWN | QUEUE: 1 ед.
[SMO_CLOCK_AUDIT] TX #238 | ORIGIN: 14 -> TARGET: 104 (FNBAR) | INTENT: NOTIFY_SCROLL_MUTATED | QUEUE: 1 ед.
[SMO_CLOCK_AUDIT] TX #243 | ORIGIN: 10 -> TARGET: 14 (SYSTEM_VSCROLLBAR) | INTENT: SCROLL_CONTENT_UP | QUEUE: 1 ед.
[SMO_CLOCK_AUDIT] TX #244 | ORIGIN: 14 -> TARGET: 104 (FNBAR) | INTENT: NOTIFY_SCROLL_MUTATED | QUEUE: 1 ед.
[SMO_CLOCK_AUDIT] TX #250 | ORIGIN: 10 -> TARGET: 14 (SYSTEM_VSCROLLBAR) | INTENT: SCROLL_CONTENT_UP | QUEUE: 1 ед.
[SMO_CLOCK_AUDIT] TX #251 | ORIGIN: 14 -> TARGET: 104 (FNBAR) | INTENT: NOTIFY_SCROLL_MUTATED | QUEUE: 1 ед.
[SMO_CLOCK_AUDIT] TX #258 | ORIGIN: 10 -> TARGET: 14 (SYSTEM_VSCROLLBAR) | INTENT: SCROLL_CONTENT_DOWN | QUEUE: 1 ед.
[SMO_CLOCK_AUDIT] TX #259 | ORIGIN: 14 -> TARGET: 104 (FNBAR) | INTENT: NOTIFY_SCROLL_MUTATED | QUEUE: 1 ед.
[SMO_CLOCK_AUDIT] TX #262 | ORIGIN: 10 -> TARGET: 14 (SYSTEM_VSCROLLBAR) | INTENT: SCROLL_CONTENT_DOWN | QUEUE: 1 ед.
[SMO_CLOCK_AUDIT] TX #263 | ORIGIN: 14 -> TARGET: 104 (FNBAR) | INTENT: NOTIFY_SCROLL_MUTATED | QUEUE: 1 ед.
[SMO_CLOCK_AUDIT] TX #276 | ORIGIN: 10 -> TARGET: 9 (RESIZE_UNIT) | INTENT: RESIZE_SLOT_GEOMETRY | QUEUE: 1 ед.
[SMO_CLOCK_AUDIT] TX #280 | ORIGIN: 10 -> TARGET: 9 (RESIZE_UNIT) | INTENT: RESIZE_SLOT_GEOMETRY | QUEUE: 1 ед.
[SMO_CLOCK_AUDIT] TX #287 | ORIGIN: 10 -> TARGET: 14 (SYSTEM_VSCROLLBAR) | INTENT: SCROLL_CONTENT_DOWN | QUEUE: 1 ед.
[SMO_CLOCK_AUDIT] TX #288 | ORIGIN: 14 -> TARGET: 104 (FNBAR) | INTENT: NOTIFY_SCROLL_MUTATED | QUEUE: 1 ед.
[SMO_CLOCK_AUDIT] TX #293 | ORIGIN: 10 -> TARGET: 14 (SYSTEM_VSCROLLBAR) | INTENT: SCROLL_CONTENT_DOWN | QUEUE: 1 ед.
[SMO_CLOCK_AUDIT] TX #294 | ORIGIN: 14 -> TARGET: 104 (FNBAR) | INTENT: NOTIFY_SCROLL_MUTATED | QUEUE: 1 ед.
[SMO_CLOCK_AUDIT] TX #299 | ORIGIN: 10 -> TARGET: 14 (SYSTEM_VSCROLLBAR) | INTENT: SCROLL_CONTENT_UP | QUEUE: 1 ед.
[SMO_CLOCK_AUDIT] TX #300 | ORIGIN: 14 -> TARGET: 104 (FNBAR) | INTENT: NOTIFY_SCROLL_MUTATED | QUEUE: 1 ед.
[SMO_CLOCK_AUDIT] TX #306 | ORIGIN: 10 -> TARGET: 14 (SYSTEM_VSCROLLBAR) | INTENT: SCROLL_CONTENT_UP | QUEUE: 1 ед.
[SMO_CLOCK_AUDIT] TX #307 | ORIGIN: 14 -> TARGET: 104 (FNBAR) | INTENT: NOTIFY_SCROLL_MUTATED | QUEUE: 1 ед.
[SMO_CLOCK_AUDIT] TX #324 | ORIGIN: 10 -> TARGET: 14 (SYSTEM_VSCROLLBAR) | INTENT: SCROLL_CONTENT_DOWN | QUEUE: 1 ед.
[SMO_CLOCK_AUDIT] TX #325 | ORIGIN: 14 -> TARGET: 104 (FNBAR) | INTENT: NOTIFY_SCROLL_MUTATED | QUEUE: 1 ед.
[SMO_CLOCK_AUDIT] TX #328 | ORIGIN: 10 -> TARGET: 14 (SYSTEM_VSCROLLBAR) | INTENT: SCROLL_CONTENT_DOWN | QUEUE: 1 ед.
[SMO_CLOCK_AUDIT] TX #329 | ORIGIN: 14 -> TARGET: 104 (FNBAR) | INTENT: NOTIFY_SCROLL_MUTATED | QUEUE: 1 ед.
[SMO_CLOCK_AUDIT] TX #334 | ORIGIN: 10 -> TARGET: 14 (SYSTEM_VSCROLLBAR) | INTENT: SCROLL_CONTENT_UP | QUEUE: 1 ед.
[SMO_CLOCK_AUDIT] TX #335 | ORIGIN: 14 -> TARGET: 104 (FNBAR) | INTENT: NOTIFY_SCROLL_MUTATED | QUEUE: 1 ед.
[SMO_CLOCK_AUDIT] TX #340 | ORIGIN: 10 -> TARGET: 14 (SYSTEM_VSCROLLBAR) | INTENT: SCROLL_CONTENT_UP | QUEUE: 1 ед.
[SMO_CLOCK_AUDIT] TX #341 | ORIGIN: 14 -> TARGET: 104 (FNBAR) | INTENT: NOTIFY_SCROLL_MUTATED | QUEUE: 1 ед.
[SMO_CLOCK_AUDIT] TX #349 | ORIGIN: 10 -> TARGET: 14 (SYSTEM_VSCROLLBAR) | INTENT: SCROLL_CONTENT_DOWN | QUEUE: 1 ед.
[SMO_CLOCK_AUDIT] TX #350 | ORIGIN: 14 -> TARGET: 104 (FNBAR) | INTENT: NOTIFY_SCROLL_MUTATED | QUEUE: 1 ед.
[SMO_CLOCK_AUDIT] TX #353 | ORIGIN: 10 -> TARGET: 14 (SYSTEM_VSCROLLBAR) | INTENT: SCROLL_CONTENT_DOWN | QUEUE: 1 ед.
[SMO_CLOCK_AUDIT] TX #354 | ORIGIN: 14 -> TARGET: 104 (FNBAR) | INTENT: NOTIFY_SCROLL_MUTATED | QUEUE: 1 ед.
[SMO_CLOCK_AUDIT] TX #357 | ORIGIN: 10 -> TARGET: 14 (SYSTEM_VSCROLLBAR) | INTENT: SCROLL_CONTENT_DOWN | QUEUE: 1 ед.
[SMO_CLOCK_AUDIT] TX #358 | ORIGIN: 14 -> TARGET: 104 (FNBAR) | INTENT: NOTIFY_SCROLL_MUTATED | QUEUE: 1 ед.
[SMO_CLOCK_AUDIT] TX #363 | ORIGIN: 10 -> TARGET: 14 (SYSTEM_VSCROLLBAR) | INTENT: SCROLL_CONTENT_UP | QUEUE: 1 ед.
[SMO_CLOCK_AUDIT] TX #364 | ORIGIN: 14 -> TARGET: 104 (FNBAR) | INTENT: NOTIFY_SCROLL_MUTATED | QUEUE: 1 ед.
[SMO_CLOCK_AUDIT] TX #370 | ORIGIN: 10 -> TARGET: 14 (SYSTEM_VSCROLLBAR) | INTENT: SCROLL_CONTENT_UP | QUEUE: 1 ед.
[SMO_CLOCK_AUDIT] TX #371 | ORIGIN: 14 -> TARGET: 104 (FNBAR) | INTENT: NOTIFY_SCROLL_MUTATED | QUEUE: 1 ед.
[SMO_CLOCK_AUDIT] TX #376 | ORIGIN: 10 -> TARGET: 14 (SYSTEM_VSCROLLBAR) | INTENT: SCROLL_CONTENT_UP | QUEUE: 1 ед.
[SMO_CLOCK_AUDIT] TX #377 | ORIGIN: 14 -> TARGET: 104 (FNBAR) | INTENT: NOTIFY_SCROLL_MUTATED | QUEUE: 1 ед.
[SMO_CLOCK_AUDIT] TX #406 | ORIGIN: 10 -> TARGET: 9 (RESIZE_UNIT) | INTENT: RESIZE_SLOT_GEOMETRY | QUEUE: 1 ед.
[SMO_CLOCK_AUDIT] TX #417 | ORIGIN: 10 -> TARGET: 14 (SYSTEM_VSCROLLBAR) | INTENT: SCROLL_CONTENT_DOWN | QUEUE: 1 ед.
[SMO_CLOCK_AUDIT] TX #418 | ORIGIN: 14 -> TARGET: 104 (FNBAR) | INTENT: NOTIFY_SCROLL_MUTATED | QUEUE: 1 ед.
[SMO_CLOCK_AUDIT] TX #421 | ORIGIN: 10 -> TARGET: 14 (SYSTEM_VSCROLLBAR) | INTENT: SCROLL_CONTENT_DOWN | QUEUE: 1 ед.
[SMO_CLOCK_AUDIT] TX #422 | ORIGIN: 14 -> TARGET: 104 (FNBAR) | INTENT: NOTIFY_SCROLL_MUTATED | QUEUE: 1 ед.
[SMO_CLOCK_AUDIT] TX #427 | ORIGIN: 10 -> TARGET: 14 (SYSTEM_VSCROLLBAR) | INTENT: SCROLL_CONTENT_DOWN | QUEUE: 1 ед.
[SMO_CLOCK_AUDIT] TX #428 | ORIGIN: 14 -> TARGET: 104 (FNBAR) | INTENT: NOTIFY_SCROLL_MUTATED | QUEUE: 1 ед.
[SMO_CLOCK_AUDIT] TX #434 | ORIGIN: 10 -> TARGET: 14 (SYSTEM_VSCROLLBAR) | INTENT: SCROLL_CONTENT_UP | QUEUE: 1 ед.
[SMO_CLOCK_AUDIT] TX #435 | ORIGIN: 14 -> TARGET: 104 (FNBAR) | INTENT: NOTIFY_SCROLL_MUTATED | QUEUE: 1 ед.
[SMO_CLOCK_AUDIT] TX #438 | ORIGIN: 10 -> TARGET: 14 (SYSTEM_VSCROLLBAR) | INTENT: SCROLL_CONTENT_UP | QUEUE: 1 ед.
[SMO_CLOCK_AUDIT] TX #439 | ORIGIN: 14 -> TARGET: 104 (FNBAR) | INTENT: NOTIFY_SCROLL_MUTATED | QUEUE: 1 ед.
[SMO_CLOCK_AUDIT] TX #442 | ORIGIN: 10 -> TARGET: 14 (SYSTEM_VSCROLLBAR) | INTENT: SCROLL_CONTENT_UP | QUEUE: 1 ед.
[SMO_CLOCK_AUDIT] TX #443 | ORIGIN: 14 -> TARGET: 104 (FNBAR) | INTENT: NOTIFY_SCROLL_MUTATED | QUEUE: 1 ед.
[SMO_CLOCK_AUDIT] TX #450 | ORIGIN: 10 -> TARGET: 14 (SYSTEM_VSCROLLBAR) | INTENT: SCROLL_CONTENT_DOWN | QUEUE: 1 ед.
[SMO_CLOCK_AUDIT] TX #451 | ORIGIN: 14 -> TARGET: 104 (FNBAR) | INTENT: NOTIFY_SCROLL_MUTATED | QUEUE: 1 ед.
[SMO_CLOCK_AUDIT] TX #454 | ORIGIN: 10 -> TARGET: 14 (SYSTEM_VSCROLLBAR) | INTENT: SCROLL_CONTENT_DOWN | QUEUE: 1 ед.
[SMO_CLOCK_AUDIT] TX #455 | ORIGIN: 14 -> TARGET: 104 (FNBAR) | INTENT: NOTIFY_SCROLL_MUTATED | QUEUE: 1 ед.
[SMO_CLOCK_AUDIT] TX #461 | ORIGIN: 10 -> TARGET: 14 (SYSTEM_VSCROLLBAR) | INTENT: SCROLL_CONTENT_UP | QUEUE: 1 ед.
[SMO_CLOCK_AUDIT] TX #462 | ORIGIN: 14 -> TARGET: 104 (FNBAR) | INTENT: NOTIFY_SCROLL_MUTATED | QUEUE: 1 ед.
[SMO_CLOCK_AUDIT] TX #467 | ORIGIN: 10 -> TARGET: 14 (SYSTEM_VSCROLLBAR) | INTENT: SCROLL_CONTENT_UP | QUEUE: 1 ед.
[SMO_CLOCK_AUDIT] TX #468 | ORIGIN: 14 -> TARGET: 104 (FNBAR) | INTENT: NOTIFY_SCROLL_MUTATED | QUEUE: 1 ед.
[SMO_CLOCK_AUDIT] TX #473 | ORIGIN: 10 -> TARGET: 14 (SYSTEM_VSCROLLBAR) | INTENT: SCROLL_CONTENT_DOWN | QUEUE: 1 ед.
[SMO_CLOCK_AUDIT] TX #474 | ORIGIN: 14 -> TARGET: 104 (FNBAR) | INTENT: NOTIFY_SCROLL_MUTATED | QUEUE: 1 ед.
[SMO_CLOCK_AUDIT] TX #480 | ORIGIN: 10 -> TARGET: 14 (SYSTEM_VSCROLLBAR) | INTENT: SCROLL_CONTENT_DOWN | QUEUE: 1 ед.
[SMO_CLOCK_AUDIT] TX #481 | ORIGIN: 14 -> TARGET: 104 (FNBAR) | INTENT: NOTIFY_SCROLL_MUTATED | QUEUE: 1 ед.
[SMO_CLOCK_AUDIT] TX #486 | ORIGIN: 10 -> TARGET: 14 (SYSTEM_VSCROLLBAR) | INTENT: SCROLL_CONTENT_UP | QUEUE: 1 ед.
[SMO_CLOCK_AUDIT] TX #487 | ORIGIN: 14 -> TARGET: 104 (FNBAR) | INTENT: NOTIFY_SCROLL_MUTATED | QUEUE: 1 ед.
[SMO_CLOCK_AUDIT] TX #499 | ORIGIN: 10 -> TARGET: 14 (SYSTEM_VSCROLLBAR) | INTENT: SCROLL_CONTENT_UP | QUEUE: 1 ед.
[SMO_CLOCK_AUDIT] TX #500 | ORIGIN: 14 -> TARGET: 104 (FNBAR) | INTENT: NOTIFY_SCROLL_MUTATED | QUEUE: 1 ед.
[SMO_CLOCK_AUDIT] TX #506 | ORIGIN: 10 -> TARGET: 14 (SYSTEM_VSCROLLBAR) | INTENT: SCROLL_CONTENT_UP | QUEUE: 1 ед.
[SMO_CLOCK_AUDIT] TX #507 | ORIGIN: 14 -> TARGET: 104 (FNBAR) | INTENT: NOTIFY_SCROLL_MUTATED | QUEUE: 1 ед.
[SMO_CLOCK_AUDIT] TX #514 | ORIGIN: 10 -> TARGET: 14 (SYSTEM_VSCROLLBAR) | INTENT: SCROLL_CONTENT_DOWN | QUEUE: 1 ед.
[SMO_CLOCK_AUDIT] TX #515 | ORIGIN: 14 -> TARGET: 104 (FNBAR) | INTENT: NOTIFY_SCROLL_MUTATED | QUEUE: 1 ед.
[SMO_CLOCK_AUDIT] TX #521 | ORIGIN: 10 -> TARGET: 14 (SYSTEM_VSCROLLBAR) | INTENT: SCROLL_CONTENT_DOWN | QUEUE: 1 ед.
[SMO_CLOCK_AUDIT] TX #522 | ORIGIN: 14 -> TARGET: 104 (FNBAR) | INTENT: NOTIFY_SCROLL_MUTATED | QUEUE: 1 ед.
[SMO_CLOCK_AUDIT] TX #525 | ORIGIN: 10 -> TARGET: 14 (SYSTEM_VSCROLLBAR) | INTENT: SCROLL_CONTENT_DOWN | QUEUE: 1 ед.
[SMO_CLOCK_AUDIT] TX #526 | ORIGIN: 14 -> TARGET: 104 (FNBAR) | INTENT: NOTIFY_SCROLL_MUTATED | QUEUE: 1 ед.
[SMO_CLOCK_AUDIT] TX #529 | ORIGIN: 10 -> TARGET: 14 (SYSTEM_VSCROLLBAR) | INTENT: SCROLL_CONTENT_DOWN | QUEUE: 1 ед.
[SMO_CLOCK_AUDIT] TX #530 | ORIGIN: 14 -> TARGET: 104 (FNBAR) | INTENT: NOTIFY_SCROLL_MUTATED | QUEUE: 1 ед.
[SMO_CLOCK_AUDIT] TX #2712 | ORIGIN: 10 -> TARGET: 9 (RESIZE_UNIT) | INTENT: RESIZE_SLOT_GEOMETRY | QUEUE: 1 ед.
[SMO_CLOCK_AUDIT] TX #2723 | ORIGIN: 10 -> TARGET: 14 (SYSTEM_VSCROLLBAR) | INTENT: SCROLL_CONTENT_DOWN | QUEUE: 1 ед.
[SMO_CLOCK_AUDIT] TX #2724 | ORIGIN: 14 -> TARGET: 104 (FNBAR) | INTENT: NOTIFY_SCROLL_MUTATED | QUEUE: 1 ед.
[SMO_CLOCK_AUDIT] TX #2730 | ORIGIN: 10 -> TARGET: 14 (SYSTEM_VSCROLLBAR) | INTENT: SCROLL_CONTENT_DOWN | QUEUE: 1 ед.
[SMO_CLOCK_AUDIT] TX #2731 | ORIGIN: 14 -> TARGET: 104 (FNBAR) | INTENT: NOTIFY_SCROLL_MUTATED | QUEUE: 1 ед.
[SMO_CLOCK_AUDIT] TX #2736 | ORIGIN: 10 -> TARGET: 14 (SYSTEM_VSCROLLBAR) | INTENT: SCROLL_CONTENT_UP | QUEUE: 1 ед.
[SMO_CLOCK_AUDIT] TX #2737 | ORIGIN: 14 -> TARGET: 104 (FNBAR) | INTENT: NOTIFY_SCROLL_MUTATED | QUEUE: 1 ед.
[SMO_CLOCK_AUDIT] TX #2740 | ORIGIN: 10 -> TARGET: 14 (SYSTEM_VSCROLLBAR) | INTENT: SCROLL_CONTENT_UP | QUEUE: 1 ед.
[SMO_CLOCK_AUDIT] TX #2741 | ORIGIN: 14 -> TARGET: 104 (FNBAR) | INTENT: NOTIFY_SCROLL_MUTATED | QUEUE: 1 ед.
[SMO_CLOCK_AUDIT] TX #2749 | ORIGIN: 10 -> TARGET: 14 (SYSTEM_VSCROLLBAR) | INTENT: SCROLL_CONTENT_DOWN | QUEUE: 1 ед.
[SMO_CLOCK_AUDIT] TX #2750 | ORIGIN: 14 -> TARGET: 104 (FNBAR) | INTENT: NOTIFY_SCROLL_MUTATED | QUEUE: 1 ед.
[SMO_CLOCK_AUDIT] TX #2753 | ORIGIN: 10 -> TARGET: 14 (SYSTEM_VSCROLLBAR) | INTENT: SCROLL_CONTENT_DOWN | QUEUE: 1 ед.
[SMO_CLOCK_AUDIT] TX #2754 | ORIGIN: 14 -> TARGET: 104 (FNBAR) | INTENT: NOTIFY_SCROLL_MUTATED | QUEUE: 1 ед.
[SMO_CLOCK_AUDIT] TX #2759 | ORIGIN: 10 -> TARGET: 14 (SYSTEM_VSCROLLBAR) | INTENT: SCROLL_CONTENT_UP | QUEUE: 1 ед.
[SMO_CLOCK_AUDIT] TX #2760 | ORIGIN: 14 -> TARGET: 104 (FNBAR) | INTENT: NOTIFY_SCROLL_MUTATED | QUEUE: 1 ед.
[SMO_CLOCK_AUDIT] TX #2768 | ORIGIN: 10 -> TARGET: 14 (SYSTEM_VSCROLLBAR) | INTENT: SCROLL_CONTENT_DOWN | QUEUE: 1 ед.
[SMO_CLOCK_AUDIT] TX #2769 | ORIGIN: 14 -> TARGET: 104 (FNBAR) | INTENT: NOTIFY_SCROLL_MUTATED | QUEUE: 1 ед.
[SMO_CLOCK_AUDIT] TX #2772 | ORIGIN: 10 -> TARGET: 14 (SYSTEM_VSCROLLBAR) | INTENT: SCROLL_CONTENT_DOWN | QUEUE: 1 ед.
[SMO_CLOCK_AUDIT] TX #2773 | ORIGIN: 14 -> TARGET: 104 (FNBAR) | INTENT: NOTIFY_SCROLL_MUTATED | QUEUE: 1 ед.
[SMO_CLOCK_AUDIT] TX #2778 | ORIGIN: 10 -> TARGET: 14 (SYSTEM_VSCROLLBAR) | INTENT: SCROLL_CONTENT_UP | QUEUE: 1 ед.
[SMO_CLOCK_AUDIT] TX #2779 | ORIGIN: 14 -> TARGET: 104 (FNBAR) | INTENT: NOTIFY_SCROLL_MUTATED | QUEUE: 1 ед.
[SMO_CLOCK_AUDIT] TX #2784 | ORIGIN: 10 -> TARGET: 14 (SYSTEM_VSCROLLBAR) | INTENT: SCROLL_CONTENT_UP | QUEUE: 1 ед.
[SMO_CLOCK_AUDIT] TX #2785 | ORIGIN: 14 -> TARGET: 104 (FNBAR) | INTENT: NOTIFY_SCROLL_MUTATED | QUEUE: 1 ед.
[SMO_CLOCK_AUDIT] TX #2788 | ORIGIN: 10 -> TARGET: 14 (SYSTEM_VSCROLLBAR) | INTENT: SCROLL_CONTENT_UP | QUEUE: 1 ед.
[SMO_CLOCK_AUDIT] TX #2789 | ORIGIN: 14 -> TARGET: 104 (FNBAR) | INTENT: NOTIFY_SCROLL_MUTATED | QUEUE: 1 ед.
[SMO_CLOCK_AUDIT] TX #2795 | ORIGIN: 10 -> TARGET: 14 (SYSTEM_VSCROLLBAR) | INTENT: SCROLL_CONTENT_DOWN | QUEUE: 1 ед.
[SMO_CLOCK_AUDIT] TX #2796 | ORIGIN: 14 -> TARGET: 104 (FNBAR) | INTENT: NOTIFY_SCROLL_MUTATED | QUEUE: 1 ед.
[SMO_CLOCK_AUDIT] TX #2799 | ORIGIN: 10 -> TARGET: 14 (SYSTEM_VSCROLLBAR) | INTENT: SCROLL_CONTENT_DOWN | QUEUE: 1 ед.
[SMO_CLOCK_AUDIT] TX #2800 | ORIGIN: 14 -> TARGET: 104 (FNBAR) | INTENT: NOTIFY_SCROLL_MUTATED | QUEUE: 1 ед.
[SMO_CLOCK_AUDIT] TX #2812 | ORIGIN: 10 -> TARGET: 14 (SYSTEM_VSCROLLBAR) | INTENT: SCROLL_CONTENT_DOWN | QUEUE: 1 ед.
[SMO_CLOCK_AUDIT] TX #2813 | ORIGIN: 14 -> TARGET: 104 (FNBAR) | INTENT: NOTIFY_SCROLL_MUTATED | QUEUE: 1 ед.
[SMO_CLOCK_AUDIT] TX #2818 | ORIGIN: 10 -> TARGET: 14 (SYSTEM_VSCROLLBAR) | INTENT: SCROLL_CONTENT_DOWN | QUEUE: 1 ед.
[SMO_CLOCK_AUDIT] TX #2819 | ORIGIN: 14 -> TARGET: 104 (FNBAR) | INTENT: NOTIFY_SCROLL_MUTATED | QUEUE: 1 ед.
[SMO_CLOCK_AUDIT] TX #2829 | ORIGIN: 10 -> TARGET: 14 (SYSTEM_VSCROLLBAR) | INTENT: SCROLL_CONTENT_DOWN | QUEUE: 1 ед.
[SMO_CLOCK_AUDIT] TX #2830 | ORIGIN: 14 -> TARGET: 104 (FNBAR) | INTENT: NOTIFY_SCROLL_MUTATED | QUEUE: 1 ед.
[SMO_CLOCK_AUDIT] TX #2836 | ORIGIN: 10 -> TARGET: 14 (SYSTEM_VSCROLLBAR) | INTENT: SCROLL_CONTENT_UP | QUEUE: 1 ед.
[SMO_CLOCK_AUDIT] TX #2837 | ORIGIN: 14 -> TARGET: 104 (FNBAR) | INTENT: NOTIFY_SCROLL_MUTATED | QUEUE: 1 ед.
[SMO_CLOCK_AUDIT] TX #2851 | ORIGIN: 10 -> TARGET: 9 (RESIZE_UNIT) | INTENT: RESIZE_SLOT_GEOMETRY | QUEUE: 1 ед.
[SMO_CLOCK_AUDIT] TX #2863 | ORIGIN: 10 -> TARGET: 14 (SYSTEM_VSCROLLBAR) | INTENT: SCROLL_CONTENT_DOWN | QUEUE: 1 ед.
[SMO_CLOCK_AUDIT] TX #2864 | ORIGIN: 14 -> TARGET: 104 (FNBAR) | INTENT: NOTIFY_SCROLL_MUTATED | QUEUE: 1 ед.
[SMO_CLOCK_AUDIT] TX #2869 | ORIGIN: 10 -> TARGET: 14 (SYSTEM_VSCROLLBAR) | INTENT: SCROLL_CONTENT_DOWN | QUEUE: 1 ед.
[SMO_CLOCK_AUDIT] TX #2870 | ORIGIN: 14 -> TARGET: 104 (FNBAR) | INTENT: NOTIFY_SCROLL_MUTATED | QUEUE: 1 ед.
[SMO_CLOCK_AUDIT] TX #2875 | ORIGIN: 10 -> TARGET: 14 (SYSTEM_VSCROLLBAR) | INTENT: SCROLL_CONTENT_UP | QUEUE: 1 ед.
[SMO_CLOCK_AUDIT] TX #2876 | ORIGIN: 14 -> TARGET: 104 (FNBAR) | INTENT: NOTIFY_SCROLL_MUTATED | QUEUE: 1 ед.
[SMO_CLOCK_AUDIT] TX #2884 | ORIGIN: 10 -> TARGET: 14 (SYSTEM_VSCROLLBAR) | INTENT: SCROLL_CONTENT_DOWN | QUEUE: 1 ед.
[SMO_CLOCK_AUDIT] TX #2885 | ORIGIN: 14 -> TARGET: 104 (FNBAR) | INTENT: NOTIFY_SCROLL_MUTATED | QUEUE: 1 ед.
[SMO_CLOCK_AUDIT] TX #2888 | ORIGIN: 10 -> TARGET: 14 (SYSTEM_VSCROLLBAR) | INTENT: SCROLL_CONTENT_DOWN | QUEUE: 1 ед.
[SMO_CLOCK_AUDIT] TX #2889 | ORIGIN: 14 -> TARGET: 104 (FNBAR) | INTENT: NOTIFY_SCROLL_MUTATED | QUEUE: 1 ед.
[SMO_CLOCK_AUDIT] TX #2894 | ORIGIN: 10 -> TARGET: 14 (SYSTEM_VSCROLLBAR) | INTENT: SCROLL_CONTENT_UP | QUEUE: 1 ед.
[SMO_CLOCK_AUDIT] TX #2895 | ORIGIN: 14 -> TARGET: 104 (FNBAR) | INTENT: NOTIFY_SCROLL_MUTATED | QUEUE: 1 ед.
[SMO_CLOCK_AUDIT] TX #3 | ORIGIN: 0 -> TARGET: 0 (ROOT_UNIT) | INTENT: init | QUEUE: 1 ед.
[SMO_CLOCK_AUDIT] TX #1 | ORIGIN: 0 -> TARGET: 9 (RESIZE_UNIT) | INTENT: TRIGGER_RESIZE | QUEUE: 1 ед.
[SMO_CLOCK_AUDIT] TX #2 | ORIGIN: 0 -> TARGET: 11 (LOADER_UNIT) | INTENT: BOOT_LAYOUT_TREE | QUEUE: 1 ед.
[LOAD_SEQUENCE] Найдено прикладных slots для гидратации: 8
[PAC_TRIAD_READY] Успешный IoC-монтаж бизнес-панели | Слот: 101
[PAC_TRIAD_READY] Успешный IoC-монтаж бизнес-панели | Слот: 104
[PAC_TRIAD_READY] Успешный IoC-монтаж бизнес-панели | Слот: 102
[PAC_TRIAD_READY] Успешный IoC-монтаж бизнес-панели | Слот: 103
[PAC_TRIAD_READY] Успешный IoC-монтаж бизнес-панели | Слот: 106
[PAC_TRIAD_READY] Успешный IoC-монтаж бизнес-панели | Слот: 105
[PAC_TRIAD_READY] Успешный IoC-монтаж бизнес-панели | Слот: 108
[PAC_TRIAD_READY] Успешный IoC-монтаж бизнес-панели | Слот: 100
[LOAD_SEQUENCE] Все бизнес-слоты успешно гидратированы в шину.
[SMO_CLOCK_AUDIT] TX #5 | ORIGIN: 11 -> TARGET: 0 (ROOT_UNIT) | INTENT: SYNCHRONIZE_DYNAMIC_SLOT | QUEUE: 9 ед.
[KERNEL_CLOCK] Финализация загрузки модулей. Считывание путей вкладок.
[SMO_CLOCK_AUDIT] TX #17 | ORIGIN: 0 -> TARGET: 9 (RESIZE_UNIT) | INTENT: FORCE_RECALCULATE_LAYOUT | QUEUE: 1 ед.
[SMO_CLOCK_AUDIT] TX #14 | ORIGIN: 0 -> TARGET: 12 (SYSTEM_TAB_MENU) | INTENT: REGISTRATION_TAB_SPACE | QUEUE: 3 ед.
[SMO_CLOCK_AUDIT] TX #18 | ORIGIN: 0 -> TARGET: 14 (SYSTEM_VSCROLLBAR) | INTENT: SYNC_SCROLLBAR_METRICS | QUEUE: 1 ед.
[SMO_CLOCK_AUDIT] TX #31 | ORIGIN: 9 -> TARGET: 9 (RESIZE_UNIT) | INTENT: INJECT_GEO_MAP | QUEUE: 2 ед.
[21:37:51 Msk] [СМО_LAYOUT] Геометрия TUI пересчитана воркером: W=162 знакомест | H=30 строк
[21:37:51 Msk] [СМО_LAYOUT] Геометрия TUI пересчитана воркером: W=162 знакомест | H=30 строк
[SMO_CLOCK_AUDIT] TX #24 | ORIGIN: 102 -> TARGET: 102 (EXPLORER) | INTENT: INJECT_VFS_DATA | QUEUE: 2 ед.
[SMO_CLOCK_AUDIT] TX #26 | ORIGIN: 103 -> TARGET: 103 (EXPLORER) | INTENT: INJECT_VFS_DATA | QUEUE: 2 ед.
[SMO_CLOCK_AUDIT] TX #23 | ORIGIN: 102 -> TARGET: 108 (LOGGER) | INTENT: ADD_LOG_ENTRY | QUEUE: 6 ед.
[SMO_CLOCK_AUDIT] TX #37 | ORIGIN: 102 -> TARGET: 14 (SYSTEM_VSCROLLBAR) | INTENT: SYNC_SCROLLBAR_METRICS | QUEUE: 4 ед.
[SMO_CLOCK_AUDIT] TX #107 | ORIGIN: 10 -> TARGET: 103 (EXPLORER) | INTENT: MOUSE_CLICK | QUEUE: 1 ед.
[SMO_CLOCK_AUDIT] TX #109 | ORIGIN: 10 -> TARGET: 103 (EXPLORER) | INTENT: MOUSE_CLICK | QUEUE: 1 ед.
[SMO_CLOCK_AUDIT] TX #112 | ORIGIN: 103 -> TARGET: 103 (EXPLORER) | INTENT: INJECT_VFS_DATA | QUEUE: 1 ед.
[SMO_CLOCK_AUDIT] TX #111 | ORIGIN: 103 -> TARGET: 108 (LOGGER) | INTENT: ADD_LOG_ENTRY | QUEUE: 1 ед.
[SMO_CLOCK_AUDIT] TX #113 | ORIGIN: 103 -> TARGET: 14 (SYSTEM_VSCROLLBAR) | INTENT: SYNC_SCROLLBAR_METRICS | QUEUE: 1 ед.
[SMO_CLOCK_AUDIT] TX #129 | ORIGIN: 10 -> TARGET: 14 (SYSTEM_VSCROLLBAR) | INTENT: SCROLL_CONTENT_DOWN | QUEUE: 1 ед.
[SMO_CLOCK_AUDIT] TX #130 | ORIGIN: 14 -> TARGET: 103 (EXPLORER) | INTENT: NOTIFY_SCROLL_MUTATED | QUEUE: 1 ед.
[SMO_CLOCK_AUDIT] TX #161 | ORIGIN: 10 -> TARGET: 104 (FNBAR) | INTENT: FN_KEY_CLICKED | QUEUE: 1 ед.
[SMO_CLOCK_AUDIT] TX #177 | ORIGIN: 10 -> TARGET: 14 (SYSTEM_VSCROLLBAR) | INTENT: SCROLL_CONTENT_DOWN | QUEUE: 1 ед.
[SMO_CLOCK_AUDIT] TX #3 | ORIGIN: 0 -> TARGET: 0 (ROOT_UNIT) | INTENT: init | QUEUE: 1 ед.
[SMO_CLOCK_AUDIT] TX #1 | ORIGIN: 0 -> TARGET: 9 (RESIZE_UNIT) | INTENT: TRIGGER_RESIZE | QUEUE: 1 ед.
[SMO_CLOCK_AUDIT] TX #2 | ORIGIN: 0 -> TARGET: 11 (LOADER_UNIT) | INTENT: BOOT_LAYOUT_TREE | QUEUE: 1 ед.
[LOAD_SEQUENCE] Найдено прикладных slots для гидратации: 8
[PAC_TRIAD_READY] Успешный IoC-монтаж бизнес-панели | Слот: 101
[PAC_TRIAD_READY] Успешный IoC-монтаж бизнес-панели | Слот: 104
[PAC_TRIAD_READY] Успешный IoC-монтаж бизнес-панели | Слот: 102
[PAC_TRIAD_READY] Успешный IoC-монтаж бизнес-панели | Слот: 103
[PAC_TRIAD_READY] Успешный IoC-монтаж бизнес-панели | Слот: 106
[PAC_TRIAD_READY] Успешный IoC-монтаж бизнес-панели | Слот: 105
[PAC_TRIAD_READY] Успешный IoC-монтаж бизнес-панели | Слот: 108
[PAC_TRIAD_READY] Успешный IoC-монтаж бизнес-панели | Слот: 100
[LOAD_SEQUENCE] Все бизнес-слоты успешно гидратированы в шину.
[SMO_CLOCK_AUDIT] TX #5 | ORIGIN: 11 -> TARGET: 0 (ROOT_UNIT) | INTENT: SYNCHRONIZE_DYNAMIC_SLOT | QUEUE: 9 ед.
[KERNEL_CLOCK] Финализация загрузки модулей. Считывание путей вкладок.
[SMO_CLOCK_AUDIT] TX #17 | ORIGIN: 0 -> TARGET: 9 (RESIZE_UNIT) | INTENT: FORCE_RECALCULATE_LAYOUT | QUEUE: 1 ед.
[SMO_CLOCK_AUDIT] TX #14 | ORIGIN: 0 -> TARGET: 12 (SYSTEM_TAB_MENU) | INTENT: REGISTRATION_TAB_SPACE | QUEUE: 3 ед.
[SMO_CLOCK_AUDIT] TX #18 | ORIGIN: 0 -> TARGET: 14 (SYSTEM_VSCROLLBAR) | INTENT: SYNC_SCROLLBAR_METRICS | QUEUE: 1 ед.
[SMO_CLOCK_AUDIT] TX #31 | ORIGIN: 9 -> TARGET: 9 (RESIZE_UNIT) | INTENT: INJECT_GEO_MAP | QUEUE: 2 ед.
[21:40:21 Msk] [СМО_LAYOUT] Геометрия TUI пересчитана воркером: W=162 знакомест | H=30 строк
[21:40:21 Msk] [СМО_LAYOUT] Геометрия TUI пересчитана воркером: W=162 знакомест | H=30 строк
[SMO_CLOCK_AUDIT] TX #24 | ORIGIN: 102 -> TARGET: 102 (EXPLORER) | INTENT: INJECT_VFS_DATA | QUEUE: 2 ед.
[SMO_CLOCK_AUDIT] TX #26 | ORIGIN: 103 -> TARGET: 103 (EXPLORER) | INTENT: INJECT_VFS_DATA | QUEUE: 2 ед.
[SMO_CLOCK_AUDIT] TX #23 | ORIGIN: 102 -> TARGET: 108 (LOGGER) | INTENT: ADD_LOG_ENTRY | QUEUE: 6 ед.
[SMO_CLOCK_AUDIT] TX #37 | ORIGIN: 102 -> TARGET: 14 (SYSTEM_VSCROLLBAR) | INTENT: SYNC_SCROLLBAR_METRICS | QUEUE: 4 ед.
[SMO_CLOCK_AUDIT] TX #266 | ORIGIN: 10 -> TARGET: 14 (SYSTEM_VSCROLLBAR) | INTENT: SCROLL_CONTENT_UP | QUEUE: 1 ед.
[SMO_CLOCK_AUDIT] TX #3 | ORIGIN: 0 -> TARGET: 0 (ROOT_UNIT) | INTENT: init | QUEUE: 1 ед.
[SMO_CLOCK_AUDIT] TX #1 | ORIGIN: 0 -> TARGET: 9 (RESIZE_UNIT) | INTENT: TRIGGER_RESIZE | QUEUE: 1 ед.
[SMO_CLOCK_AUDIT] TX #2 | ORIGIN: 0 -> TARGET: 11 (LOADER_UNIT) | INTENT: BOOT_LAYOUT_TREE | QUEUE: 1 ед.
[LOAD_SEQUENCE] Найдено прикладных slots для гидратации: 8
[PAC_TRIAD_READY] Успешный IoC-монтаж бизнес-панели | Слот: 101
[PAC_TRIAD_READY] Успешный IoC-монтаж бизнес-панели | Слот: 104
[PAC_TRIAD_READY] Успешный IoC-монтаж бизнес-панели | Слот: 102
[PAC_TRIAD_READY] Успешный IoC-монтаж бизнес-панели | Слот: 103
[PAC_TRIAD_READY] Успешный IoC-монтаж бизнес-панели | Слот: 106
[PAC_TRIAD_READY] Успешный IoC-монтаж бизнес-панели | Слот: 105
[PAC_TRIAD_READY] Успешный IoC-монтаж бизнес-панели | Слот: 108
[PAC_TRIAD_READY] Успешный IoC-монтаж бизнес-панели | Слот: 100
[LOAD_SEQUENCE] Все бизнес-слоты успешно гидратированы в шину.
[SMO_CLOCK_AUDIT] TX #5 | ORIGIN: 11 -> TARGET: 0 (ROOT_UNIT) | INTENT: SYNCHRONIZE_DYNAMIC_SLOT | QUEUE: 9 ед.
[KERNEL_CLOCK] Финализация загрузки модулей. Считывание путей вкладок.
[SMO_CLOCK_AUDIT] TX #17 | ORIGIN: 0 -> TARGET: 9 (RESIZE_UNIT) | INTENT: FORCE_RECALCULATE_LAYOUT | QUEUE: 1 ед.
[SMO_CLOCK_AUDIT] TX #14 | ORIGIN: 0 -> TARGET: 12 (SYSTEM_TAB_MENU) | INTENT: REGISTRATION_TAB_SPACE | QUEUE: 3 ед.
[SMO_CLOCK_AUDIT] TX #18 | ORIGIN: 0 -> TARGET: 14 (SYSTEM_VSCROLLBAR) | INTENT: SYNC_SCROLLBAR_METRICS | QUEUE: 1 ед.
[SMO_CLOCK_AUDIT] TX #29 | ORIGIN: 9 -> TARGET: 9 (RESIZE_UNIT) | INTENT: INJECT_GEO_MAP | QUEUE: 2 ед.
[21:40:36 Msk] [СМО_LAYOUT] Геометрия TUI пересчитана воркером: W=162 знакомест | H=30 строк
[21:40:36 Msk] [СМО_LAYOUT] Геометрия TUI пересчитана воркером: W=162 знакомест | H=30 строк
[SMO_CLOCK_AUDIT] TX #22 | ORIGIN: 102 -> TARGET: 102 (EXPLORER) | INTENT: INJECT_VFS_DATA | QUEUE: 2 ед.
[SMO_CLOCK_AUDIT] TX #24 | ORIGIN: 103 -> TARGET: 103 (EXPLORER) | INTENT: INJECT_VFS_DATA | QUEUE: 2 ед.
[SMO_CLOCK_AUDIT] TX #21 | ORIGIN: 102 -> TARGET: 108 (LOGGER) | INTENT: ADD_LOG_ENTRY | QUEUE: 6 ед.
[SMO_CLOCK_AUDIT] TX #35 | ORIGIN: 102 -> TARGET: 14 (SYSTEM_VSCROLLBAR) | INTENT: SYNC_SCROLLBAR_METRICS | QUEUE: 4 ед.
[SMO_CLOCK_AUDIT] TX #3 | ORIGIN: 0 -> TARGET: 0 (ROOT_UNIT) | INTENT: init | QUEUE: 1 ед.
[SMO_CLOCK_AUDIT] TX #1 | ORIGIN: 0 -> TARGET: 9 (RESIZE_UNIT) | INTENT: TRIGGER_RESIZE | QUEUE: 1 ед.
[SMO_CLOCK_AUDIT] TX #2 | ORIGIN: 0 -> TARGET: 11 (LOADER_UNIT) | INTENT: BOOT_LAYOUT_TREE | QUEUE: 1 ед.
[LOAD_SEQUENCE] Найдено прикладных slots для гидратации: 8
[PAC_TRIAD_READY] Успешный IoC-монтаж бизнес-панели | Слот: 101
[PAC_TRIAD_READY] Успешный IoC-монтаж бизнес-панели | Слот: 104
[PAC_TRIAD_READY] Успешный IoC-монтаж бизнес-панели | Слот: 102
[PAC_TRIAD_READY] Успешный IoC-монтаж бизнес-панели | Слот: 103
[PAC_TRIAD_READY] Успешный IoC-монтаж бизнес-панели | Слот: 106
[PAC_TRIAD_READY] Успешный IoC-монтаж бизнес-панели | Слот: 105
[PAC_TRIAD_READY] Успешный IoC-монтаж бизнес-панели | Слот: 108
[PAC_TRIAD_READY] Успешный IoC-монтаж бизнес-панели | Слот: 100
[LOAD_SEQUENCE] Все бизнес-слоты успешно гидратированы в шину.
[SMO_CLOCK_AUDIT] TX #5 | ORIGIN: 11 -> TARGET: 0 (ROOT_UNIT) | INTENT: SYNCHRONIZE_DYNAMIC_SLOT | QUEUE: 9 ед.
[KERNEL_CLOCK] Финализация загрузки модулей. Считывание путей вкладок.
[SMO_CLOCK_AUDIT] TX #17 | ORIGIN: 0 -> TARGET: 9 (RESIZE_UNIT) | INTENT: FORCE_RECALCULATE_LAYOUT | QUEUE: 1 ед.
[SMO_CLOCK_AUDIT] TX #14 | ORIGIN: 0 -> TARGET: 12 (SYSTEM_TAB_MENU) | INTENT: REGISTRATION_TAB_SPACE | QUEUE: 3 ед.
[SMO_CLOCK_AUDIT] TX #18 | ORIGIN: 0 -> TARGET: 14 (SYSTEM_VSCROLLBAR) | INTENT: SYNC_SCROLLBAR_METRICS | QUEUE: 1 ед.
[SMO_CLOCK_AUDIT] TX #31 | ORIGIN: 9 -> TARGET: 9 (RESIZE_UNIT) | INTENT: INJECT_GEO_MAP | QUEUE: 2 ед.
[21:47:01 Msk] [СМО_LAYOUT] Геометрия TUI пересчитана воркером: W=162 знакомест | H=30 строк
[21:47:02 Msk] [СМО_LAYOUT] Геометрия TUI пересчитана воркером: W=162 знакомест | H=30 строк
[SMO_CLOCK_AUDIT] TX #24 | ORIGIN: 102 -> TARGET: 102 (EXPLORER) | INTENT: INJECT_VFS_DATA | QUEUE: 2 ед.
[SMO_CLOCK_AUDIT] TX #26 | ORIGIN: 103 -> TARGET: 103 (EXPLORER) | INTENT: INJECT_VFS_DATA | QUEUE: 2 ед.
[SMO_CLOCK_AUDIT] TX #23 | ORIGIN: 102 -> TARGET: 108 (LOGGER) | INTENT: ADD_LOG_ENTRY | QUEUE: 6 ед.
[SMO_CLOCK_AUDIT] TX #37 | ORIGIN: 102 -> TARGET: 14 (SYSTEM_VSCROLLBAR) | INTENT: SYNC_SCROLLBAR_METRICS | QUEUE: 4 ед.
[SMO_CLOCK_AUDIT] TX #3 | ORIGIN: 0 -> TARGET: 0 (ROOT_UNIT) | INTENT: init | QUEUE: 1 ед.
[SMO_CLOCK_AUDIT] TX #1 | ORIGIN: 0 -> TARGET: 9 (RESIZE_UNIT) | INTENT: TRIGGER_RESIZE | QUEUE: 1 ед.
[SMO_CLOCK_AUDIT] TX #2 | ORIGIN: 0 -> TARGET: 11 (LOADER_UNIT) | INTENT: BOOT_LAYOUT_TREE | QUEUE: 1 ед.
[LOAD_SEQUENCE] Найдено прикладных slots для гидратации: 8
[PAC_TRIAD_READY] Успешный IoC-монтаж бизнес-панели | Слот: 101
[PAC_TRIAD_READY] Успешный IoC-монтаж бизнес-панели | Слот: 104
[PAC_TRIAD_READY] Успешный IoC-монтаж бизнес-панели | Слот: 102
[PAC_TRIAD_READY] Успешный IoC-монтаж бизнес-панели | Слот: 103
[PAC_TRIAD_READY] Успешный IoC-монтаж бизнес-панели | Слот: 106
[PAC_TRIAD_READY] Успешный IoC-монтаж бизнес-панели | Слот: 105
[PAC_TRIAD_READY] Успешный IoC-монтаж бизнес-панели | Слот: 108
[PAC_TRIAD_READY] Успешный IoC-монтаж бизнес-панели | Слот: 100
[LOAD_SEQUENCE] Все бизнес-слоты успешно гидратированы в шину.
[SMO_CLOCK_AUDIT] TX #5 | ORIGIN: 11 -> TARGET: 0 (ROOT_UNIT) | INTENT: SYNCHRONIZE_DYNAMIC_SLOT | QUEUE: 9 ед.
[KERNEL_CLOCK] Финализация загрузки модулей. Считывание путей вкладок.
[SMO_CLOCK_AUDIT] TX #17 | ORIGIN: 0 -> TARGET: 9 (RESIZE_UNIT) | INTENT: FORCE_RECALCULATE_LAYOUT | QUEUE: 1 ед.
[SMO_CLOCK_AUDIT] TX #14 | ORIGIN: 0 -> TARGET: 12 (SYSTEM_TAB_MENU) | INTENT: REGISTRATION_TAB_SPACE | QUEUE: 3 ед.
[SMO_CLOCK_AUDIT] TX #18 | ORIGIN: 0 -> TARGET: 14 (SYSTEM_VSCROLLBAR) | INTENT: SYNC_SCROLLBAR_METRICS | QUEUE: 1 ед.
[SMO_CLOCK_AUDIT] TX #31 | ORIGIN: 9 -> TARGET: 9 (RESIZE_UNIT) | INTENT: INJECT_GEO_MAP | QUEUE: 2 ед.
[21:47:46 Msk] [СМО_LAYOUT] Геометрия TUI пересчитана воркером: W=162 знакомест | H=30 строк
[21:47:46 Msk] [СМО_LAYOUT] Геометрия TUI пересчитана воркером: W=162 знакомест | H=30 строк
[SMO_CLOCK_AUDIT] TX #24 | ORIGIN: 102 -> TARGET: 102 (EXPLORER) | INTENT: INJECT_VFS_DATA | QUEUE: 2 ед.
[SMO_CLOCK_AUDIT] TX #26 | ORIGIN: 103 -> TARGET: 103 (EXPLORER) | INTENT: INJECT_VFS_DATA | QUEUE: 2 ед.
[SMO_CLOCK_AUDIT] TX #23 | ORIGIN: 102 -> TARGET: 108 (LOGGER) | INTENT: ADD_LOG_ENTRY | QUEUE: 6 ед.
[SMO_CLOCK_AUDIT] TX #37 | ORIGIN: 102 -> TARGET: 14 (SYSTEM_VSCROLLBAR) | INTENT: SYNC_SCROLLBAR_METRICS | QUEUE: 4 ед.
[SMO_CLOCK_AUDIT] TX #860 | ORIGIN: 10 -> TARGET: 12 (SYSTEM_TAB_MENU) | INTENT: SCROLL_TABS_DOWN | QUEUE: 1 ед.
[SMO_CLOCK_AUDIT] TX #877 | ORIGIN: 10 -> TARGET: 104 (FNBAR) | INTENT: MOUSE_CLICK | QUEUE: 1 ед.
[SMO_CLOCK_AUDIT] TX #889 | ORIGIN: 10 -> TARGET: 14 (SYSTEM_VSCROLLBAR) | INTENT: SCROLL_CONTENT_DOWN | QUEUE: 1 ед.
[SMO_CLOCK_AUDIT] TX #894 | ORIGIN: 10 -> TARGET: 14 (SYSTEM_VSCROLLBAR) | INTENT: SCROLL_CONTENT_UP | QUEUE: 1 ед.
[SMO_CLOCK_AUDIT] TX #895 | ORIGIN: 10 -> TARGET: 14 (SYSTEM_VSCROLLBAR) | INTENT: SCROLL_CONTENT_UP | QUEUE: 1 ед.
[SMO_CLOCK_AUDIT] TX #913 | ORIGIN: 10 -> TARGET: 104 (FNBAR) | INTENT: FN_KEY_CLICKED | QUEUE: 1 ед.
[SMO_CLOCK_AUDIT] TX #926 | ORIGIN: 10 -> TARGET: 14 (SYSTEM_VSCROLLBAR) | INTENT: SCROLL_CONTENT_DOWN | QUEUE: 1 ед.
[SMO_CLOCK_AUDIT] TX #930 | ORIGIN: 10 -> TARGET: 14 (SYSTEM_VSCROLLBAR) | INTENT: SCROLL_CONTENT_DOWN | QUEUE: 1 ед.
[SMO_CLOCK_AUDIT] TX #933 | ORIGIN: 10 -> TARGET: 14 (SYSTEM_VSCROLLBAR) | INTENT: SCROLL_CONTENT_UP | QUEUE: 1 ед.
[SMO_CLOCK_AUDIT] TX #939 | ORIGIN: 10 -> TARGET: 14 (SYSTEM_VSCROLLBAR) | INTENT: SCROLL_CONTENT_DOWN | QUEUE: 1 ед.
[SMO_CLOCK_AUDIT] TX #940 | ORIGIN: 10 -> TARGET: 14 (SYSTEM_VSCROLLBAR) | INTENT: SCROLL_CONTENT_DOWN | QUEUE: 1 ед.
[SMO_CLOCK_AUDIT] TX #945 | ORIGIN: 10 -> TARGET: 14 (SYSTEM_VSCROLLBAR) | INTENT: SCROLL_CONTENT_UP | QUEUE: 1 ед.
[SMO_CLOCK_AUDIT] TX #946 | ORIGIN: 10 -> TARGET: 14 (SYSTEM_VSCROLLBAR) | INTENT: SCROLL_CONTENT_UP | QUEUE: 1 ед.
[SMO_CLOCK_AUDIT] TX #961 | ORIGIN: 10 -> TARGET: 104 (FNBAR) | INTENT: FN_KEY_CLICKED | QUEUE: 1 ед.
[SMO_CLOCK_AUDIT] TX #3 | ORIGIN: 0 -> TARGET: 0 (ROOT_UNIT) | INTENT: init | QUEUE: 1 ед.
[SMO_CLOCK_AUDIT] TX #1 | ORIGIN: 0 -> TARGET: 9 (RESIZE_UNIT) | INTENT: TRIGGER_RESIZE | QUEUE: 1 ед.
[SMO_CLOCK_AUDIT] TX #2 | ORIGIN: 0 -> TARGET: 11 (LOADER_UNIT) | INTENT: BOOT_LAYOUT_TREE | QUEUE: 1 ед.
[LOAD_SEQUENCE] Найдено прикладных slots для гидратации: 8
[PAC_TRIAD_READY] Успешный IoC-монтаж бизнес-панели | Слот: 101
[PAC_TRIAD_READY] Успешный IoC-монтаж бизнес-панели | Слот: 104
[PAC_TRIAD_READY] Успешный IoC-монтаж бизнес-панели | Слот: 102
[PAC_TRIAD_READY] Успешный IoC-монтаж бизнес-панели | Слот: 103
[PAC_TRIAD_READY] Успешный IoC-монтаж бизнес-панели | Слот: 106
[PAC_TRIAD_READY] Успешный IoC-монтаж бизнес-панели | Слот: 105
[PAC_TRIAD_READY] Успешный IoC-монтаж бизнес-панели | Слот: 108
[PAC_TRIAD_READY] Успешный IoC-монтаж бизнес-панели | Слот: 100
[LOAD_SEQUENCE] Все бизнес-слоты успешно гидратированы в шину.
[SMO_CLOCK_AUDIT] TX #5 | ORIGIN: 11 -> TARGET: 0 (ROOT_UNIT) | INTENT: SYNCHRONIZE_DYNAMIC_SLOT | QUEUE: 9 ед.
[KERNEL_CLOCK] Финализация загрузки модулей. Считывание путей вкладок.
[SMO_CLOCK_AUDIT] TX #17 | ORIGIN: 0 -> TARGET: 9 (RESIZE_UNIT) | INTENT: FORCE_RECALCULATE_LAYOUT | QUEUE: 1 ед.
[SMO_CLOCK_AUDIT] TX #14 | ORIGIN: 0 -> TARGET: 12 (SYSTEM_TAB_MENU) | INTENT: REGISTRATION_TAB_SPACE | QUEUE: 3 ед.
[SMO_CLOCK_AUDIT] TX #18 | ORIGIN: 0 -> TARGET: 14 (SYSTEM_VSCROLLBAR) | INTENT: SYNC_SCROLLBAR_METRICS | QUEUE: 1 ед.
[SMO_CLOCK_AUDIT] TX #23 | ORIGIN: 9 -> TARGET: 9 (RESIZE_UNIT) | INTENT: INJECT_GEO_MAP | QUEUE: 2 ед.
[21:54:37 Msk] [СМО_LAYOUT] Геометрия TUI пересчитана воркером: W=162 знакомест | H=30 строк
[21:54:37 Msk] [СМО_LAYOUT] Геометрия TUI пересчитана воркером: W=162 знакомест | H=30 строк
[SMO_CLOCK_AUDIT] TX #26 | ORIGIN: 102 -> TARGET: 102 (EXPLORER) | INTENT: INJECT_VFS_DATA | QUEUE: 2 ед.
[SMO_CLOCK_AUDIT] TX #28 | ORIGIN: 103 -> TARGET: 103 (EXPLORER) | INTENT: INJECT_VFS_DATA | QUEUE: 2 ед.
[SMO_CLOCK_AUDIT] TX #25 | ORIGIN: 102 -> TARGET: 108 (LOGGER) | INTENT: ADD_LOG_ENTRY | QUEUE: 6 ед.
[SMO_CLOCK_AUDIT] TX #37 | ORIGIN: 102 -> TARGET: 14 (SYSTEM_VSCROLLBAR) | INTENT: SYNC_SCROLLBAR_METRICS | QUEUE: 4 ед.
[SMO_CLOCK_AUDIT] TX #202 | ORIGIN: 10 -> TARGET: 104 (FNBAR) | INTENT: MOUSE_CLICK | QUEUE: 1 ед.
[SMO_CLOCK_AUDIT] TX #216 | ORIGIN: 10 -> TARGET: 14 (SYSTEM_VSCROLLBAR) | INTENT: SCROLL_CONTENT_DOWN | QUEUE: 1 ед.
[SMO_CLOCK_AUDIT] TX #219 | ORIGIN: 10 -> TARGET: 14 (SYSTEM_VSCROLLBAR) | INTENT: SCROLL_CONTENT_DOWN | QUEUE: 1 ед.
[SMO_CLOCK_AUDIT] TX #222 | ORIGIN: 10 -> TARGET: 14 (SYSTEM_VSCROLLBAR) | INTENT: SCROLL_CONTENT_DOWN | QUEUE: 1 ед.
[SMO_CLOCK_AUDIT] TX #226 | ORIGIN: 10 -> TARGET: 14 (SYSTEM_VSCROLLBAR) | INTENT: SCROLL_CONTENT_UP | QUEUE: 1 ед.
[SMO_CLOCK_AUDIT] TX #227 | ORIGIN: 10 -> TARGET: 14 (SYSTEM_VSCROLLBAR) | INTENT: SCROLL_CONTENT_UP | QUEUE: 1 ед.
[SMO_CLOCK_AUDIT] TX #228 | ORIGIN: 10 -> TARGET: 14 (SYSTEM_VSCROLLBAR) | INTENT: SCROLL_CONTENT_UP | QUEUE: 1 ед.
[SMO_CLOCK_AUDIT] TX #231 | ORIGIN: 10 -> TARGET: 14 (SYSTEM_VSCROLLBAR) | INTENT: SCROLL_CONTENT_UP | QUEUE: 1 ед.
[SMO_CLOCK_AUDIT] TX #234 | ORIGIN: 10 -> TARGET: 14 (SYSTEM_VSCROLLBAR) | INTENT: SCROLL_CONTENT_DOWN | QUEUE: 1 ед.
[SMO_CLOCK_AUDIT] TX #235 | ORIGIN: 10 -> TARGET: 14 (SYSTEM_VSCROLLBAR) | INTENT: SCROLL_CONTENT_DOWN | QUEUE: 1 ед.
[SMO_CLOCK_AUDIT] TX #241 | ORIGIN: 10 -> TARGET: 12 (SYSTEM_TAB_MENU) | INTENT: TAB_CLICKED | QUEUE: 1 ед.
[SMO_CLOCK_AUDIT] TX #252 | ORIGIN: 10 -> TARGET: 12 (SYSTEM_TAB_MENU) | INTENT: SCROLL_TABS_DOWN | QUEUE: 1 ед.
[SMO_CLOCK_AUDIT] TX #253 | ORIGIN: 12 -> TARGET: 104 (FNBAR) | INTENT: SWITCH_SLOT_TAB | QUEUE: 1 ед.
[SMO_CLOCK_AUDIT] TX #256 | ORIGIN: 10 -> TARGET: 12 (SYSTEM_TAB_MENU) | INTENT: SCROLL_TABS_DOWN | QUEUE: 1 ед.
[SMO_CLOCK_AUDIT] TX #257 | ORIGIN: 12 -> TARGET: 104 (FNBAR) | INTENT: SWITCH_SLOT_TAB | QUEUE: 1 ед.
[SMO_CLOCK_AUDIT] TX #263 | ORIGIN: 10 -> TARGET: 12 (SYSTEM_TAB_MENU) | INTENT: SCROLL_TABS_DOWN | QUEUE: 1 ед.
[SMO_CLOCK_AUDIT] TX #264 | ORIGIN: 12 -> TARGET: 104 (FNBAR) | INTENT: SWITCH_SLOT_TAB | QUEUE: 1 ед.
[SMO_CLOCK_AUDIT] TX #267 | ORIGIN: 10 -> TARGET: 12 (SYSTEM_TAB_MENU) | INTENT: SCROLL_TABS_UP | QUEUE: 1 ед.
[SMO_CLOCK_AUDIT] TX #268 | ORIGIN: 12 -> TARGET: 104 (FNBAR) | INTENT: SWITCH_SLOT_TAB | QUEUE: 1 ед.
[SMO_CLOCK_AUDIT] TX #273 | ORIGIN: 10 -> TARGET: 12 (SYSTEM_TAB_MENU) | INTENT: SCROLL_TABS_UP | QUEUE: 1 ед.
[SMO_CLOCK_AUDIT] TX #274 | ORIGIN: 12 -> TARGET: 104 (FNBAR) | INTENT: SWITCH_SLOT_TAB | QUEUE: 1 ед.
[SMO_CLOCK_AUDIT] TX #279 | ORIGIN: 10 -> TARGET: 12 (SYSTEM_TAB_MENU) | INTENT: SCROLL_TABS_UP | QUEUE: 1 ед.
[SMO_CLOCK_AUDIT] TX #280 | ORIGIN: 12 -> TARGET: 104 (FNBAR) | INTENT: SWITCH_SLOT_TAB | QUEUE: 1 ед.
[SMO_CLOCK_AUDIT] TX #286 | ORIGIN: 10 -> TARGET: 12 (SYSTEM_TAB_MENU) | INTENT: SCROLL_TABS_DOWN | QUEUE: 1 ед.
[SMO_CLOCK_AUDIT] TX #287 | ORIGIN: 12 -> TARGET: 104 (FNBAR) | INTENT: SWITCH_SLOT_TAB | QUEUE: 1 ед.
[SMO_CLOCK_AUDIT] TX #292 | ORIGIN: 10 -> TARGET: 12 (SYSTEM_TAB_MENU) | INTENT: SCROLL_TABS_DOWN | QUEUE: 1 ед.
[SMO_CLOCK_AUDIT] TX #293 | ORIGIN: 12 -> TARGET: 104 (FNBAR) | INTENT: SWITCH_SLOT_TAB | QUEUE: 1 ед.
[SMO_CLOCK_AUDIT] TX #296 | ORIGIN: 10 -> TARGET: 12 (SYSTEM_TAB_MENU) | INTENT: SCROLL_TABS_DOWN | QUEUE: 1 ед.
[SMO_CLOCK_AUDIT] TX #297 | ORIGIN: 12 -> TARGET: 104 (FNBAR) | INTENT: SWITCH_SLOT_TAB | QUEUE: 1 ед.
[SMO_CLOCK_AUDIT] TX #302 | ORIGIN: 10 -> TARGET: 12 (SYSTEM_TAB_MENU) | INTENT: SCROLL_TABS_DOWN | QUEUE: 1 ед.
[SMO_CLOCK_AUDIT] TX #303 | ORIGIN: 12 -> TARGET: 104 (FNBAR) | INTENT: SWITCH_SLOT_TAB | QUEUE: 1 ед.
[SMO_CLOCK_AUDIT] TX #309 | ORIGIN: 10 -> TARGET: 12 (SYSTEM_TAB_MENU) | INTENT: SCROLL_TABS_DOWN | QUEUE: 1 ед.
[SMO_CLOCK_AUDIT] TX #310 | ORIGIN: 12 -> TARGET: 104 (FNBAR) | INTENT: SWITCH_SLOT_TAB | QUEUE: 1 ед.
[SMO_CLOCK_AUDIT] TX #315 | ORIGIN: 10 -> TARGET: 12 (SYSTEM_TAB_MENU) | INTENT: SCROLL_TABS_DOWN | QUEUE: 1 ед.
[SMO_CLOCK_AUDIT] TX #316 | ORIGIN: 12 -> TARGET: 104 (FNBAR) | INTENT: SWITCH_SLOT_TAB | QUEUE: 1 ед.
[SMO_CLOCK_AUDIT] TX #326 | ORIGIN: 10 -> TARGET: 12 (SYSTEM_TAB_MENU) | INTENT: SCROLL_TABS_DOWN | QUEUE: 1 ед.
[SMO_CLOCK_AUDIT] TX #327 | ORIGIN: 12 -> TARGET: 104 (FNBAR) | INTENT: SWITCH_SLOT_TAB | QUEUE: 1 ед.
[SMO_CLOCK_AUDIT] TX #332 | ORIGIN: 10 -> TARGET: 12 (SYSTEM_TAB_MENU) | INTENT: SCROLL_TABS_DOWN | QUEUE: 1 ед.
[SMO_CLOCK_AUDIT] TX #333 | ORIGIN: 12 -> TARGET: 104 (FNBAR) | INTENT: SWITCH_SLOT_TAB | QUEUE: 1 ед.
[SMO_CLOCK_AUDIT] TX #343 | ORIGIN: 10 -> TARGET: 12 (SYSTEM_TAB_MENU) | INTENT: SCROLL_TABS_UP | QUEUE: 1 ед.
[SMO_CLOCK_AUDIT] TX #344 | ORIGIN: 12 -> TARGET: 104 (FNBAR) | INTENT: SWITCH_SLOT_TAB | QUEUE: 1 ед.
[SMO_CLOCK_AUDIT] TX #350 | ORIGIN: 10 -> TARGET: 12 (SYSTEM_TAB_MENU) | INTENT: SCROLL_TABS_UP | QUEUE: 1 ед.
[SMO_CLOCK_AUDIT] TX #351 | ORIGIN: 12 -> TARGET: 104 (FNBAR) | INTENT: SWITCH_SLOT_TAB | QUEUE: 1 ед.
[SMO_CLOCK_AUDIT] TX #356 | ORIGIN: 10 -> TARGET: 12 (SYSTEM_TAB_MENU) | INTENT: SCROLL_TABS_UP | QUEUE: 1 ед.
[SMO_CLOCK_AUDIT] TX #357 | ORIGIN: 12 -> TARGET: 104 (FNBAR) | INTENT: SWITCH_SLOT_TAB | QUEUE: 1 ед.
[SMO_CLOCK_AUDIT] TX #362 | ORIGIN: 10 -> TARGET: 12 (SYSTEM_TAB_MENU) | INTENT: SCROLL_TABS_UP | QUEUE: 1 ед.
[SMO_CLOCK_AUDIT] TX #363 | ORIGIN: 12 -> TARGET: 104 (FNBAR) | INTENT: SWITCH_SLOT_TAB | QUEUE: 1 ед.
[SMO_CLOCK_AUDIT] TX #371 | ORIGIN: 10 -> TARGET: 12 (SYSTEM_TAB_MENU) | INTENT: SCROLL_TABS_DOWN | QUEUE: 1 ед.
[SMO_CLOCK_AUDIT] TX #372 | ORIGIN: 12 -> TARGET: 104 (FNBAR) | INTENT: SWITCH_SLOT_TAB | QUEUE: 1 ед.
[SMO_CLOCK_AUDIT] TX #375 | ORIGIN: 10 -> TARGET: 12 (SYSTEM_TAB_MENU) | INTENT: SCROLL_TABS_DOWN | QUEUE: 1 ед.
[SMO_CLOCK_AUDIT] TX #376 | ORIGIN: 12 -> TARGET: 104 (FNBAR) | INTENT: SWITCH_SLOT_TAB | QUEUE: 1 ед.
[SMO_CLOCK_AUDIT] TX #381 | ORIGIN: 10 -> TARGET: 12 (SYSTEM_TAB_MENU) | INTENT: SCROLL_TABS_DOWN | QUEUE: 1 ед.
[SMO_CLOCK_AUDIT] TX #382 | ORIGIN: 12 -> TARGET: 104 (FNBAR) | INTENT: SWITCH_SLOT_TAB | QUEUE: 1 ед.
[SMO_CLOCK_AUDIT] TX #385 | ORIGIN: 10 -> TARGET: 12 (SYSTEM_TAB_MENU) | INTENT: SCROLL_TABS_DOWN | QUEUE: 1 ед.
[SMO_CLOCK_AUDIT] TX #386 | ORIGIN: 12 -> TARGET: 104 (FNBAR) | INTENT: SWITCH_SLOT_TAB | QUEUE: 1 ед.
[SMO_CLOCK_AUDIT] TX #389 | ORIGIN: 10 -> TARGET: 12 (SYSTEM_TAB_MENU) | INTENT: SCROLL_TABS_DOWN | QUEUE: 1 ед.
[SMO_CLOCK_AUDIT] TX #390 | ORIGIN: 12 -> TARGET: 104 (FNBAR) | INTENT: SWITCH_SLOT_TAB | QUEUE: 1 ед.
[SMO_CLOCK_AUDIT] TX #419 | ORIGIN: 10 -> TARGET: 9 (RESIZE_UNIT) | INTENT: RESIZE_SLOT_GEOMETRY | QUEUE: 1 ед.
[SMO_CLOCK_AUDIT] TX #440 | ORIGIN: 10 -> TARGET: 12 (SYSTEM_TAB_MENU) | INTENT: TAB_CLICKED | QUEUE: 1 ед.
[SMO_CLOCK_AUDIT] TX #451 | ORIGIN: 10 -> TARGET: 12 (SYSTEM_TAB_MENU) | INTENT: SCROLL_TABS_DOWN | QUEUE: 1 ед.
[SMO_CLOCK_AUDIT] TX #452 | ORIGIN: 12 -> TARGET: 104 (FNBAR) | INTENT: SWITCH_SLOT_TAB | QUEUE: 1 ед.
[SMO_CLOCK_AUDIT] TX #455 | ORIGIN: 10 -> TARGET: 12 (SYSTEM_TAB_MENU) | INTENT: SCROLL_TABS_DOWN | QUEUE: 1 ед.
[SMO_CLOCK_AUDIT] TX #456 | ORIGIN: 12 -> TARGET: 104 (FNBAR) | INTENT: SWITCH_SLOT_TAB | QUEUE: 1 ед.
[SMO_CLOCK_AUDIT] TX #461 | ORIGIN: 10 -> TARGET: 12 (SYSTEM_TAB_MENU) | INTENT: SCROLL_TABS_DOWN | QUEUE: 1 ед.
[SMO_CLOCK_AUDIT] TX #462 | ORIGIN: 12 -> TARGET: 104 (FNBAR) | INTENT: SWITCH_SLOT_TAB | QUEUE: 1 ед.
[SMO_CLOCK_AUDIT] TX #465 | ORIGIN: 10 -> TARGET: 12 (SYSTEM_TAB_MENU) | INTENT: SCROLL_TABS_DOWN | QUEUE: 1 ед.
[SMO_CLOCK_AUDIT] TX #466 | ORIGIN: 12 -> TARGET: 104 (FNBAR) | INTENT: SWITCH_SLOT_TAB | QUEUE: 1 ед.
[SMO_CLOCK_AUDIT] TX #472 | ORIGIN: 10 -> TARGET: 12 (SYSTEM_TAB_MENU) | INTENT: SCROLL_TABS_UP | QUEUE: 1 ед.
[SMO_CLOCK_AUDIT] TX #473 | ORIGIN: 12 -> TARGET: 104 (FNBAR) | INTENT: SWITCH_SLOT_TAB | QUEUE: 1 ед.
[SMO_CLOCK_AUDIT] TX #476 | ORIGIN: 10 -> TARGET: 12 (SYSTEM_TAB_MENU) | INTENT: SCROLL_TABS_UP | QUEUE: 1 ед.
[SMO_CLOCK_AUDIT] TX #477 | ORIGIN: 12 -> TARGET: 104 (FNBAR) | INTENT: SWITCH_SLOT_TAB | QUEUE: 1 ед.
[SMO_CLOCK_AUDIT] TX #482 | ORIGIN: 10 -> TARGET: 12 (SYSTEM_TAB_MENU) | INTENT: SCROLL_TABS_UP | QUEUE: 1 ед.
[SMO_CLOCK_AUDIT] TX #483 | ORIGIN: 12 -> TARGET: 104 (FNBAR) | INTENT: SWITCH_SLOT_TAB | QUEUE: 1 ед.
[SMO_CLOCK_AUDIT] TX #488 | ORIGIN: 10 -> TARGET: 12 (SYSTEM_TAB_MENU) | INTENT: SCROLL_TABS_DOWN | QUEUE: 1 ед.
[SMO_CLOCK_AUDIT] TX #489 | ORIGIN: 12 -> TARGET: 104 (FNBAR) | INTENT: SWITCH_SLOT_TAB | QUEUE: 1 ед.
[SMO_CLOCK_AUDIT] TX #495 | ORIGIN: 10 -> TARGET: 12 (SYSTEM_TAB_MENU) | INTENT: SCROLL_TABS_DOWN | QUEUE: 1 ед.
[SMO_CLOCK_AUDIT] TX #496 | ORIGIN: 12 -> TARGET: 104 (FNBAR) | INTENT: SWITCH_SLOT_TAB | QUEUE: 1 ед.
[SMO_CLOCK_AUDIT] TX #499 | ORIGIN: 10 -> TARGET: 12 (SYSTEM_TAB_MENU) | INTENT: SCROLL_TABS_DOWN | QUEUE: 1 ед.
[SMO_CLOCK_AUDIT] TX #500 | ORIGIN: 12 -> TARGET: 104 (FNBAR) | INTENT: SWITCH_SLOT_TAB | QUEUE: 1 ед.
[SMO_CLOCK_AUDIT] TX #505 | ORIGIN: 10 -> TARGET: 12 (SYSTEM_TAB_MENU) | INTENT: SCROLL_TABS_DOWN | QUEUE: 1 ед.
[SMO_CLOCK_AUDIT] TX #506 | ORIGIN: 12 -> TARGET: 104 (FNBAR) | INTENT: SWITCH_SLOT_TAB | QUEUE: 1 ед.
[SMO_CLOCK_AUDIT] TX #518 | ORIGIN: 10 -> TARGET: 12 (SYSTEM_TAB_MENU) | INTENT: SCROLL_TABS_DOWN | QUEUE: 1 ед.
[SMO_CLOCK_AUDIT] TX #519 | ORIGIN: 12 -> TARGET: 104 (FNBAR) | INTENT: SWITCH_SLOT_TAB | QUEUE: 1 ед.
[SMO_CLOCK_AUDIT] TX #525 | ORIGIN: 10 -> TARGET: 12 (SYSTEM_TAB_MENU) | INTENT: SCROLL_TABS_DOWN | QUEUE: 1 ед.
[SMO_CLOCK_AUDIT] TX #526 | ORIGIN: 12 -> TARGET: 104 (FNBAR) | INTENT: SWITCH_SLOT_TAB | QUEUE: 1 ед.
[SMO_CLOCK_AUDIT] TX #536 | ORIGIN: 10 -> TARGET: 12 (SYSTEM_TAB_MENU) | INTENT: SCROLL_TABS_DOWN | QUEUE: 1 ед.
[SMO_CLOCK_AUDIT] TX #537 | ORIGIN: 12 -> TARGET: 104 (FNBAR) | INTENT: SWITCH_SLOT_TAB | QUEUE: 1 ед.
[SMO_CLOCK_AUDIT] TX #540 | ORIGIN: 10 -> TARGET: 12 (SYSTEM_TAB_MENU) | INTENT: SCROLL_TABS_DOWN | QUEUE: 1 ед.
[SMO_CLOCK_AUDIT] TX #541 | ORIGIN: 12 -> TARGET: 104 (FNBAR) | INTENT: SWITCH_SLOT_TAB | QUEUE: 1 ед.
[SMO_CLOCK_AUDIT] TX #544 | ORIGIN: 10 -> TARGET: 12 (SYSTEM_TAB_MENU) | INTENT: SCROLL_TABS_DOWN | QUEUE: 1 ед.
[SMO_CLOCK_AUDIT] TX #545 | ORIGIN: 12 -> TARGET: 104 (FNBAR) | INTENT: SWITCH_SLOT_TAB | QUEUE: 1 ед.
[SMO_CLOCK_AUDIT] TX #566 | ORIGIN: 10 -> TARGET: 102 (EXPLORER) | INTENT: MOUSE_CLICK | QUEUE: 1 ед.
[SMO_CLOCK_AUDIT] TX #575 | ORIGIN: 10 -> TARGET: 14 (SYSTEM_VSCROLLBAR) | INTENT: SCROLL_CONTENT_DOWN | QUEUE: 1 ед.
[SMO_CLOCK_AUDIT] TX #578 | ORIGIN: 10 -> TARGET: 14 (SYSTEM_VSCROLLBAR) | INTENT: SCROLL_CONTENT_DOWN | QUEUE: 1 ед.
[SMO_CLOCK_AUDIT] TX #586 | ORIGIN: 10 -> TARGET: 14 (SYSTEM_VSCROLLBAR) | INTENT: SCROLL_CONTENT_UP | QUEUE: 1 ед.
[SMO_CLOCK_AUDIT] TX #589 | ORIGIN: 10 -> TARGET: 14 (SYSTEM_VSCROLLBAR) | INTENT: SCROLL_CONTENT_UP | QUEUE: 1 ед.
[SMO_CLOCK_AUDIT] TX #594 | ORIGIN: 10 -> TARGET: 14 (SYSTEM_VSCROLLBAR) | INTENT: SCROLL_CONTENT_UP | QUEUE: 1 ед.
[SMO_CLOCK_AUDIT] TX #598 | ORIGIN: 10 -> TARGET: 14 (SYSTEM_VSCROLLBAR) | INTENT: SCROLL_CONTENT_DOWN | QUEUE: 1 ед.
[SMO_CLOCK_AUDIT] TX #601 | ORIGIN: 10 -> TARGET: 14 (SYSTEM_VSCROLLBAR) | INTENT: SCROLL_CONTENT_DOWN | QUEUE: 1 ед.
[SMO_CLOCK_AUDIT] TX #606 | ORIGIN: 10 -> TARGET: 14 (SYSTEM_VSCROLLBAR) | INTENT: SCROLL_CONTENT_DOWN | QUEUE: 1 ед.
[SMO_CLOCK_AUDIT] TX #630 | ORIGIN: 10 -> TARGET: 12 (SYSTEM_TAB_MENU) | INTENT: TAB_CLICKED | QUEUE: 1 ед.
[SMO_CLOCK_AUDIT] TX #644 | ORIGIN: 10 -> TARGET: 12 (SYSTEM_TAB_MENU) | INTENT: SCROLL_TABS_DOWN | QUEUE: 1 ед.
[SMO_CLOCK_AUDIT] TX #645 | ORIGIN: 12 -> TARGET: 104 (FNBAR) | INTENT: SWITCH_SLOT_TAB | QUEUE: 1 ед.
[SMO_CLOCK_AUDIT] TX #650 | ORIGIN: 10 -> TARGET: 12 (SYSTEM_TAB_MENU) | INTENT: SCROLL_TABS_DOWN | QUEUE: 1 ед.
[SMO_CLOCK_AUDIT] TX #651 | ORIGIN: 12 -> TARGET: 104 (FNBAR) | INTENT: SWITCH_SLOT_TAB | QUEUE: 1 ед.
[SMO_CLOCK_AUDIT] TX #666 | ORIGIN: 10 -> TARGET: 12 (SYSTEM_TAB_MENU) | INTENT: SCROLL_TABS_DOWN | QUEUE: 1 ед.
[SMO_CLOCK_AUDIT] TX #667 | ORIGIN: 12 -> TARGET: 104 (FNBAR) | INTENT: SWITCH_SLOT_TAB | QUEUE: 1 ед.
[SMO_CLOCK_AUDIT] TX #672 | ORIGIN: 10 -> TARGET: 12 (SYSTEM_TAB_MENU) | INTENT: SCROLL_TABS_DOWN | QUEUE: 1 ед.
[SMO_CLOCK_AUDIT] TX #673 | ORIGIN: 12 -> TARGET: 104 (FNBAR) | INTENT: SWITCH_SLOT_TAB | QUEUE: 1 ед.
[SMO_CLOCK_AUDIT] TX #688 | ORIGIN: 10 -> TARGET: 12 (SYSTEM_TAB_MENU) | INTENT: SCROLL_TABS_DOWN | QUEUE: 1 ед.
[SMO_CLOCK_AUDIT] TX #689 | ORIGIN: 12 -> TARGET: 104 (FNBAR) | INTENT: SWITCH_SLOT_TAB | QUEUE: 1 ед.
[SMO_CLOCK_AUDIT] TX #694 | ORIGIN: 10 -> TARGET: 12 (SYSTEM_TAB_MENU) | INTENT: SCROLL_TABS_DOWN | QUEUE: 1 ед.
[SMO_CLOCK_AUDIT] TX #695 | ORIGIN: 12 -> TARGET: 104 (FNBAR) | INTENT: SWITCH_SLOT_TAB | QUEUE: 1 ед.
[SMO_CLOCK_AUDIT] TX #707 | ORIGIN: 10 -> TARGET: 12 (SYSTEM_TAB_MENU) | INTENT: SCROLL_TABS_DOWN | QUEUE: 1 ед.
[SMO_CLOCK_AUDIT] TX #708 | ORIGIN: 12 -> TARGET: 104 (FNBAR) | INTENT: SWITCH_SLOT_TAB | QUEUE: 1 ед.
[SMO_CLOCK_AUDIT] TX #947 | ORIGIN: 10 -> TARGET: 14 (SYSTEM_VSCROLLBAR) | INTENT: SCROLL_CONTENT_DOWN | QUEUE: 1 ед.
[SMO_CLOCK_AUDIT] TX #952 | ORIGIN: 10 -> TARGET: 14 (SYSTEM_VSCROLLBAR) | INTENT: SCROLL_CONTENT_DOWN | QUEUE: 1 ед.
[SMO_CLOCK_AUDIT] TX #955 | ORIGIN: 10 -> TARGET: 14 (SYSTEM_VSCROLLBAR) | INTENT: SCROLL_CONTENT_DOWN | QUEUE: 1 ед.
[SMO_CLOCK_AUDIT] TX #968 | ORIGIN: 10 -> TARGET: 14 (SYSTEM_VSCROLLBAR) | INTENT: SCROLL_CONTENT_DOWN | QUEUE: 1 ед.
[SMO_CLOCK_AUDIT] TX #971 | ORIGIN: 10 -> TARGET: 14 (SYSTEM_VSCROLLBAR) | INTENT: SCROLL_CONTENT_DOWN | QUEUE: 1 ед.
[SMO_CLOCK_AUDIT] TX #976 | ORIGIN: 10 -> TARGET: 14 (SYSTEM_VSCROLLBAR) | INTENT: SCROLL_CONTENT_UP | QUEUE: 1 ед.
[SMO_CLOCK_AUDIT] TX #981 | ORIGIN: 10 -> TARGET: 14 (SYSTEM_VSCROLLBAR) | INTENT: SCROLL_CONTENT_UP | QUEUE: 1 ед.
[SMO_CLOCK_AUDIT] TX #984 | ORIGIN: 10 -> TARGET: 14 (SYSTEM_VSCROLLBAR) | INTENT: SCROLL_CONTENT_UP | QUEUE: 1 ед.
[SMO_CLOCK_AUDIT] TX #1011 | ORIGIN: 10 -> TARGET: 12 (SYSTEM_TAB_MENU) | INTENT: TAB_CLICKED | QUEUE: 1 ед.
[SMO_CLOCK_AUDIT] TX #1012 | ORIGIN: 12 -> TARGET: 103 (EXPLORER) | INTENT: SWITCH_SLOT_TAB | QUEUE: 1 ед.
[SMO_CLOCK_AUDIT] TX #1015 | ORIGIN: 10 -> TARGET: 12 (SYSTEM_TAB_MENU) | INTENT: TAB_CLICKED | QUEUE: 1 ед.
[SMO_CLOCK_AUDIT] TX #1017 | ORIGIN: 103 -> TARGET: 103 (EXPLORER) | INTENT: INJECT_VFS_DATA | QUEUE: 2 ед.
[SMO_CLOCK_AUDIT] TX #1016 | ORIGIN: 103 -> TARGET: 108 (LOGGER) | INTENT: ADD_LOG_ENTRY | QUEUE: 2 ед.
[SMO_CLOCK_AUDIT] TX #1020 | ORIGIN: 103 -> TARGET: 14 (SYSTEM_VSCROLLBAR) | INTENT: SYNC_SCROLLBAR_METRICS | QUEUE: 2 ед.
[SMO_CLOCK_AUDIT] TX #1034 | ORIGIN: 10 -> TARGET: 12 (SYSTEM_TAB_MENU) | INTENT: SCROLL_TABS_DOWN | QUEUE: 1 ед.
[SMO_CLOCK_AUDIT] TX #1035 | ORIGIN: 12 -> TARGET: 103 (EXPLORER) | INTENT: SWITCH_SLOT_TAB | QUEUE: 1 ед.
[SMO_CLOCK_AUDIT] TX #1041 | ORIGIN: 103 -> TARGET: 103 (EXPLORER) | INTENT: INJECT_VFS_DATA | QUEUE: 2 ед.
[SMO_CLOCK_AUDIT] TX #1040 | ORIGIN: 103 -> TARGET: 108 (LOGGER) | INTENT: ADD_LOG_ENTRY | QUEUE: 2 ед.
[SMO_CLOCK_AUDIT] TX #1044 | ORIGIN: 103 -> TARGET: 14 (SYSTEM_VSCROLLBAR) | INTENT: SYNC_SCROLLBAR_METRICS | QUEUE: 2 ед.
[SMO_CLOCK_AUDIT] TX #1049 | ORIGIN: 10 -> TARGET: 12 (SYSTEM_TAB_MENU) | INTENT: SCROLL_TABS_DOWN | QUEUE: 1 ед.
[SMO_CLOCK_AUDIT] TX #1050 | ORIGIN: 12 -> TARGET: 103 (EXPLORER) | INTENT: SWITCH_SLOT_TAB | QUEUE: 1 ед.
[SMO_CLOCK_AUDIT] TX #1054 | ORIGIN: 103 -> TARGET: 103 (EXPLORER) | INTENT: INJECT_VFS_DATA | QUEUE: 2 ед.
[SMO_CLOCK_AUDIT] TX #1053 | ORIGIN: 103 -> TARGET: 108 (LOGGER) | INTENT: ADD_LOG_ENTRY | QUEUE: 2 ед.
[SMO_CLOCK_AUDIT] TX #1057 | ORIGIN: 103 -> TARGET: 14 (SYSTEM_VSCROLLBAR) | INTENT: SYNC_SCROLLBAR_METRICS | QUEUE: 2 ед.
[SMO_CLOCK_AUDIT] TX #1064 | ORIGIN: 10 -> TARGET: 14 (SYSTEM_VSCROLLBAR) | INTENT: SCROLL_CONTENT_DOWN | QUEUE: 1 ед.
[SMO_CLOCK_AUDIT] TX #1068 | ORIGIN: 10 -> TARGET: 14 (SYSTEM_VSCROLLBAR) | INTENT: SCROLL_CONTENT_UP | QUEUE: 1 ед.
[SMO_CLOCK_AUDIT] TX #1071 | ORIGIN: 10 -> TARGET: 14 (SYSTEM_VSCROLLBAR) | INTENT: SCROLL_CONTENT_UP | QUEUE: 1 ед.
[SMO_CLOCK_AUDIT] TX #1074 | ORIGIN: 10 -> TARGET: 14 (SYSTEM_VSCROLLBAR) | INTENT: SCROLL_CONTENT_DOWN | QUEUE: 1 ед.
[SMO_CLOCK_AUDIT] TX #1075 | ORIGIN: 10 -> TARGET: 14 (SYSTEM_VSCROLLBAR) | INTENT: SCROLL_CONTENT_DOWN | QUEUE: 1 ед.
[SMO_CLOCK_AUDIT] TX #1086 | ORIGIN: 10 -> TARGET: 14 (SYSTEM_VSCROLLBAR) | INTENT: SCROLL_CONTENT_DOWN | QUEUE: 1 ед.
[SMO_CLOCK_AUDIT] TX #1089 | ORIGIN: 10 -> TARGET: 14 (SYSTEM_VSCROLLBAR) | INTENT: SCROLL_CONTENT_UP | QUEUE: 1 ед.
[SMO_CLOCK_AUDIT] TX #3 | ORIGIN: 0 -> TARGET: 0 (ROOT_UNIT) | INTENT: init | QUEUE: 1 ед.
[SMO_CLOCK_AUDIT] TX #1 | ORIGIN: 0 -> TARGET: 9 (RESIZE_UNIT) | INTENT: TRIGGER_RESIZE | QUEUE: 1 ед.
[SMO_CLOCK_AUDIT] TX #2 | ORIGIN: 0 -> TARGET: 11 (LOADER_UNIT) | INTENT: BOOT_LAYOUT_TREE | QUEUE: 1 ед.
[LOAD_SEQUENCE] Найдено прикладных slots для гидратации: 8
[PAC_TRIAD_READY] Успешный IoC-монтаж бизнес-панели | Слот: 101
[PAC_TRIAD_READY] Успешный IoC-монтаж бизнес-панели | Слот: 104
[PAC_TRIAD_READY] Успешный IoC-монтаж бизнес-панели | Слот: 102
[PAC_TRIAD_READY] Успешный IoC-монтаж бизнес-панели | Слот: 103
[PAC_TRIAD_READY] Успешный IoC-монтаж бизнес-панели | Слот: 106
[PAC_TRIAD_READY] Успешный IoC-монтаж бизнес-панели | Слот: 105
[PAC_TRIAD_READY] Успешный IoC-монтаж бизнес-панели | Слот: 108
[PAC_TRIAD_READY] Успешный IoC-монтаж бизнес-панели | Слот: 100
[LOAD_SEQUENCE] Все бизнес-слоты успешно гидратированы в шину.
[SMO_CLOCK_AUDIT] TX #5 | ORIGIN: 11 -> TARGET: 0 (ROOT_UNIT) | INTENT: SYNCHRONIZE_DYNAMIC_SLOT | QUEUE: 9 ед.
[KERNEL_CLOCK] Финализация загрузки модулей. Считывание путей вкладок.
[SMO_CLOCK_AUDIT] TX #17 | ORIGIN: 0 -> TARGET: 9 (RESIZE_UNIT) | INTENT: FORCE_RECALCULATE_LAYOUT | QUEUE: 1 ед.
[SMO_CLOCK_AUDIT] TX #14 | ORIGIN: 0 -> TARGET: 12 (SYSTEM_TAB_MENU) | INTENT: REGISTRATION_TAB_SPACE | QUEUE: 3 ед.
[SMO_CLOCK_AUDIT] TX #18 | ORIGIN: 0 -> TARGET: 14 (SYSTEM_VSCROLLBAR) | INTENT: SYNC_SCROLLBAR_METRICS | QUEUE: 1 ед.
[SMO_CLOCK_AUDIT] TX #3 | ORIGIN: 0 -> TARGET: 0 (ROOT_UNIT) | INTENT: init | QUEUE: 1 ед.
[SMO_CLOCK_AUDIT] TX #1 | ORIGIN: 0 -> TARGET: 9 (RESIZE_UNIT) | INTENT: TRIGGER_RESIZE | QUEUE: 1 ед.
[SMO_CLOCK_AUDIT] TX #2 | ORIGIN: 0 -> TARGET: 11 (LOADER_UNIT) | INTENT: BOOT_LAYOUT_TREE | QUEUE: 1 ед.
[LOAD_SEQUENCE] Найдено прикладных slots для гидратации: 8
[PAC_TRIAD_READY] Успешный IoC-монтаж бизнес-панели | Слот: 101
[PAC_TRIAD_READY] Успешный IoC-монтаж бизнес-панели | Слот: 104
[PAC_TRIAD_READY] Успешный IoC-монтаж бизнес-панели | Слот: 102
[PAC_TRIAD_READY] Успешный IoC-монтаж бизнес-панели | Слот: 103
[PAC_TRIAD_READY] Успешный IoC-монтаж бизнес-панели | Слот: 106
[PAC_TRIAD_READY] Успешный IoC-монтаж бизнес-панели | Слот: 105
[PAC_TRIAD_READY] Успешный IoC-монтаж бизнес-панели | Слот: 108
[PAC_TRIAD_READY] Успешный IoC-монтаж бизнес-панели | Слот: 100
[LOAD_SEQUENCE] Все бизнес-слоты успешно гидратированы в шину.
[SMO_CLOCK_AUDIT] TX #5 | ORIGIN: 11 -> TARGET: 0 (ROOT_UNIT) | INTENT: SYNCHRONIZE_DYNAMIC_SLOT | QUEUE: 9 ед.
[KERNEL_CLOCK] Финализация загрузки модулей. Считывание путей вкладок.
[SMO_CLOCK_AUDIT] TX #17 | ORIGIN: 0 -> TARGET: 9 (RESIZE_UNIT) | INTENT: FORCE_RECALCULATE_LAYOUT | QUEUE: 1 ед.
[SMO_CLOCK_AUDIT] TX #14 | ORIGIN: 0 -> TARGET: 12 (SYSTEM_TAB_MENU) | INTENT: REGISTRATION_TAB_SPACE | QUEUE: 3 ед.
[SMO_CLOCK_AUDIT] TX #18 | ORIGIN: 0 -> TARGET: 14 (SYSTEM_VSCROLLBAR) | INTENT: SYNC_SCROLLBAR_METRICS | QUEUE: 1 ед.
[SMO_CLOCK_AUDIT] TX #3 | ORIGIN: 0 -> TARGET: 0 (ROOT_UNIT) | INTENT: init | QUEUE: 1 ед.
[SMO_CLOCK_AUDIT] TX #1 | ORIGIN: 0 -> TARGET: 9 (RESIZE_UNIT) | INTENT: TRIGGER_RESIZE | QUEUE: 1 ед.
[SMO_CLOCK_AUDIT] TX #2 | ORIGIN: 0 -> TARGET: 11 (LOADER_UNIT) | INTENT: BOOT_LAYOUT_TREE | QUEUE: 1 ед.
[LOAD_SEQUENCE] Найдено прикладных slots для гидратации: 9
[IO_IMPORT_CRASH] ФАТАЛЬНЫЙ СБОЙ ЗАГРУЗКИ СЛОТА 200 | Ошибка: Cannot find module 'C:\slotcmp\III\src\modules\tabsbar\tabsbar_ctl.js' imported from C:\slotcmp\III\src\core\smo\loader_unit.js
[PAC_TRIAD_READY] Успешный IoC-монтаж бизнес-панели | Слот: 101
[PAC_TRIAD_READY] Успешный IoC-монтаж бизнес-панели | Слот: 104
[PAC_TRIAD_READY] Успешный IoC-монтаж бизнес-панели | Слот: 102
[PAC_TRIAD_READY] Успешный IoC-монтаж бизнес-панели | Слот: 103
[PAC_TRIAD_READY] Успешный IoC-монтаж бизнес-панели | Слот: 106
[PAC_TRIAD_READY] Успешный IoC-монтаж бизнес-панели | Слот: 105
[PAC_TRIAD_READY] Успешный IoC-монтаж бизнес-панели | Слот: 108
[PAC_TRIAD_READY] Успешный IoC-монтаж бизнес-панели | Слот: 100
[LOAD_SEQUENCE] Все бизнес-слоты успешно гидратированы в шину.
[SMO_CLOCK_AUDIT] TX #5 | ORIGIN: 11 -> TARGET: 0 (ROOT_UNIT) | INTENT: SYNCHRONIZE_DYNAMIC_SLOT | QUEUE: 9 ед.
[KERNEL_CLOCK] Финализация загрузки модулей. Считывание путей вкладок.
[SMO_CLOCK_AUDIT] TX #17 | ORIGIN: 0 -> TARGET: 9 (RESIZE_UNIT) | INTENT: FORCE_RECALCULATE_LAYOUT | QUEUE: 1 ед.
[SMO_CLOCK_AUDIT] TX #14 | ORIGIN: 0 -> TARGET: 12 (SYSTEM_TAB_MENU) | INTENT: REGISTRATION_TAB_SPACE | QUEUE: 3 ед.
[SMO_CLOCK_AUDIT] TX #18 | ORIGIN: 0 -> TARGET: 14 (SYSTEM_VSCROLLBAR) | INTENT: SYNC_SCROLLBAR_METRICS | QUEUE: 1 ед.
[SMO_CLOCK_AUDIT] TX #3 | ORIGIN: 0 -> TARGET: 0 (ROOT_UNIT) | INTENT: init | QUEUE: 1 ед.
[SMO_CLOCK_AUDIT] TX #1 | ORIGIN: 0 -> TARGET: 9 (RESIZE_UNIT) | INTENT: TRIGGER_RESIZE | QUEUE: 1 ед.
[SMO_CLOCK_AUDIT] TX #2 | ORIGIN: 0 -> TARGET: 11 (LOADER_UNIT) | INTENT: BOOT_LAYOUT_TREE | QUEUE: 1 ед.
[LOAD_SEQUENCE] Найдено прикладных slots для гидратации: 9
[IO_IMPORT_CRASH] ФАТАЛЬНЫЙ СБОЙ ЗАГРУЗКИ СЛОТА 200 | Ошибка: Cannot find module 'C:\slotcmp\III\src\modules\tabsbar\tabsbar_ctl.js' imported from C:\slotcmp\III\src\core\smo\loader_unit.js
[PAC_TRIAD_READY] Успешный IoC-монтаж бизнес-панели | Слот: 101
[PAC_TRIAD_READY] Успешный IoC-монтаж бизнес-панели | Слот: 104
[PAC_TRIAD_READY] Успешный IoC-монтаж бизнес-панели | Слот: 102
[PAC_TRIAD_READY] Успешный IoC-монтаж бизнес-панели | Слот: 103
[PAC_TRIAD_READY] Успешный IoC-монтаж бизнес-панели | Слот: 106
[PAC_TRIAD_READY] Успешный IoC-монтаж бизнес-панели | Слот: 105
[PAC_TRIAD_READY] Успешный IoC-монтаж бизнес-панели | Слот: 108
[PAC_TRIAD_READY] Успешный IoC-монтаж бизнес-панели | Слот: 100
[LOAD_SEQUENCE] Все бизнес-слоты успешно гидратированы в шину.
[SMO_CLOCK_AUDIT] TX #5 | ORIGIN: 11 -> TARGET: 0 (ROOT_UNIT) | INTENT: SYNCHRONIZE_DYNAMIC_SLOT | QUEUE: 9 ед.
[KERNEL_CLOCK] Финализация загрузки модулей. Считывание путей вкладок.
[SMO_CLOCK_AUDIT] TX #17 | ORIGIN: 0 -> TARGET: 9 (RESIZE_UNIT) | INTENT: FORCE_RECALCULATE_LAYOUT | QUEUE: 1 ед.
[SMO_CLOCK_AUDIT] TX #14 | ORIGIN: 0 -> TARGET: 12 (SYSTEM_TAB_MENU) | INTENT: REGISTRATION_TAB_SPACE | QUEUE: 3 ед.
[SMO_CLOCK_AUDIT] TX #18 | ORIGIN: 0 -> TARGET: 14 (SYSTEM_VSCROLLBAR) | INTENT: SYNC_SCROLLBAR_METRICS | QUEUE: 1 ед.
[SMO_CLOCK_AUDIT] TX #3 | ORIGIN: 0 -> TARGET: 0 (ROOT_UNIT) | INTENT: init | QUEUE: 1 ед.
[SMO_CLOCK_AUDIT] TX #1 | ORIGIN: 0 -> TARGET: 9 (RESIZE_UNIT) | INTENT: TRIGGER_RESIZE | QUEUE: 1 ед.
[SMO_CLOCK_AUDIT] TX #2 | ORIGIN: 0 -> TARGET: 11 (LOADER_UNIT) | INTENT: BOOT_LAYOUT_TREE | QUEUE: 1 ед.
[LOAD_SEQUENCE] Найдено прикладных slots для гидратации: 9
[IO_IMPORT_CRASH] ФАТАЛЬНЫЙ СБОЙ ЗАГРУЗКИ СЛОТА 200 | Ошибка: Cannot find module 'C:\slotcmp\III\src\modules\tabsbar\tabsbar_ctl.js' imported from C:\slotcmp\III\src\core\smo\loader_unit.js
[PAC_TRIAD_READY] Успешный IoC-монтаж бизнес-панели | Слот: 101
[IO_IMPORT_CRASH] ФАТАЛЬНЫЙ СБОЙ ЗАГРУЗКИ СЛОТА 104 | Ошибка: Identifier 'packCellBits' has already been declared
[PAC_TRIAD_READY] Успешный IoC-монтаж бизнес-панели | Слот: 102
[PAC_TRIAD_READY] Успешный IoC-монтаж бизнес-панели | Слот: 103
[PAC_TRIAD_READY] Успешный IoC-монтаж бизнес-панели | Слот: 106
[PAC_TRIAD_READY] Успешный IoC-монтаж бизнес-панели | Слот: 105
[PAC_TRIAD_READY] Успешный IoC-монтаж бизнес-панели | Слот: 108
[PAC_TRIAD_READY] Успешный IoC-монтаж бизнес-панели | Слот: 100
[LOAD_SEQUENCE] Все бизнес-слоты успешно гидратированы в шину.
[SMO_CLOCK_AUDIT] TX #5 | ORIGIN: 11 -> TARGET: 0 (ROOT_UNIT) | INTENT: SYNCHRONIZE_DYNAMIC_SLOT | QUEUE: 8 ед.
[KERNEL_CLOCK] Финализация загрузки модулей. Считывание путей вкладок.
[SMO_CLOCK_AUDIT] TX #16 | ORIGIN: 0 -> TARGET: 9 (RESIZE_UNIT) | INTENT: FORCE_RECALCULATE_LAYOUT | QUEUE: 1 ед.
[SMO_CLOCK_AUDIT] TX #13 | ORIGIN: 0 -> TARGET: 12 (SYSTEM_TAB_MENU) | INTENT: REGISTRATION_TAB_SPACE | QUEUE: 3 ед.
[SMO_CLOCK_AUDIT] TX #17 | ORIGIN: 0 -> TARGET: 14 (SYSTEM_VSCROLLBAR) | INTENT: SYNC_SCROLLBAR_METRICS | QUEUE: 1 ед.
[SMO_CLOCK_AUDIT] TX #22 | ORIGIN: 9 -> TARGET: 9 (RESIZE_UNIT) | INTENT: INJECT_GEO_MAP | QUEUE: 2 ед.
[15:41:58 Msk] [СМО_LAYOUT] Геометрия TUI пересчитана воркером: W=120 знакомест | H=30 строк
[15:41:58 Msk] [СМО_LAYOUT] Геометрия TUI пересчитана воркером: W=120 знакомест | H=30 строк
[SMO_CLOCK_AUDIT] TX #25 | ORIGIN: 102 -> TARGET: 102 (EXPLORER) | INTENT: INJECT_VFS_DATA | QUEUE: 2 ед.
[SMO_CLOCK_AUDIT] TX #27 | ORIGIN: 103 -> TARGET: 103 (EXPLORER) | INTENT: INJECT_VFS_DATA | QUEUE: 2 ед.
[SMO_CLOCK_AUDIT] TX #24 | ORIGIN: 102 -> TARGET: 108 (LOGGER) | INTENT: ADD_LOG_ENTRY | QUEUE: 6 ед.
[SMO_CLOCK_AUDIT] TX #36 | ORIGIN: 102 -> TARGET: 14 (SYSTEM_VSCROLLBAR) | INTENT: SYNC_SCROLLBAR_METRICS | QUEUE: 4 ед.
[SMO_CLOCK_AUDIT] TX #416 | ORIGIN: 10 -> TARGET: 9 (RESIZE_UNIT) | INTENT: RESIZE_SLOT_GEOMETRY | QUEUE: 1 ед.
[SMO_CLOCK_AUDIT] TX #455 | ORIGIN: 10 -> TARGET: 9 (RESIZE_UNIT) | INTENT: RESIZE_SLOT_GEOMETRY | QUEUE: 1 ед.
[SMO_CLOCK_AUDIT] TX #3 | ORIGIN: 0 -> TARGET: 0 (ROOT_UNIT) | INTENT: init | QUEUE: 1 ед.
[SMO_CLOCK_AUDIT] TX #1 | ORIGIN: 0 -> TARGET: 9 (RESIZE_UNIT) | INTENT: TRIGGER_RESIZE | QUEUE: 1 ед.
[SMO_CLOCK_AUDIT] TX #2 | ORIGIN: 0 -> TARGET: 11 (LOADER_UNIT) | INTENT: BOOT_LAYOUT_TREE | QUEUE: 1 ед.
[LOAD_SEQUENCE] Найдено прикладных slots для гидратации: 9
[IO_IMPORT_CRASH] ФАТАЛЬНЫЙ СБОЙ ЗАГРУЗКИ СЛОТА 200 | Ошибка: Cannot find module 'C:\slotcmp\III\src\modules\tabsbar\tabsbar_ctl.js' imported from C:\slotcmp\III\src\core\smo\loader_unit.js
[PAC_TRIAD_READY] Успешный IoC-монтаж бизнес-панели | Слот: 101
[IO_IMPORT_CRASH] ФАТАЛЬНЫЙ СБОЙ ЗАГРУЗКИ СЛОТА 104 | Ошибка: Identifier 'packCellBits' has already been declared
[PAC_TRIAD_READY] Успешный IoC-монтаж бизнес-панели | Слот: 102
[PAC_TRIAD_READY] Успешный IoC-монтаж бизнес-панели | Слот: 103
[PAC_TRIAD_READY] Успешный IoC-монтаж бизнес-панели | Слот: 106
[PAC_TRIAD_READY] Успешный IoC-монтаж бизнес-панели | Слот: 105
[PAC_TRIAD_READY] Успешный IoC-монтаж бизнес-панели | Слот: 108
[PAC_TRIAD_READY] Успешный IoC-монтаж бизнес-панели | Слот: 100
[LOAD_SEQUENCE] Все бизнес-слоты успешно гидратированы в шину.
[SMO_CLOCK_AUDIT] TX #5 | ORIGIN: 11 -> TARGET: 0 (ROOT_UNIT) | INTENT: SYNCHRONIZE_DYNAMIC_SLOT | QUEUE: 8 ед.
[KERNEL_CLOCK] Финализация загрузки модулей. Считывание путей вкладок.
[SMO_CLOCK_AUDIT] TX #16 | ORIGIN: 0 -> TARGET: 9 (RESIZE_UNIT) | INTENT: FORCE_RECALCULATE_LAYOUT | QUEUE: 1 ед.
[SMO_CLOCK_AUDIT] TX #13 | ORIGIN: 0 -> TARGET: 12 (SYSTEM_TAB_MENU) | INTENT: REGISTRATION_TAB_SPACE | QUEUE: 3 ед.
[SMO_CLOCK_AUDIT] TX #17 | ORIGIN: 0 -> TARGET: 14 (SYSTEM_VSCROLLBAR) | INTENT: SYNC_SCROLLBAR_METRICS | QUEUE: 1 ед.
[SMO_CLOCK_AUDIT] TX #30 | ORIGIN: 9 -> TARGET: 9 (RESIZE_UNIT) | INTENT: INJECT_GEO_MAP | QUEUE: 2 ед.
[15:45:58 Msk] [СМО_LAYOUT] Геометрия TUI пересчитана воркером: W=120 знакомест | H=30 строк
[15:45:58 Msk] [СМО_LAYOUT] Геометрия TUI пересчитана воркером: W=120 знакомест | H=30 строк
[SMO_CLOCK_AUDIT] TX #23 | ORIGIN: 102 -> TARGET: 102 (EXPLORER) | INTENT: INJECT_VFS_DATA | QUEUE: 2 ед.
[SMO_CLOCK_AUDIT] TX #25 | ORIGIN: 103 -> TARGET: 103 (EXPLORER) | INTENT: INJECT_VFS_DATA | QUEUE: 2 ед.
[SMO_CLOCK_AUDIT] TX #22 | ORIGIN: 102 -> TARGET: 108 (LOGGER) | INTENT: ADD_LOG_ENTRY | QUEUE: 6 ед.
[SMO_CLOCK_AUDIT] TX #36 | ORIGIN: 102 -> TARGET: 14 (SYSTEM_VSCROLLBAR) | INTENT: SYNC_SCROLLBAR_METRICS | QUEUE: 4 ед.
[SMO_CLOCK_AUDIT] TX #3 | ORIGIN: 0 -> TARGET: 0 (ROOT_UNIT) | INTENT: init | QUEUE: 1 ед.
[SMO_CLOCK_AUDIT] TX #1 | ORIGIN: 0 -> TARGET: 9 (RESIZE_UNIT) | INTENT: TRIGGER_RESIZE | QUEUE: 1 ед.
[SMO_CLOCK_AUDIT] TX #2 | ORIGIN: 0 -> TARGET: 11 (LOADER_UNIT) | INTENT: BOOT_LAYOUT_TREE | QUEUE: 1 ед.
[LOAD_SEQUENCE] Найдено прикладных slots для гидратации: 9
[IO_IMPORT_CRASH] ФАТАЛЬНЫЙ СБОЙ ЗАГРУЗКИ СЛОТА 200 | Ошибка: Cannot find module 'C:\slotcmp\III\src\modules\tabsbar\tabsbar_ctl.js' imported from C:\slotcmp\III\src\core\smo\loader_unit.js
[PAC_TRIAD_READY] Успешный IoC-монтаж бизнес-панели | Слот: 101
[IO_IMPORT_CRASH] ФАТАЛЬНЫЙ СБОЙ ЗАГРУЗКИ СЛОТА 104 | Ошибка: Identifier 'packCellBits' has already been declared
[PAC_TRIAD_READY] Успешный IoC-монтаж бизнес-панели | Слот: 102
[PAC_TRIAD_READY] Успешный IoC-монтаж бизнес-панели | Слот: 103
[PAC_TRIAD_READY] Успешный IoC-монтаж бизнес-панели | Слот: 106
[PAC_TRIAD_READY] Успешный IoC-монтаж бизнес-панели | Слот: 105
[PAC_TRIAD_READY] Успешный IoC-монтаж бизнес-панели | Слот: 108
[PAC_TRIAD_READY] Успешный IoC-монтаж бизнес-панели | Слот: 100
[LOAD_SEQUENCE] Все бизнес-слоты успешно гидратированы в шину.
[SMO_CLOCK_AUDIT] TX #5 | ORIGIN: 11 -> TARGET: 0 (ROOT_UNIT) | INTENT: SYNCHRONIZE_DYNAMIC_SLOT | QUEUE: 8 ед.
[KERNEL_CLOCK] Финализация загрузки модулей. Считывание путей вкладок.
[SMO_CLOCK_AUDIT] TX #16 | ORIGIN: 0 -> TARGET: 9 (RESIZE_UNIT) | INTENT: FORCE_RECALCULATE_LAYOUT | QUEUE: 1 ед.
[SMO_CLOCK_AUDIT] TX #13 | ORIGIN: 0 -> TARGET: 12 (SYSTEM_TAB_MENU) | INTENT: REGISTRATION_TAB_SPACE | QUEUE: 3 ед.
[SMO_CLOCK_AUDIT] TX #17 | ORIGIN: 0 -> TARGET: 14 (SYSTEM_VSCROLLBAR) | INTENT: SYNC_SCROLLBAR_METRICS | QUEUE: 1 ед.
[SMO_CLOCK_AUDIT] TX #30 | ORIGIN: 9 -> TARGET: 9 (RESIZE_UNIT) | INTENT: INJECT_GEO_MAP | QUEUE: 2 ед.
[15:47:45 Msk] [СМО_LAYOUT] Геометрия TUI пересчитана воркером: W=120 знакомест | H=30 строк
[15:47:45 Msk] [СМО_LAYOUT] Геометрия TUI пересчитана воркером: W=120 знакомест | H=30 строк
[SMO_CLOCK_AUDIT] TX #23 | ORIGIN: 102 -> TARGET: 102 (EXPLORER) | INTENT: INJECT_VFS_DATA | QUEUE: 2 ед.
[SMO_CLOCK_AUDIT] TX #25 | ORIGIN: 103 -> TARGET: 103 (EXPLORER) | INTENT: INJECT_VFS_DATA | QUEUE: 2 ед.
[SMO_CLOCK_AUDIT] TX #22 | ORIGIN: 102 -> TARGET: 108 (LOGGER) | INTENT: ADD_LOG_ENTRY | QUEUE: 6 ед.
[SMO_CLOCK_AUDIT] TX #36 | ORIGIN: 102 -> TARGET: 14 (SYSTEM_VSCROLLBAR) | INTENT: SYNC_SCROLLBAR_METRICS | QUEUE: 4 ед.
[SMO_CLOCK_AUDIT] TX #210 | ORIGIN: 10 -> TARGET: 105 (COMMAND) | INTENT: MOUSE_CLICK | QUEUE: 1 ед.
[SMO_CLOCK_AUDIT] TX #215 | ORIGIN: 10 -> TARGET: 105 (COMMAND) | INTENT: MOUSE_CLICK | QUEUE: 1 ед.
[SMO_CLOCK_AUDIT] TX #228 | ORIGIN: 10 -> TARGET: 108 (LOGGER) | INTENT: MOUSE_CLICK | QUEUE: 1 ед.
[SMO_CLOCK_AUDIT] TX #229 | ORIGIN: 10 -> TARGET: 108 (LOGGER) | INTENT: MOUSE_CLICK | QUEUE: 1 ед.
[SMO_CLOCK_AUDIT] TX #244 | ORIGIN: 10 -> TARGET: 102 (EXPLORER) | INTENT: MOUSE_CLICK | QUEUE: 1 ед.
[SMO_CLOCK_AUDIT] TX #246 | ORIGIN: 10 -> TARGET: 102 (EXPLORER) | INTENT: MOUSE_CLICK | QUEUE: 1 ед.
[SMO_CLOCK_AUDIT] TX #267 | ORIGIN: 10 -> TARGET: 102 (EXPLORER) | INTENT: MOUSE_CLICK | QUEUE: 1 ед.
[SMO_CLOCK_AUDIT] TX #292 | ORIGIN: 10 -> TARGET: 105 (COMMAND) | INTENT: MOUSE_CLICK | QUEUE: 1 ед.
[SMO_CLOCK_AUDIT] TX #3 | ORIGIN: 0 -> TARGET: 0 (ROOT_UNIT) | INTENT: init | QUEUE: 1 ед.
[SMO_CLOCK_AUDIT] TX #1 | ORIGIN: 0 -> TARGET: 9 (RESIZE_UNIT) | INTENT: TRIGGER_RESIZE | QUEUE: 1 ед.
[SMO_CLOCK_AUDIT] TX #2 | ORIGIN: 0 -> TARGET: 11 (LOADER_UNIT) | INTENT: BOOT_LAYOUT_TREE | QUEUE: 1 ед.
[LOAD_SEQUENCE] Найдено прикладных slots для гидратации: 9
[IO_IMPORT_CRASH] ФАТАЛЬНЫЙ СБОЙ ЗАГРУЗКИ СЛОТА 200 | Ошибка: Cannot find module 'C:\slotcmp\III\src\modules\tabsbar\tabsbar_ctl.js' imported from C:\slotcmp\III\src\core\smo\loader_unit.js
[PAC_TRIAD_READY] Успешный IoC-монтаж бизнес-панели | Слот: 101
[IO_IMPORT_CRASH] ФАТАЛЬНЫЙ СБОЙ ЗАГРУЗКИ СЛОТА 104 | Ошибка: Identifier 'packCellBits' has already been declared
[PAC_TRIAD_READY] Успешный IoC-монтаж бизнес-панели | Слот: 102
[PAC_TRIAD_READY] Успешный IoC-монтаж бизнес-панели | Слот: 103
[PAC_TRIAD_READY] Успешный IoC-монтаж бизнес-панели | Слот: 106
[PAC_TRIAD_READY] Успешный IoC-монтаж бизнес-панели | Слот: 105
[PAC_TRIAD_READY] Успешный IoC-монтаж бизнес-панели | Слот: 108
[PAC_TRIAD_READY] Успешный IoC-монтаж бизнес-панели | Слот: 100
[LOAD_SEQUENCE] Все бизнес-слоты успешно гидратированы в шину.
[SMO_CLOCK_AUDIT] TX #5 | ORIGIN: 11 -> TARGET: 0 (ROOT_UNIT) | INTENT: SYNCHRONIZE_DYNAMIC_SLOT | QUEUE: 8 ед.
[KERNEL_CLOCK] Финализация загрузки модулей. Считывание путей вкладок.
[SMO_CLOCK_AUDIT] TX #16 | ORIGIN: 0 -> TARGET: 9 (RESIZE_UNIT) | INTENT: FORCE_RECALCULATE_LAYOUT | QUEUE: 1 ед.
[SMO_CLOCK_AUDIT] TX #13 | ORIGIN: 0 -> TARGET: 12 (SYSTEM_TAB_MENU) | INTENT: REGISTRATION_TAB_SPACE | QUEUE: 3 ед.
[SMO_CLOCK_AUDIT] TX #17 | ORIGIN: 0 -> TARGET: 14 (SYSTEM_VSCROLLBAR) | INTENT: SYNC_SCROLLBAR_METRICS | QUEUE: 1 ед.
[SMO_CLOCK_AUDIT] TX #3 | ORIGIN: 0 -> TARGET: 0 (ROOT_UNIT) | INTENT: init | QUEUE: 1 ед.
[SMO_CLOCK_AUDIT] TX #1 | ORIGIN: 0 -> TARGET: 9 (RESIZE_UNIT) | INTENT: TRIGGER_RESIZE | QUEUE: 1 ед.
[SMO_CLOCK_AUDIT] TX #2 | ORIGIN: 0 -> TARGET: 11 (LOADER_UNIT) | INTENT: BOOT_LAYOUT_TREE | QUEUE: 1 ед.
[LOAD_SEQUENCE] Найдено прикладных slots для гидратации: 9
[IO_IMPORT_CRASH] ФАТАЛЬНЫЙ СБОЙ ЗАГРУЗКИ СЛОТА 200 | Ошибка: Cannot find module 'C:\slotcmp\III\src\modules\tabsbar\tabsbar_ctl.js' imported from C:\slotcmp\III\src\core\smo\loader_unit.js
[PAC_TRIAD_READY] Успешный IoC-монтаж бизнес-панели | Слот: 101
[IO_IMPORT_CRASH] ФАТАЛЬНЫЙ СБОЙ ЗАГРУЗКИ СЛОТА 104 | Ошибка: Identifier 'packCellBits' has already been declared
[PAC_TRIAD_READY] Успешный IoC-монтаж бизнес-панели | Слот: 102
[PAC_TRIAD_READY] Успешный IoC-монтаж бизнес-панели | Слот: 103
[PAC_TRIAD_READY] Успешный IoC-монтаж бизнес-панели | Слот: 106
[PAC_TRIAD_READY] Успешный IoC-монтаж бизнес-панели | Слот: 105
[PAC_TRIAD_READY] Успешный IoC-монтаж бизнес-панели | Слот: 108
[PAC_TRIAD_READY] Успешный IoC-монтаж бизнес-панели | Слот: 100
[LOAD_SEQUENCE] Все бизнес-слоты успешно гидратированы в шину.
[SMO_CLOCK_AUDIT] TX #5 | ORIGIN: 11 -> TARGET: 0 (ROOT_UNIT) | INTENT: SYNCHRONIZE_DYNAMIC_SLOT | QUEUE: 8 ед.
[KERNEL_CLOCK] Финализация загрузки модулей. Считывание путей вкладок.
[SMO_CLOCK_AUDIT] TX #16 | ORIGIN: 0 -> TARGET: 9 (RESIZE_UNIT) | INTENT: FORCE_RECALCULATE_LAYOUT | QUEUE: 1 ед.
[SMO_CLOCK_AUDIT] TX #13 | ORIGIN: 0 -> TARGET: 12 (SYSTEM_TAB_MENU) | INTENT: REGISTRATION_TAB_SPACE | QUEUE: 3 ед.
[SMO_CLOCK_AUDIT] TX #17 | ORIGIN: 0 -> TARGET: 14 (SYSTEM_VSCROLLBAR) | INTENT: SYNC_SCROLLBAR_METRICS | QUEUE: 1 ед.
[SMO_CLOCK_AUDIT] TX #30 | ORIGIN: 9 -> TARGET: 9 (RESIZE_UNIT) | INTENT: INJECT_GEO_MAP | QUEUE: 2 ед.
[15:50:51 Msk] [СМО_LAYOUT] Геометрия TUI пересчитана воркером: W=120 знакомест | H=30 строк
[15:50:51 Msk] [СМО_LAYOUT] Геометрия TUI пересчитана воркером: W=120 знакомест | H=30 строк
[SMO_CLOCK_AUDIT] TX #23 | ORIGIN: 102 -> TARGET: 102 (EXPLORER) | INTENT: INJECT_VFS_DATA | QUEUE: 2 ед.
[SMO_CLOCK_AUDIT] TX #25 | ORIGIN: 103 -> TARGET: 103 (EXPLORER) | INTENT: INJECT_VFS_DATA | QUEUE: 2 ед.
[SMO_CLOCK_AUDIT] TX #22 | ORIGIN: 102 -> TARGET: 108 (LOGGER) | INTENT: ADD_LOG_ENTRY | QUEUE: 6 ед.
[SMO_CLOCK_AUDIT] TX #36 | ORIGIN: 102 -> TARGET: 14 (SYSTEM_VSCROLLBAR) | INTENT: SYNC_SCROLLBAR_METRICS | QUEUE: 4 ед.
[SMO_CLOCK_AUDIT] TX #3 | ORIGIN: 0 -> TARGET: 0 (ROOT_UNIT) | INTENT: init | QUEUE: 1 ед.
[SMO_CLOCK_AUDIT] TX #1 | ORIGIN: 0 -> TARGET: 9 (RESIZE_UNIT) | INTENT: TRIGGER_RESIZE | QUEUE: 1 ед.
[SMO_CLOCK_AUDIT] TX #2 | ORIGIN: 0 -> TARGET: 11 (LOADER_UNIT) | INTENT: BOOT_LAYOUT_TREE | QUEUE: 1 ед.
[LOAD_SEQUENCE] Найдено прикладных slots для гидратации: 9
[IO_IMPORT_CRASH] ФАТАЛЬНЫЙ СБОЙ ЗАГРУЗКИ СЛОТА 200 | Ошибка: Cannot find module 'C:\slotcmp\III\src\modules\tabsbar\tabsbar_ctl.js' imported from C:\slotcmp\III\src\core\smo\loader_unit.js
[PAC_TRIAD_READY] Успешный IoC-монтаж бизнес-панели | Слот: 101
[PAC_TRIAD_READY] Успешный IoC-монтаж бизнес-панели | Слот: 104
[PAC_TRIAD_READY] Успешный IoC-монтаж бизнес-панели | Слот: 102
[PAC_TRIAD_READY] Успешный IoC-монтаж бизнес-панели | Слот: 103
[PAC_TRIAD_READY] Успешный IoC-монтаж бизнес-панели | Слот: 106
[PAC_TRIAD_READY] Успешный IoC-монтаж бизнес-панели | Слот: 105
[PAC_TRIAD_READY] Успешный IoC-монтаж бизнес-панели | Слот: 108
[PAC_TRIAD_READY] Успешный IoC-монтаж бизнес-панели | Слот: 100
[LOAD_SEQUENCE] Все бизнес-слоты успешно гидратированы в шину.
[SMO_CLOCK_AUDIT] TX #5 | ORIGIN: 11 -> TARGET: 0 (ROOT_UNIT) | INTENT: SYNCHRONIZE_DYNAMIC_SLOT | QUEUE: 9 ед.
[KERNEL_CLOCK] Финализация загрузки модулей. Считывание путей вкладок.
[SMO_CLOCK_AUDIT] TX #17 | ORIGIN: 0 -> TARGET: 9 (RESIZE_UNIT) | INTENT: FORCE_RECALCULATE_LAYOUT | QUEUE: 1 ед.
[SMO_CLOCK_AUDIT] TX #14 | ORIGIN: 0 -> TARGET: 12 (SYSTEM_TAB_MENU) | INTENT: REGISTRATION_TAB_SPACE | QUEUE: 3 ед.
[SMO_CLOCK_AUDIT] TX #18 | ORIGIN: 0 -> TARGET: 14 (SYSTEM_VSCROLLBAR) | INTENT: SYNC_SCROLLBAR_METRICS | QUEUE: 1 ед.
[SMO_CLOCK_AUDIT] TX #31 | ORIGIN: 9 -> TARGET: 9 (RESIZE_UNIT) | INTENT: INJECT_GEO_MAP | QUEUE: 2 ед.
[15:54:05 Msk] [СМО_LAYOUT] Геометрия TUI пересчитана воркером: W=120 знакомест | H=30 строк
[15:54:05 Msk] [СМО_LAYOUT] Геометрия TUI пересчитана воркером: W=120 знакомест | H=30 строк
[SMO_CLOCK_AUDIT] TX #24 | ORIGIN: 102 -> TARGET: 102 (EXPLORER) | INTENT: INJECT_VFS_DATA | QUEUE: 2 ед.
[SMO_CLOCK_AUDIT] TX #26 | ORIGIN: 103 -> TARGET: 103 (EXPLORER) | INTENT: INJECT_VFS_DATA | QUEUE: 2 ед.
[SMO_CLOCK_AUDIT] TX #23 | ORIGIN: 102 -> TARGET: 108 (LOGGER) | INTENT: ADD_LOG_ENTRY | QUEUE: 6 ед.
[SMO_CLOCK_AUDIT] TX #37 | ORIGIN: 102 -> TARGET: 14 (SYSTEM_VSCROLLBAR) | INTENT: SYNC_SCROLLBAR_METRICS | QUEUE: 4 ед.
[SMO_CLOCK_AUDIT] TX #3 | ORIGIN: 0 -> TARGET: 0 (ROOT_UNIT) | INTENT: init | QUEUE: 1 ед.
[SMO_CLOCK_AUDIT] TX #1 | ORIGIN: 0 -> TARGET: 9 (RESIZE_UNIT) | INTENT: TRIGGER_RESIZE | QUEUE: 1 ед.
[SMO_CLOCK_AUDIT] TX #2 | ORIGIN: 0 -> TARGET: 11 (LOADER_UNIT) | INTENT: BOOT_LAYOUT_TREE | QUEUE: 1 ед.
[LOAD_SEQUENCE] Найдено прикладных slots для гидратации: 9
[IO_IMPORT_CRASH] ФАТАЛЬНЫЙ СБОЙ ЗАГРУЗКИ СЛОТА 200 | Ошибка: Cannot find module 'C:\slotcmp\III\src\modules\tabsbar\tabsbar_ctl.js' imported from C:\slotcmp\III\src\core\smo\loader_unit.js
[PAC_TRIAD_READY] Успешный IoC-монтаж бизнес-панели | Слот: 101
[PAC_TRIAD_READY] Успешный IoC-монтаж бизнес-панели | Слот: 104
[PAC_TRIAD_READY] Успешный IoC-монтаж бизнес-панели | Слот: 102
[PAC_TRIAD_READY] Успешный IoC-монтаж бизнес-панели | Слот: 103
[PAC_TRIAD_READY] Успешный IoC-монтаж бизнес-панели | Слот: 106
[PAC_TRIAD_READY] Успешный IoC-монтаж бизнес-панели | Слот: 105
[PAC_TRIAD_READY] Успешный IoC-монтаж бизнес-панели | Слот: 108
[PAC_TRIAD_READY] Успешный IoC-монтаж бизнес-панели | Слот: 100
[LOAD_SEQUENCE] Все бизнес-слоты успешно гидратированы в шину.
[SMO_CLOCK_AUDIT] TX #5 | ORIGIN: 11 -> TARGET: 0 (ROOT_UNIT) | INTENT: SYNCHRONIZE_DYNAMIC_SLOT | QUEUE: 9 ед.
[KERNEL_CLOCK] Финализация загрузки модулей. Считывание путей вкладок.
[SMO_CLOCK_AUDIT] TX #17 | ORIGIN: 0 -> TARGET: 9 (RESIZE_UNIT) | INTENT: FORCE_RECALCULATE_LAYOUT | QUEUE: 1 ед.
[SMO_CLOCK_AUDIT] TX #14 | ORIGIN: 0 -> TARGET: 12 (SYSTEM_TAB_MENU) | INTENT: REGISTRATION_TAB_SPACE | QUEUE: 3 ед.
[SMO_CLOCK_AUDIT] TX #18 | ORIGIN: 0 -> TARGET: 14 (SYSTEM_VSCROLLBAR) | INTENT: SYNC_SCROLLBAR_METRICS | QUEUE: 1 ед.
[SMO_CLOCK_AUDIT] TX #31 | ORIGIN: 9 -> TARGET: 9 (RESIZE_UNIT) | INTENT: INJECT_GEO_MAP | QUEUE: 2 ед.
[15:55:00 Msk] [СМО_LAYOUT] Геометрия TUI пересчитана воркером: W=120 знакомест | H=30 строк
[15:55:00 Msk] [СМО_LAYOUT] Геометрия TUI пересчитана воркером: W=120 знакомест | H=30 строк
[SMO_CLOCK_AUDIT] TX #24 | ORIGIN: 102 -> TARGET: 102 (EXPLORER) | INTENT: INJECT_VFS_DATA | QUEUE: 2 ед.
[SMO_CLOCK_AUDIT] TX #26 | ORIGIN: 103 -> TARGET: 103 (EXPLORER) | INTENT: INJECT_VFS_DATA | QUEUE: 2 ед.
[SMO_CLOCK_AUDIT] TX #23 | ORIGIN: 102 -> TARGET: 108 (LOGGER) | INTENT: ADD_LOG_ENTRY | QUEUE: 6 ед.
[SMO_CLOCK_AUDIT] TX #37 | ORIGIN: 102 -> TARGET: 14 (SYSTEM_VSCROLLBAR) | INTENT: SYNC_SCROLLBAR_METRICS | QUEUE: 4 ед.
[SMO_CLOCK_AUDIT] TX #3 | ORIGIN: 0 -> TARGET: 0 (ROOT_UNIT) | INTENT: init | QUEUE: 1 ед.
[SMO_CLOCK_AUDIT] TX #1 | ORIGIN: 0 -> TARGET: 9 (RESIZE_UNIT) | INTENT: TRIGGER_RESIZE | QUEUE: 1 ед.
[SMO_CLOCK_AUDIT] TX #2 | ORIGIN: 0 -> TARGET: 11 (LOADER_UNIT) | INTENT: BOOT_LAYOUT_TREE | QUEUE: 1 ед.
[LOAD_SEQUENCE] Найдено прикладных slots для гидратации: 9
[IO_IMPORT_CRASH] ФАТАЛЬНЫЙ СБОЙ ЗАГРУЗКИ СЛОТА 200 | Ошибка: Cannot find module 'C:\slotcmp\III\src\modules\tabsbar\tabsbar_ctl.js' imported from C:\slotcmp\III\src\core\smo\loader_unit.js
[PAC_TRIAD_READY] Успешный IoC-монтаж бизнес-панели | Слот: 101
[PAC_TRIAD_READY] Успешный IoC-монтаж бизнес-панели | Слот: 104
[PAC_TRIAD_READY] Успешный IoC-монтаж бизнес-панели | Слот: 102
[PAC_TRIAD_READY] Успешный IoC-монтаж бизнес-панели | Слот: 103
[PAC_TRIAD_READY] Успешный IoC-монтаж бизнес-панели | Слот: 106
[PAC_TRIAD_READY] Успешный IoC-монтаж бизнес-панели | Слот: 105
[PAC_TRIAD_READY] Успешный IoC-монтаж бизнес-панели | Слот: 108
[PAC_TRIAD_READY] Успешный IoC-монтаж бизнес-панели | Слот: 100
[LOAD_SEQUENCE] Все бизнес-слоты успешно гидратированы в шину.
[SMO_CLOCK_AUDIT] TX #5 | ORIGIN: 11 -> TARGET: 0 (ROOT_UNIT) | INTENT: SYNCHRONIZE_DYNAMIC_SLOT | QUEUE: 9 ед.
[KERNEL_CLOCK] Финализация загрузки модулей. Считывание путей вкладок.
[SMO_CLOCK_AUDIT] TX #17 | ORIGIN: 0 -> TARGET: 9 (RESIZE_UNIT) | INTENT: FORCE_RECALCULATE_LAYOUT | QUEUE: 1 ед.
[SMO_CLOCK_AUDIT] TX #14 | ORIGIN: 0 -> TARGET: 12 (SYSTEM_TAB_MENU) | INTENT: REGISTRATION_TAB_SPACE | QUEUE: 3 ед.
[SMO_CLOCK_AUDIT] TX #18 | ORIGIN: 0 -> TARGET: 14 (SYSTEM_VSCROLLBAR) | INTENT: SYNC_SCROLLBAR_METRICS | QUEUE: 1 ед.
[SMO_CLOCK_AUDIT] TX #31 | ORIGIN: 9 -> TARGET: 9 (RESIZE_UNIT) | INTENT: INJECT_GEO_MAP | QUEUE: 2 ед.
[15:56:06 Msk] [СМО_LAYOUT] Геометрия TUI пересчитана воркером: W=120 знакомест | H=30 строк
[15:56:06 Msk] [СМО_LAYOUT] Геометрия TUI пересчитана воркером: W=120 знакомест | H=30 строк
[SMO_CLOCK_AUDIT] TX #24 | ORIGIN: 102 -> TARGET: 102 (EXPLORER) | INTENT: INJECT_VFS_DATA | QUEUE: 2 ед.
[SMO_CLOCK_AUDIT] TX #26 | ORIGIN: 103 -> TARGET: 103 (EXPLORER) | INTENT: INJECT_VFS_DATA | QUEUE: 2 ед.
[SMO_CLOCK_AUDIT] TX #23 | ORIGIN: 102 -> TARGET: 108 (LOGGER) | INTENT: ADD_LOG_ENTRY | QUEUE: 6 ед.
[SMO_CLOCK_AUDIT] TX #37 | ORIGIN: 102 -> TARGET: 14 (SYSTEM_VSCROLLBAR) | INTENT: SYNC_SCROLLBAR_METRICS | QUEUE: 4 ед.
[SMO_CLOCK_AUDIT] TX #3 | ORIGIN: 0 -> TARGET: 0 (ROOT_UNIT) | INTENT: init | QUEUE: 1 ед.
[SMO_CLOCK_AUDIT] TX #1 | ORIGIN: 0 -> TARGET: 9 (RESIZE_UNIT) | INTENT: TRIGGER_RESIZE | QUEUE: 1 ед.
[SMO_CLOCK_AUDIT] TX #2 | ORIGIN: 0 -> TARGET: 11 (LOADER_UNIT) | INTENT: BOOT_LAYOUT_TREE | QUEUE: 1 ед.
[LOAD_SEQUENCE] Найдено прикладных slots для гидратации: 9
[IO_IMPORT_CRASH] ФАТАЛЬНЫЙ СБОЙ ЗАГРУЗКИ СЛОТА 200 | Ошибка: Cannot find module 'C:\slotcmp\III\src\modules\tabsbar\tabsbar_ctl.js' imported from C:\slotcmp\III\src\core\smo\loader_unit.js
[PAC_TRIAD_READY] Успешный IoC-монтаж бизнес-панели | Слот: 101
[PAC_TRIAD_READY] Успешный IoC-монтаж бизнес-панели | Слот: 104
[PAC_TRIAD_READY] Успешный IoC-монтаж бизнес-панели | Слот: 102
[PAC_TRIAD_READY] Успешный IoC-монтаж бизнес-панели | Слот: 103
[PAC_TRIAD_READY] Успешный IoC-монтаж бизнес-панели | Слот: 106
[PAC_TRIAD_READY] Успешный IoC-монтаж бизнес-панели | Слот: 105
[PAC_TRIAD_READY] Успешный IoC-монтаж бизнес-панели | Слот: 108
[PAC_TRIAD_READY] Успешный IoC-монтаж бизнес-панели | Слот: 100
[LOAD_SEQUENCE] Все бизнес-слоты успешно гидратированы в шину.
[SMO_CLOCK_AUDIT] TX #5 | ORIGIN: 11 -> TARGET: 0 (ROOT_UNIT) | INTENT: SYNCHRONIZE_DYNAMIC_SLOT | QUEUE: 9 ед.
[KERNEL_CLOCK] Финализация загрузки модулей. Считывание путей вкладок.
[SMO_CLOCK_AUDIT] TX #17 | ORIGIN: 0 -> TARGET: 9 (RESIZE_UNIT) | INTENT: FORCE_RECALCULATE_LAYOUT | QUEUE: 1 ед.
[SMO_CLOCK_AUDIT] TX #14 | ORIGIN: 0 -> TARGET: 12 (SYSTEM_TAB_MENU) | INTENT: REGISTRATION_TAB_SPACE | QUEUE: 3 ед.
[SMO_CLOCK_AUDIT] TX #18 | ORIGIN: 0 -> TARGET: 14 (SYSTEM_VSCROLLBAR) | INTENT: SYNC_SCROLLBAR_METRICS | QUEUE: 1 ед.
[SMO_CLOCK_AUDIT] TX #24 | ORIGIN: 102 -> TARGET: 102 (EXPLORER) | INTENT: INJECT_VFS_DATA | QUEUE: 2 ед.
[SMO_CLOCK_AUDIT] TX #26 | ORIGIN: 103 -> TARGET: 103 (EXPLORER) | INTENT: INJECT_VFS_DATA | QUEUE: 2 ед.
[SMO_CLOCK_AUDIT] TX #23 | ORIGIN: 102 -> TARGET: 108 (LOGGER) | INTENT: ADD_LOG_ENTRY | QUEUE: 4 ед.
[SMO_CLOCK_AUDIT] TX #31 | ORIGIN: 102 -> TARGET: 14 (SYSTEM_VSCROLLBAR) | INTENT: SYNC_SCROLLBAR_METRICS | QUEUE: 4 ед.
[SMO_CLOCK_AUDIT] TX #40 | ORIGIN: 9 -> TARGET: 9 (RESIZE_UNIT) | INTENT: INJECT_GEO_MAP | QUEUE: 2 ед.
[16:01:02 Msk] [СМО_LAYOUT] Геометрия TUI пересчитана воркером: W=120 знакомест | H=30 строк
[16:01:02 Msk] [СМО_LAYOUT] Геометрия TUI пересчитана воркером: W=120 знакомест | H=30 строк
[SMO_CLOCK_AUDIT] TX #42 | ORIGIN: 0 -> TARGET: 108 (LOGGER) | INTENT: ADD_LOG_ENTRY | QUEUE: 2 ед.
[SMO_CLOCK_AUDIT] TX #3 | ORIGIN: 0 -> TARGET: 0 (ROOT_UNIT) | INTENT: init | QUEUE: 1 ед.
[SMO_CLOCK_AUDIT] TX #1 | ORIGIN: 0 -> TARGET: 9 (RESIZE_UNIT) | INTENT: TRIGGER_RESIZE | QUEUE: 1 ед.
[SMO_CLOCK_AUDIT] TX #2 | ORIGIN: 0 -> TARGET: 11 (LOADER_UNIT) | INTENT: BOOT_LAYOUT_TREE | QUEUE: 1 ед.
[LOAD_SEQUENCE] Найдено прикладных slots для гидратации: 9
[IO_IMPORT_CRASH] ФАТАЛЬНЫЙ СБОЙ ЗАГРУЗКИ СЛОТА 200 | Ошибка: Cannot find module 'C:\slotcmp\III\src\modules\tabsbar\tabsbar_ctl.js' imported from C:\slotcmp\III\src\core\smo\loader_unit.js
[PAC_TRIAD_READY] Успешный IoC-монтаж бизнес-панели | Слот: 101
[PAC_TRIAD_READY] Успешный IoC-монтаж бизнес-панели | Слот: 104
[PAC_TRIAD_READY] Успешный IoC-монтаж бизнес-панели | Слот: 102
[PAC_TRIAD_READY] Успешный IoC-монтаж бизнес-панели | Слот: 103
[PAC_TRIAD_READY] Успешный IoC-монтаж бизнес-панели | Слот: 106
[PAC_TRIAD_READY] Успешный IoC-монтаж бизнес-панели | Слот: 105
[PAC_TRIAD_READY] Успешный IoC-монтаж бизнес-панели | Слот: 108
[PAC_TRIAD_READY] Успешный IoC-монтаж бизнес-панели | Слот: 100
[LOAD_SEQUENCE] Все бизнес-слоты успешно гидратированы в шину.
[SMO_CLOCK_AUDIT] TX #5 | ORIGIN: 11 -> TARGET: 0 (ROOT_UNIT) | INTENT: SYNCHRONIZE_DYNAMIC_SLOT | QUEUE: 9 ед.
[KERNEL_CLOCK] Финализация загрузки модулей. Считывание путей вкладок.
[SMO_CLOCK_AUDIT] TX #17 | ORIGIN: 0 -> TARGET: 9 (RESIZE_UNIT) | INTENT: FORCE_RECALCULATE_LAYOUT | QUEUE: 1 ед.
[SMO_CLOCK_AUDIT] TX #14 | ORIGIN: 0 -> TARGET: 12 (SYSTEM_TAB_MENU) | INTENT: REGISTRATION_TAB_SPACE | QUEUE: 3 ед.
[SMO_CLOCK_AUDIT] TX #18 | ORIGIN: 0 -> TARGET: 14 (SYSTEM_VSCROLLBAR) | INTENT: SYNC_SCROLLBAR_METRICS | QUEUE: 1 ед.
[SMO_CLOCK_AUDIT] TX #23 | ORIGIN: 9 -> TARGET: 9 (RESIZE_UNIT) | INTENT: INJECT_GEO_MAP | QUEUE: 2 ед.
[16:02:39 Msk] [СМО_LAYOUT] Геометрия TUI пересчитана воркером: W=120 знакомест | H=30 строк
[16:02:39 Msk] [СМО_LAYOUT] Геометрия TUI пересчитана воркером: W=120 знакомест | H=30 строк
[SMO_CLOCK_AUDIT] TX #26 | ORIGIN: 102 -> TARGET: 102 (EXPLORER) | INTENT: INJECT_VFS_DATA | QUEUE: 2 ед.
[SMO_CLOCK_AUDIT] TX #28 | ORIGIN: 103 -> TARGET: 103 (EXPLORER) | INTENT: INJECT_VFS_DATA | QUEUE: 2 ед.
[SMO_CLOCK_AUDIT] TX #25 | ORIGIN: 102 -> TARGET: 108 (LOGGER) | INTENT: ADD_LOG_ENTRY | QUEUE: 6 ед.
[SMO_CLOCK_AUDIT] TX #37 | ORIGIN: 102 -> TARGET: 14 (SYSTEM_VSCROLLBAR) | INTENT: SYNC_SCROLLBAR_METRICS | QUEUE: 4 ед.
[SMO_CLOCK_AUDIT] TX #3 | ORIGIN: 0 -> TARGET: 0 (ROOT_UNIT) | INTENT: init | QUEUE: 1 ед.
[SMO_CLOCK_AUDIT] TX #1 | ORIGIN: 0 -> TARGET: 9 (RESIZE_UNIT) | INTENT: TRIGGER_RESIZE | QUEUE: 1 ед.
[SMO_CLOCK_AUDIT] TX #2 | ORIGIN: 0 -> TARGET: 11 (LOADER_UNIT) | INTENT: BOOT_LAYOUT_TREE | QUEUE: 1 ед.
[LOAD_SEQUENCE] Найдено прикладных slots для гидратации: 9
[IO_IMPORT_CRASH] ФАТАЛЬНЫЙ СБОЙ ЗАГРУЗКИ СЛОТА 200 | Ошибка: Cannot find module 'C:\slotcmp\III\src\modules\tabsbar\tabsbar_ctl.js' imported from C:\slotcmp\III\src\core\smo\loader_unit.js
[PAC_TRIAD_READY] Успешный IoC-монтаж бизнес-панели | Слот: 101
[PAC_TRIAD_READY] Успешный IoC-монтаж бизнес-панели | Слот: 104
[PAC_TRIAD_READY] Успешный IoC-монтаж бизнес-панели | Слот: 102
[PAC_TRIAD_READY] Успешный IoC-монтаж бизнес-панели | Слот: 103
[PAC_TRIAD_READY] Успешный IoC-монтаж бизнес-панели | Слот: 106
[PAC_TRIAD_READY] Успешный IoC-монтаж бизнес-панели | Слот: 105
[PAC_TRIAD_READY] Успешный IoC-монтаж бизнес-панели | Слот: 108
[PAC_TRIAD_READY] Успешный IoC-монтаж бизнес-панели | Слот: 100
[LOAD_SEQUENCE] Все бизнес-слоты успешно гидратированы в шину.
[SMO_CLOCK_AUDIT] TX #5 | ORIGIN: 11 -> TARGET: 0 (ROOT_UNIT) | INTENT: SYNCHRONIZE_DYNAMIC_SLOT | QUEUE: 9 ед.
[KERNEL_CLOCK] Финализация загрузки модулей. Считывание путей вкладок.
[SMO_CLOCK_AUDIT] TX #17 | ORIGIN: 0 -> TARGET: 9 (RESIZE_UNIT) | INTENT: FORCE_RECALCULATE_LAYOUT | QUEUE: 1 ед.
[SMO_CLOCK_AUDIT] TX #14 | ORIGIN: 0 -> TARGET: 12 (SYSTEM_TAB_MENU) | INTENT: REGISTRATION_TAB_SPACE | QUEUE: 3 ед.
[SMO_CLOCK_AUDIT] TX #18 | ORIGIN: 0 -> TARGET: 14 (SYSTEM_VSCROLLBAR) | INTENT: SYNC_SCROLLBAR_METRICS | QUEUE: 1 ед.
[SMO_CLOCK_AUDIT] TX #23 | ORIGIN: 9 -> TARGET: 9 (RESIZE_UNIT) | INTENT: INJECT_GEO_MAP | QUEUE: 2 ед.
[16:02:56 Msk] [СМО_LAYOUT] Геометрия TUI пересчитана воркером: W=120 знакомест | H=30 строк
[16:02:56 Msk] [СМО_LAYOUT] Геометрия TUI пересчитана воркером: W=120 знакомест | H=30 строк
[SMO_CLOCK_AUDIT] TX #26 | ORIGIN: 102 -> TARGET: 102 (EXPLORER) | INTENT: INJECT_VFS_DATA | QUEUE: 2 ед.
[SMO_CLOCK_AUDIT] TX #28 | ORIGIN: 103 -> TARGET: 103 (EXPLORER) | INTENT: INJECT_VFS_DATA | QUEUE: 2 ед.
[SMO_CLOCK_AUDIT] TX #25 | ORIGIN: 102 -> TARGET: 108 (LOGGER) | INTENT: ADD_LOG_ENTRY | QUEUE: 6 ед.
[SMO_CLOCK_AUDIT] TX #37 | ORIGIN: 102 -> TARGET: 14 (SYSTEM_VSCROLLBAR) | INTENT: SYNC_SCROLLBAR_METRICS | QUEUE: 4 ед.
[SMO_CLOCK_AUDIT] TX #349 | ORIGIN: 0 -> TARGET: 9 (RESIZE_UNIT) | INTENT: TRIGGER_RESIZE | QUEUE: 1 ед.
[SMO_CLOCK_AUDIT] TX #351 | ORIGIN: 9 -> TARGET: 9 (RESIZE_UNIT) | INTENT: INJECT_GEO_MAP | QUEUE: 1 ед.
[16:03:10 Msk] [СМО_LAYOUT] Геометрия TUI пересчитана воркером: W=208 знакомест | H=48 строк
[SMO_CLOCK_AUDIT] TX #352 | ORIGIN: 0 -> TARGET: 108 (LOGGER) | INTENT: ADD_LOG_ENTRY | QUEUE: 1 ед.
[SMO_CLOCK_AUDIT] TX #3 | ORIGIN: 0 -> TARGET: 0 (ROOT_UNIT) | INTENT: init | QUEUE: 1 ед.
[SMO_CLOCK_AUDIT] TX #1 | ORIGIN: 0 -> TARGET: 9 (RESIZE_UNIT) | INTENT: TRIGGER_RESIZE | QUEUE: 1 ед.
[SMO_CLOCK_AUDIT] TX #2 | ORIGIN: 0 -> TARGET: 11 (LOADER_UNIT) | INTENT: BOOT_LAYOUT_TREE | QUEUE: 1 ед.
[LOAD_SEQUENCE] Найдено прикладных slots для гидратации: 9
[IO_IMPORT_CRASH] ФАТАЛЬНЫЙ СБОЙ ЗАГРУЗКИ СЛОТА 200 | Ошибка: Cannot find module 'C:\slotcmp\III\src\modules\tabsbar\tabsbar_ctl.js' imported from C:\slotcmp\III\src\core\smo\loader_unit.js
[PAC_TRIAD_READY] Успешный IoC-монтаж бизнес-панели | Слот: 101
[PAC_TRIAD_READY] Успешный IoC-монтаж бизнес-панели | Слот: 104
[PAC_TRIAD_READY] Успешный IoC-монтаж бизнес-панели | Слот: 102
[PAC_TRIAD_READY] Успешный IoC-монтаж бизнес-панели | Слот: 103
[PAC_TRIAD_READY] Успешный IoC-монтаж бизнес-панели | Слот: 106
[PAC_TRIAD_READY] Успешный IoC-монтаж бизнес-панели | Слот: 105
[PAC_TRIAD_READY] Успешный IoC-монтаж бизнес-панели | Слот: 108
[PAC_TRIAD_READY] Успешный IoC-монтаж бизнес-панели | Слот: 100
[LOAD_SEQUENCE] Все бизнес-слоты успешно гидратированы в шину.
[SMO_CLOCK_AUDIT] TX #5 | ORIGIN: 11 -> TARGET: 0 (ROOT_UNIT) | INTENT: SYNCHRONIZE_DYNAMIC_SLOT | QUEUE: 9 ед.
[KERNEL_CLOCK] Финализация загрузки модулей. Считывание путей вкладок.
[SMO_CLOCK_AUDIT] TX #17 | ORIGIN: 0 -> TARGET: 9 (RESIZE_UNIT) | INTENT: FORCE_RECALCULATE_LAYOUT | QUEUE: 1 ед.
[SMO_CLOCK_AUDIT] TX #14 | ORIGIN: 0 -> TARGET: 12 (SYSTEM_TAB_MENU) | INTENT: REGISTRATION_TAB_SPACE | QUEUE: 3 ед.
[SMO_CLOCK_AUDIT] TX #18 | ORIGIN: 0 -> TARGET: 14 (SYSTEM_VSCROLLBAR) | INTENT: SYNC_SCROLLBAR_METRICS | QUEUE: 1 ед.
[SMO_CLOCK_AUDIT] TX #23 | ORIGIN: 9 -> TARGET: 9 (RESIZE_UNIT) | INTENT: INJECT_GEO_MAP | QUEUE: 2 ед.
[16:04:30 Msk] [СМО_LAYOUT] Геометрия TUI пересчитана воркером: W=208 знакомест | H=48 строк
[16:04:30 Msk] [СМО_LAYOUT] Геометрия TUI пересчитана воркером: W=208 знакомест | H=48 строк
[SMO_CLOCK_AUDIT] TX #26 | ORIGIN: 102 -> TARGET: 102 (EXPLORER) | INTENT: INJECT_VFS_DATA | QUEUE: 2 ед.
[SMO_CLOCK_AUDIT] TX #28 | ORIGIN: 103 -> TARGET: 103 (EXPLORER) | INTENT: INJECT_VFS_DATA | QUEUE: 2 ед.
[SMO_CLOCK_AUDIT] TX #25 | ORIGIN: 102 -> TARGET: 108 (LOGGER) | INTENT: ADD_LOG_ENTRY | QUEUE: 6 ед.
[SMO_CLOCK_AUDIT] TX #37 | ORIGIN: 102 -> TARGET: 14 (SYSTEM_VSCROLLBAR) | INTENT: SYNC_SCROLLBAR_METRICS | QUEUE: 4 ед.
[SMO_CLOCK_AUDIT] TX #764 | ORIGIN: 10 -> TARGET: 102 (EXPLORER) | INTENT: MOUSE_CLICK | QUEUE: 1 ед.
[SMO_CLOCK_AUDIT] TX #766 | ORIGIN: 10 -> TARGET: 102 (EXPLORER) | INTENT: MOUSE_CLICK | QUEUE: 1 ед.
[SMO_CLOCK_AUDIT] TX #768 | ORIGIN: 10 -> TARGET: 102 (EXPLORER) | INTENT: MOUSE_CLICK | QUEUE: 1 ед.
[SMO_CLOCK_AUDIT] TX #3 | ORIGIN: 0 -> TARGET: 0 (ROOT_UNIT) | INTENT: init | QUEUE: 1 ед.
[SMO_CLOCK_AUDIT] TX #1 | ORIGIN: 0 -> TARGET: 9 (RESIZE_UNIT) | INTENT: TRIGGER_RESIZE | QUEUE: 1 ед.
[SMO_CLOCK_AUDIT] TX #2 | ORIGIN: 0 -> TARGET: 11 (LOADER_UNIT) | INTENT: BOOT_LAYOUT_TREE | QUEUE: 1 ед.
[LOAD_SEQUENCE] Найдено прикладных slots для гидратации: 9
[IO_IMPORT_CRASH] ФАТАЛЬНЫЙ СБОЙ ЗАГРУЗКИ СЛОТА 200 | Ошибка: Cannot find module 'C:\slotcmp\III\src\modules\tabsbar\tabsbar_ctl.js' imported from C:\slotcmp\III\src\core\smo\loader_unit.js
[PAC_TRIAD_READY] Успешный IoC-монтаж бизнес-панели | Слот: 101
[PAC_TRIAD_READY] Успешный IoC-монтаж бизнес-панели | Слот: 104
[PAC_TRIAD_READY] Успешный IoC-монтаж бизнес-панели | Слот: 102
[PAC_TRIAD_READY] Успешный IoC-монтаж бизнес-панели | Слот: 103
[PAC_TRIAD_READY] Успешный IoC-монтаж бизнес-панели | Слот: 106
[PAC_TRIAD_READY] Успешный IoC-монтаж бизнес-панели | Слот: 105
[PAC_TRIAD_READY] Успешный IoC-монтаж бизнес-панели | Слот: 108
[PAC_TRIAD_READY] Успешный IoC-монтаж бизнес-панели | Слот: 100
[LOAD_SEQUENCE] Все бизнес-слоты успешно гидратированы в шину.
[SMO_CLOCK_AUDIT] TX #5 | ORIGIN: 11 -> TARGET: 0 (ROOT_UNIT) | INTENT: SYNCHRONIZE_DYNAMIC_SLOT | QUEUE: 9 ед.
[KERNEL_CLOCK] Финализация загрузки модулей. Считывание путей вкладок.
[SMO_CLOCK_AUDIT] TX #17 | ORIGIN: 0 -> TARGET: 9 (RESIZE_UNIT) | INTENT: FORCE_RECALCULATE_LAYOUT | QUEUE: 1 ед.
[SMO_CLOCK_AUDIT] TX #14 | ORIGIN: 0 -> TARGET: 12 (SYSTEM_TAB_MENU) | INTENT: REGISTRATION_TAB_SPACE | QUEUE: 3 ед.
[SMO_CLOCK_AUDIT] TX #18 | ORIGIN: 0 -> TARGET: 14 (SYSTEM_VSCROLLBAR) | INTENT: SYNC_SCROLLBAR_METRICS | QUEUE: 1 ед.
[SMO_CLOCK_AUDIT] TX #31 | ORIGIN: 9 -> TARGET: 9 (RESIZE_UNIT) | INTENT: INJECT_GEO_MAP | QUEUE: 2 ед.
[16:10:46 Msk] [СМО_LAYOUT] Геометрия TUI пересчитана воркером: W=208 знакомест | H=48 строк
[16:10:46 Msk] [СМО_LAYOUT] Геометрия TUI пересчитана воркером: W=208 знакомест | H=48 строк
[SMO_CLOCK_AUDIT] TX #24 | ORIGIN: 102 -> TARGET: 102 (EXPLORER) | INTENT: INJECT_VFS_DATA | QUEUE: 2 ед.
[SMO_CLOCK_AUDIT] TX #26 | ORIGIN: 103 -> TARGET: 103 (EXPLORER) | INTENT: INJECT_VFS_DATA | QUEUE: 2 ед.
[SMO_CLOCK_AUDIT] TX #23 | ORIGIN: 102 -> TARGET: 108 (LOGGER) | INTENT: ADD_LOG_ENTRY | QUEUE: 6 ед.
[SMO_CLOCK_AUDIT] TX #37 | ORIGIN: 102 -> TARGET: 14 (SYSTEM_VSCROLLBAR) | INTENT: SYNC_SCROLLBAR_METRICS | QUEUE: 4 ед.
[SMO_CLOCK_AUDIT] TX #3 | ORIGIN: 0 -> TARGET: 0 (ROOT_UNIT) | INTENT: init | QUEUE: 1 ед.
[SMO_CLOCK_AUDIT] TX #1 | ORIGIN: 0 -> TARGET: 9 (RESIZE_UNIT) | INTENT: TRIGGER_RESIZE | QUEUE: 1 ед.
[SMO_CLOCK_AUDIT] TX #2 | ORIGIN: 0 -> TARGET: 11 (LOADER_UNIT) | INTENT: BOOT_LAYOUT_TREE | QUEUE: 1 ед.
[LOAD_SEQUENCE] Найдено прикладных slots для гидратации: 9
[IO_IMPORT_CRASH] ФАТАЛЬНЫЙ СБОЙ ЗАГРУЗКИ СЛОТА 200 | Ошибка: Cannot find module 'C:\slotcmp\III\src\modules\tabsbar\tabsbar_ctl.js' imported from C:\slotcmp\III\src\core\smo\loader_unit.js
[PAC_TRIAD_READY] Успешный IoC-монтаж бизнес-панели | Слот: 101
[PAC_TRIAD_READY] Успешный IoC-монтаж бизнес-панели | Слот: 104
[PAC_TRIAD_READY] Успешный IoC-монтаж бизнес-панели | Слот: 102
[PAC_TRIAD_READY] Успешный IoC-монтаж бизнес-панели | Слот: 103
[PAC_TRIAD_READY] Успешный IoC-монтаж бизнес-панели | Слот: 106
[PAC_TRIAD_READY] Успешный IoC-монтаж бизнес-панели | Слот: 105
[PAC_TRIAD_READY] Успешный IoC-монтаж бизнес-панели | Слот: 108
[PAC_TRIAD_READY] Успешный IoC-монтаж бизнес-панели | Слот: 100
[LOAD_SEQUENCE] Все бизнес-слоты успешно гидратированы в шину.
[SMO_CLOCK_AUDIT] TX #5 | ORIGIN: 11 -> TARGET: 0 (ROOT_UNIT) | INTENT: SYNCHRONIZE_DYNAMIC_SLOT | QUEUE: 9 ед.
[KERNEL_CLOCK] Финализация загрузки модулей. Считывание путей вкладок.
[SMO_CLOCK_AUDIT] TX #17 | ORIGIN: 0 -> TARGET: 9 (RESIZE_UNIT) | INTENT: FORCE_RECALCULATE_LAYOUT | QUEUE: 1 ед.
[SMO_CLOCK_AUDIT] TX #14 | ORIGIN: 0 -> TARGET: 12 (SYSTEM_TAB_MENU) | INTENT: REGISTRATION_TAB_SPACE | QUEUE: 3 ед.
[SMO_CLOCK_AUDIT] TX #18 | ORIGIN: 0 -> TARGET: 14 (SYSTEM_VSCROLLBAR) | INTENT: SYNC_SCROLLBAR_METRICS | QUEUE: 1 ед.
[SMO_CLOCK_AUDIT] TX #31 | ORIGIN: 9 -> TARGET: 9 (RESIZE_UNIT) | INTENT: INJECT_GEO_MAP | QUEUE: 2 ед.
[16:13:02 Msk] [СМО_LAYOUT] Геометрия TUI пересчитана воркером: W=208 знакомест | H=48 строк
[16:13:02 Msk] [СМО_LAYOUT] Геометрия TUI пересчитана воркером: W=208 знакомест | H=48 строк
[SMO_CLOCK_AUDIT] TX #24 | ORIGIN: 102 -> TARGET: 102 (EXPLORER) | INTENT: INJECT_VFS_DATA | QUEUE: 2 ед.
[SMO_CLOCK_AUDIT] TX #26 | ORIGIN: 103 -> TARGET: 103 (EXPLORER) | INTENT: INJECT_VFS_DATA | QUEUE: 2 ед.
[SMO_CLOCK_AUDIT] TX #23 | ORIGIN: 102 -> TARGET: 108 (LOGGER) | INTENT: ADD_LOG_ENTRY | QUEUE: 6 ед.
[SMO_CLOCK_AUDIT] TX #37 | ORIGIN: 102 -> TARGET: 14 (SYSTEM_VSCROLLBAR) | INTENT: SYNC_SCROLLBAR_METRICS | QUEUE: 4 ед.
[SMO_CLOCK_AUDIT] TX #3 | ORIGIN: 0 -> TARGET: 0 (ROOT_UNIT) | INTENT: init | QUEUE: 1 ед.
[SMO_CLOCK_AUDIT] TX #1 | ORIGIN: 0 -> TARGET: 9 (RESIZE_UNIT) | INTENT: TRIGGER_RESIZE | QUEUE: 1 ед.
[SMO_CLOCK_AUDIT] TX #2 | ORIGIN: 0 -> TARGET: 11 (LOADER_UNIT) | INTENT: BOOT_LAYOUT_TREE | QUEUE: 1 ед.
[LOAD_SEQUENCE] Найдено прикладных slots для гидратации: 9
[IO_IMPORT_CRASH] ФАТАЛЬНЫЙ СБОЙ ЗАГРУЗКИ СЛОТА 200 | Ошибка: Cannot find module 'C:\slotcmp\III\src\modules\tabsbar\tabsbar_ctl.js' imported from C:\slotcmp\III\src\core\smo\loader_unit.js
[PAC_TRIAD_READY] Успешный IoC-монтаж бизнес-панели | Слот: 101
[PAC_TRIAD_READY] Успешный IoC-монтаж бизнес-панели | Слот: 104
[PAC_TRIAD_READY] Успешный IoC-монтаж бизнес-панели | Слот: 102
[PAC_TRIAD_READY] Успешный IoC-монтаж бизнес-панели | Слот: 103
[PAC_TRIAD_READY] Успешный IoC-монтаж бизнес-панели | Слот: 106
[PAC_TRIAD_READY] Успешный IoC-монтаж бизнес-панели | Слот: 105
[PAC_TRIAD_READY] Успешный IoC-монтаж бизнес-панели | Слот: 108
[PAC_TRIAD_READY] Успешный IoC-монтаж бизнес-панели | Слот: 100
[LOAD_SEQUENCE] Все бизнес-слоты успешно гидратированы в шину.
[SMO_CLOCK_AUDIT] TX #5 | ORIGIN: 11 -> TARGET: 0 (ROOT_UNIT) | INTENT: SYNCHRONIZE_DYNAMIC_SLOT | QUEUE: 9 ед.
[KERNEL_CLOCK] Финализация загрузки модулей. Считывание путей вкладок.
[SMO_CLOCK_AUDIT] TX #17 | ORIGIN: 0 -> TARGET: 9 (RESIZE_UNIT) | INTENT: FORCE_RECALCULATE_LAYOUT | QUEUE: 1 ед.
[SMO_CLOCK_AUDIT] TX #14 | ORIGIN: 0 -> TARGET: 12 (SYSTEM_TAB_MENU) | INTENT: REGISTRATION_TAB_SPACE | QUEUE: 3 ед.
[SMO_CLOCK_AUDIT] TX #18 | ORIGIN: 0 -> TARGET: 14 (SYSTEM_VSCROLLBAR) | INTENT: SYNC_SCROLLBAR_METRICS | QUEUE: 1 ед.
[SMO_CLOCK_AUDIT] TX #31 | ORIGIN: 9 -> TARGET: 9 (RESIZE_UNIT) | INTENT: INJECT_GEO_MAP | QUEUE: 2 ед.
[16:14:44 Msk] [СМО_LAYOUT] Геометрия TUI пересчитана воркером: W=208 знакомест | H=48 строк
[16:14:44 Msk] [СМО_LAYOUT] Геометрия TUI пересчитана воркером: W=208 знакомест | H=48 строк
[SMO_CLOCK_AUDIT] TX #24 | ORIGIN: 102 -> TARGET: 102 (EXPLORER) | INTENT: INJECT_VFS_DATA | QUEUE: 2 ед.
[SMO_CLOCK_AUDIT] TX #26 | ORIGIN: 103 -> TARGET: 103 (EXPLORER) | INTENT: INJECT_VFS_DATA | QUEUE: 2 ед.
[SMO_CLOCK_AUDIT] TX #23 | ORIGIN: 102 -> TARGET: 108 (LOGGER) | INTENT: ADD_LOG_ENTRY | QUEUE: 6 ед.
[SMO_CLOCK_AUDIT] TX #37 | ORIGIN: 102 -> TARGET: 14 (SYSTEM_VSCROLLBAR) | INTENT: SYNC_SCROLLBAR_METRICS | QUEUE: 4 ед.
[SMO_CLOCK_AUDIT] TX #711 | ORIGIN: 10 -> TARGET: 9 (RESIZE_UNIT) | INTENT: RESIZE_SLOT_GEOMETRY | QUEUE: 1 ед.
[SMO_CLOCK_AUDIT] TX #715 | ORIGIN: 10 -> TARGET: 9 (RESIZE_UNIT) | INTENT: RESIZE_SLOT_GEOMETRY | QUEUE: 1 ед.
[SMO_CLOCK_AUDIT] TX #717 | ORIGIN: 10 -> TARGET: 9 (RESIZE_UNIT) | INTENT: RESIZE_SLOT_GEOMETRY | QUEUE: 1 ед.
[SMO_CLOCK_AUDIT] TX #3 | ORIGIN: 0 -> TARGET: 0 (ROOT_UNIT) | INTENT: init | QUEUE: 1 ед.
[SMO_CLOCK_AUDIT] TX #1 | ORIGIN: 0 -> TARGET: 9 (RESIZE_UNIT) | INTENT: TRIGGER_RESIZE | QUEUE: 1 ед.
[SMO_CLOCK_AUDIT] TX #2 | ORIGIN: 0 -> TARGET: 11 (LOADER_UNIT) | INTENT: BOOT_LAYOUT_TREE | QUEUE: 1 ед.
[LOAD_SEQUENCE] Найдено прикладных slots для гидратации: 9
[IO_IMPORT_CRASH] ФАТАЛЬНЫЙ СБОЙ ЗАГРУЗКИ СЛОТА 200 | Ошибка: Cannot find module 'C:\slotcmp\III\src\modules\tabsbar\tabsbar_ctl.js' imported from C:\slotcmp\III\src\core\smo\loader_unit.js
[PAC_TRIAD_READY] Успешный IoC-монтаж бизнес-панели | Слот: 101
[PAC_TRIAD_READY] Успешный IoC-монтаж бизнес-панели | Слот: 104
[PAC_TRIAD_READY] Успешный IoC-монтаж бизнес-панели | Слот: 102
[PAC_TRIAD_READY] Успешный IoC-монтаж бизнес-панели | Слот: 103
[PAC_TRIAD_READY] Успешный IoC-монтаж бизнес-панели | Слот: 106
[PAC_TRIAD_READY] Успешный IoC-монтаж бизнес-панели | Слот: 105
[PAC_TRIAD_READY] Успешный IoC-монтаж бизнес-панели | Слот: 108
[PAC_TRIAD_READY] Успешный IoC-монтаж бизнес-панели | Слот: 100
[LOAD_SEQUENCE] Все бизнес-слоты успешно гидратированы в шину.
[SMO_CLOCK_AUDIT] TX #5 | ORIGIN: 11 -> TARGET: 0 (ROOT_UNIT) | INTENT: SYNCHRONIZE_DYNAMIC_SLOT | QUEUE: 9 ед.
[KERNEL_CLOCK] Финализация загрузки модулей. Считывание путей вкладок.
[SMO_CLOCK_AUDIT] TX #17 | ORIGIN: 0 -> TARGET: 9 (RESIZE_UNIT) | INTENT: FORCE_RECALCULATE_LAYOUT | QUEUE: 1 ед.
[SMO_CLOCK_AUDIT] TX #14 | ORIGIN: 0 -> TARGET: 12 (SYSTEM_TAB_MENU) | INTENT: REGISTRATION_TAB_SPACE | QUEUE: 3 ед.
[SMO_CLOCK_AUDIT] TX #18 | ORIGIN: 0 -> TARGET: 14 (SYSTEM_VSCROLLBAR) | INTENT: SYNC_SCROLLBAR_METRICS | QUEUE: 1 ед.
[SMO_CLOCK_AUDIT] TX #31 | ORIGIN: 9 -> TARGET: 9 (RESIZE_UNIT) | INTENT: INJECT_GEO_MAP | QUEUE: 2 ед.
[16:19:42 Msk] [СМО_LAYOUT] Геометрия TUI пересчитана воркером: W=208 знакомест | H=48 строк
[16:19:42 Msk] [СМО_LAYOUT] Геометрия TUI пересчитана воркером: W=208 знакомест | H=48 строк
[SMO_CLOCK_AUDIT] TX #24 | ORIGIN: 102 -> TARGET: 102 (EXPLORER) | INTENT: INJECT_VFS_DATA | QUEUE: 2 ед.
[SMO_CLOCK_AUDIT] TX #26 | ORIGIN: 103 -> TARGET: 103 (EXPLORER) | INTENT: INJECT_VFS_DATA | QUEUE: 2 ед.
[SMO_CLOCK_AUDIT] TX #23 | ORIGIN: 102 -> TARGET: 108 (LOGGER) | INTENT: ADD_LOG_ENTRY | QUEUE: 6 ед.
[SMO_CLOCK_AUDIT] TX #37 | ORIGIN: 102 -> TARGET: 14 (SYSTEM_VSCROLLBAR) | INTENT: SYNC_SCROLLBAR_METRICS | QUEUE: 4 ед.
[SMO_CLOCK_AUDIT] TX #3 | ORIGIN: 0 -> TARGET: 0 (ROOT_UNIT) | INTENT: init | QUEUE: 1 ед.
[SMO_CLOCK_AUDIT] TX #1 | ORIGIN: 0 -> TARGET: 9 (RESIZE_UNIT) | INTENT: TRIGGER_RESIZE | QUEUE: 1 ед.
[SMO_CLOCK_AUDIT] TX #2 | ORIGIN: 0 -> TARGET: 11 (LOADER_UNIT) | INTENT: BOOT_LAYOUT_TREE | QUEUE: 1 ед.
[LOAD_SEQUENCE] Найдено прикладных slots для гидратации: 9
[IO_IMPORT_CRASH] ФАТАЛЬНЫЙ СБОЙ ЗАГРУЗКИ СЛОТА 200 | Ошибка: Cannot find module 'C:\slotcmp\III\src\modules\tabsbar\tabsbar_ctl.js' imported from C:\slotcmp\III\src\core\smo\loader_unit.js
[PAC_TRIAD_READY] Успешный IoC-монтаж бизнес-панели | Слот: 101
[PAC_TRIAD_READY] Успешный IoC-монтаж бизнес-панели | Слот: 104
[PAC_TRIAD_READY] Успешный IoC-монтаж бизнес-панели | Слот: 102
[PAC_TRIAD_READY] Успешный IoC-монтаж бизнес-панели | Слот: 103
[PAC_TRIAD_READY] Успешный IoC-монтаж бизнес-панели | Слот: 106
[PAC_TRIAD_READY] Успешный IoC-монтаж бизнес-панели | Слот: 105
[PAC_TRIAD_READY] Успешный IoC-монтаж бизнес-панели | Слот: 108
[PAC_TRIAD_READY] Успешный IoC-монтаж бизнес-панели | Слот: 100
[LOAD_SEQUENCE] Все бизнес-слоты успешно гидратированы в шину.
[SMO_CLOCK_AUDIT] TX #5 | ORIGIN: 11 -> TARGET: 0 (ROOT_UNIT) | INTENT: SYNCHRONIZE_DYNAMIC_SLOT | QUEUE: 9 ед.
[KERNEL_CLOCK] Финализация загрузки модулей. Считывание путей вкладок.
[SMO_CLOCK_AUDIT] TX #17 | ORIGIN: 0 -> TARGET: 9 (RESIZE_UNIT) | INTENT: FORCE_RECALCULATE_LAYOUT | QUEUE: 1 ед.
[SMO_CLOCK_AUDIT] TX #14 | ORIGIN: 0 -> TARGET: 12 (SYSTEM_TAB_MENU) | INTENT: REGISTRATION_TAB_SPACE | QUEUE: 3 ед.
[SMO_CLOCK_AUDIT] TX #18 | ORIGIN: 0 -> TARGET: 14 (SYSTEM_VSCROLLBAR) | INTENT: SYNC_SCROLLBAR_METRICS | QUEUE: 1 ед.
[SMO_CLOCK_AUDIT] TX #31 | ORIGIN: 9 -> TARGET: 9 (RESIZE_UNIT) | INTENT: INJECT_GEO_MAP | QUEUE: 2 ед.
[16:23:02 Msk] [СМО_LAYOUT] Геометрия TUI пересчитана воркером: W=208 знакомест | H=48 строк
[16:23:02 Msk] [СМО_LAYOUT] Геометрия TUI пересчитана воркером: W=208 знакомест | H=48 строк
[SMO_CLOCK_AUDIT] TX #24 | ORIGIN: 102 -> TARGET: 102 (EXPLORER) | INTENT: INJECT_VFS_DATA | QUEUE: 2 ед.
[SMO_CLOCK_AUDIT] TX #26 | ORIGIN: 103 -> TARGET: 103 (EXPLORER) | INTENT: INJECT_VFS_DATA | QUEUE: 2 ед.
[SMO_CLOCK_AUDIT] TX #23 | ORIGIN: 102 -> TARGET: 108 (LOGGER) | INTENT: ADD_LOG_ENTRY | QUEUE: 6 ед.
[SMO_CLOCK_AUDIT] TX #37 | ORIGIN: 102 -> TARGET: 14 (SYSTEM_VSCROLLBAR) | INTENT: SYNC_SCROLLBAR_METRICS | QUEUE: 4 ед.
[SMO_CLOCK_AUDIT] TX #3 | ORIGIN: 0 -> TARGET: 0 (ROOT_UNIT) | INTENT: init | QUEUE: 1 ед.
[SMO_CLOCK_AUDIT] TX #1 | ORIGIN: 0 -> TARGET: 9 (RESIZE_UNIT) | INTENT: TRIGGER_RESIZE | QUEUE: 1 ед.
[SMO_CLOCK_AUDIT] TX #2 | ORIGIN: 0 -> TARGET: 11 (LOADER_UNIT) | INTENT: BOOT_LAYOUT_TREE | QUEUE: 1 ед.
[LOAD_SEQUENCE] Найдено прикладных slots для гидратации: 9
[IO_IMPORT_CRASH] ФАТАЛЬНЫЙ СБОЙ ЗАГРУЗКИ СЛОТА 200 | Ошибка: Cannot find module 'C:\slotcmp\III\src\modules\tabsbar\tabsbar_ctl.js' imported from C:\slotcmp\III\src\core\smo\loader_unit.js
[PAC_TRIAD_READY] Успешный IoC-монтаж бизнес-панели | Слот: 101
[PAC_TRIAD_READY] Успешный IoC-монтаж бизнес-панели | Слот: 104
[PAC_TRIAD_READY] Успешный IoC-монтаж бизнес-панели | Слот: 102
[PAC_TRIAD_READY] Успешный IoC-монтаж бизнес-панели | Слот: 103
[PAC_TRIAD_READY] Успешный IoC-монтаж бизнес-панели | Слот: 106
[PAC_TRIAD_READY] Успешный IoC-монтаж бизнес-панели | Слот: 105
[PAC_TRIAD_READY] Успешный IoC-монтаж бизнес-панели | Слот: 108
[PAC_TRIAD_READY] Успешный IoC-монтаж бизнес-панели | Слот: 100
[LOAD_SEQUENCE] Все бизнес-слоты успешно гидратированы в шину.
[SMO_CLOCK_AUDIT] TX #5 | ORIGIN: 11 -> TARGET: 0 (ROOT_UNIT) | INTENT: SYNCHRONIZE_DYNAMIC_SLOT | QUEUE: 9 ед.
[KERNEL_CLOCK] Финализация загрузки модулей. Считывание путей вкладок.
[SMO_CLOCK_AUDIT] TX #17 | ORIGIN: 0 -> TARGET: 9 (RESIZE_UNIT) | INTENT: FORCE_RECALCULATE_LAYOUT | QUEUE: 1 ед.
[SMO_CLOCK_AUDIT] TX #14 | ORIGIN: 0 -> TARGET: 12 (SYSTEM_TAB_MENU) | INTENT: REGISTRATION_TAB_SPACE | QUEUE: 3 ед.
[SMO_CLOCK_AUDIT] TX #18 | ORIGIN: 0 -> TARGET: 14 (SYSTEM_VSCROLLBAR) | INTENT: SYNC_SCROLLBAR_METRICS | QUEUE: 1 ед.
[SMO_CLOCK_AUDIT] TX #23 | ORIGIN: 9 -> TARGET: 9 (RESIZE_UNIT) | INTENT: INJECT_GEO_MAP | QUEUE: 2 ед.
[16:23:54 Msk] [СМО_LAYOUT] Геометрия TUI пересчитана воркером: W=208 знакомест | H=48 строк
[16:23:54 Msk] [СМО_LAYOUT] Геометрия TUI пересчитана воркером: W=208 знакомест | H=48 строк
[SMO_CLOCK_AUDIT] TX #26 | ORIGIN: 102 -> TARGET: 102 (EXPLORER) | INTENT: INJECT_VFS_DATA | QUEUE: 2 ед.
[SMO_CLOCK_AUDIT] TX #28 | ORIGIN: 103 -> TARGET: 103 (EXPLORER) | INTENT: INJECT_VFS_DATA | QUEUE: 2 ед.
[SMO_CLOCK_AUDIT] TX #25 | ORIGIN: 102 -> TARGET: 108 (LOGGER) | INTENT: ADD_LOG_ENTRY | QUEUE: 6 ед.
[SMO_CLOCK_AUDIT] TX #37 | ORIGIN: 102 -> TARGET: 14 (SYSTEM_VSCROLLBAR) | INTENT: SYNC_SCROLLBAR_METRICS | QUEUE: 4 ед.
[SMO_CLOCK_AUDIT] TX #3 | ORIGIN: 0 -> TARGET: 0 (ROOT_UNIT) | INTENT: init | QUEUE: 1 ед.
[SMO_CLOCK_AUDIT] TX #1 | ORIGIN: 0 -> TARGET: 9 (RESIZE_UNIT) | INTENT: TRIGGER_RESIZE | QUEUE: 1 ед.
[SMO_CLOCK_AUDIT] TX #2 | ORIGIN: 0 -> TARGET: 11 (LOADER_UNIT) | INTENT: BOOT_LAYOUT_TREE | QUEUE: 1 ед.
[LOAD_SEQUENCE] Найдено прикладных slots для гидратации: 9
[IO_IMPORT_CRASH] ФАТАЛЬНЫЙ СБОЙ ЗАГРУЗКИ СЛОТА 200 | Ошибка: Cannot find module 'C:\slotcmp\III\src\modules\tabsbar\tabsbar_ctl.js' imported from C:\slotcmp\III\src\core\smo\loader_unit.js
[PAC_TRIAD_READY] Успешный IoC-монтаж бизнес-панели | Слот: 101
[PAC_TRIAD_READY] Успешный IoC-монтаж бизнес-панели | Слот: 104
[PAC_TRIAD_READY] Успешный IoC-монтаж бизнес-панели | Слот: 102
[PAC_TRIAD_READY] Успешный IoC-монтаж бизнес-панели | Слот: 103
[PAC_TRIAD_READY] Успешный IoC-монтаж бизнес-панели | Слот: 106
[PAC_TRIAD_READY] Успешный IoC-монтаж бизнес-панели | Слот: 105
[PAC_TRIAD_READY] Успешный IoC-монтаж бизнес-панели | Слот: 108
[PAC_TRIAD_READY] Успешный IoC-монтаж бизнес-панели | Слот: 100
[LOAD_SEQUENCE] Все бизнес-слоты успешно гидратированы в шину.
[SMO_CLOCK_AUDIT] TX #5 | ORIGIN: 11 -> TARGET: 0 (ROOT_UNIT) | INTENT: SYNCHRONIZE_DYNAMIC_SLOT | QUEUE: 9 ед.
[KERNEL_CLOCK] Финализация загрузки модулей. Считывание путей вкладок.
[SMO_CLOCK_AUDIT] TX #17 | ORIGIN: 0 -> TARGET: 9 (RESIZE_UNIT) | INTENT: FORCE_RECALCULATE_LAYOUT | QUEUE: 1 ед.
[SMO_CLOCK_AUDIT] TX #14 | ORIGIN: 0 -> TARGET: 12 (SYSTEM_TAB_MENU) | INTENT: REGISTRATION_TAB_SPACE | QUEUE: 3 ед.
[SMO_CLOCK_AUDIT] TX #18 | ORIGIN: 0 -> TARGET: 14 (SYSTEM_VSCROLLBAR) | INTENT: SYNC_SCROLLBAR_METRICS | QUEUE: 1 ед.
[SMO_CLOCK_AUDIT] TX #31 | ORIGIN: 9 -> TARGET: 9 (RESIZE_UNIT) | INTENT: INJECT_GEO_MAP | QUEUE: 2 ед.
[16:26:00 Msk] [СМО_LAYOUT] Геометрия TUI пересчитана воркером: W=208 знакомест | H=48 строк
[16:26:00 Msk] [СМО_LAYOUT] Геометрия TUI пересчитана воркером: W=208 знакомест | H=48 строк
[SMO_CLOCK_AUDIT] TX #24 | ORIGIN: 102 -> TARGET: 102 (EXPLORER) | INTENT: INJECT_VFS_DATA | QUEUE: 2 ед.
[SMO_CLOCK_AUDIT] TX #26 | ORIGIN: 103 -> TARGET: 103 (EXPLORER) | INTENT: INJECT_VFS_DATA | QUEUE: 2 ед.
[SMO_CLOCK_AUDIT] TX #23 | ORIGIN: 102 -> TARGET: 108 (LOGGER) | INTENT: ADD_LOG_ENTRY | QUEUE: 6 ед.
[SMO_CLOCK_AUDIT] TX #37 | ORIGIN: 102 -> TARGET: 14 (SYSTEM_VSCROLLBAR) | INTENT: SYNC_SCROLLBAR_METRICS | QUEUE: 4 ед.
[SMO_CLOCK_AUDIT] TX #461 | ORIGIN: 10 -> TARGET: 108 (LOGGER) | INTENT: MOUSE_CLICK | QUEUE: 1 ед.
[SMO_CLOCK_AUDIT] TX #3 | ORIGIN: 0 -> TARGET: 0 (ROOT_UNIT) | INTENT: init | QUEUE: 1 ед.
[SMO_CLOCK_AUDIT] TX #1 | ORIGIN: 0 -> TARGET: 9 (RESIZE_UNIT) | INTENT: TRIGGER_RESIZE | QUEUE: 1 ед.
[SMO_CLOCK_AUDIT] TX #2 | ORIGIN: 0 -> TARGET: 11 (LOADER_UNIT) | INTENT: BOOT_LAYOUT_TREE | QUEUE: 1 ед.
[LOAD_SEQUENCE] Найдено прикладных slots для гидратации: 9
[IO_IMPORT_CRASH] ФАТАЛЬНЫЙ СБОЙ ЗАГРУЗКИ СЛОТА 200 | Ошибка: Cannot find module 'C:\slotcmp\III\src\modules\tabsbar\tabsbar_ctl.js' imported from C:\slotcmp\III\src\core\smo\loader_unit.js
[PAC_TRIAD_READY] Успешный IoC-монтаж бизнес-панели | Слот: 101
[PAC_TRIAD_READY] Успешный IoC-монтаж бизнес-панели | Слот: 104
[PAC_TRIAD_READY] Успешный IoC-монтаж бизнес-панели | Слот: 102
[PAC_TRIAD_READY] Успешный IoC-монтаж бизнес-панели | Слот: 103
[PAC_TRIAD_READY] Успешный IoC-монтаж бизнес-панели | Слот: 106
[PAC_TRIAD_READY] Успешный IoC-монтаж бизнес-панели | Слот: 105
[PAC_TRIAD_READY] Успешный IoC-монтаж бизнес-панели | Слот: 108
[PAC_TRIAD_READY] Успешный IoC-монтаж бизнес-панели | Слот: 100
[LOAD_SEQUENCE] Все бизнес-слоты успешно гидратированы в шину.
[SMO_CLOCK_AUDIT] TX #5 | ORIGIN: 11 -> TARGET: 0 (ROOT_UNIT) | INTENT: SYNCHRONIZE_DYNAMIC_SLOT | QUEUE: 9 ед.
[KERNEL_CLOCK] Финализация загрузки модулей. Считывание путей вкладок.
[SMO_CLOCK_AUDIT] TX #17 | ORIGIN: 0 -> TARGET: 9 (RESIZE_UNIT) | INTENT: FORCE_RECALCULATE_LAYOUT | QUEUE: 1 ед.
[SMO_CLOCK_AUDIT] TX #14 | ORIGIN: 0 -> TARGET: 12 (SYSTEM_TAB_MENU) | INTENT: REGISTRATION_TAB_SPACE | QUEUE: 3 ед.
[SMO_CLOCK_AUDIT] TX #18 | ORIGIN: 0 -> TARGET: 14 (SYSTEM_VSCROLLBAR) | INTENT: SYNC_SCROLLBAR_METRICS | QUEUE: 1 ед.
[SMO_CLOCK_AUDIT] TX #31 | ORIGIN: 9 -> TARGET: 9 (RESIZE_UNIT) | INTENT: INJECT_GEO_MAP | QUEUE: 2 ед.
[16:29:51 Msk] [СМО_LAYOUT] Геометрия TUI пересчитана воркером: W=208 знакомест | H=48 строк
[16:29:51 Msk] [СМО_LAYOUT] Геометрия TUI пересчитана воркером: W=208 знакомест | H=48 строк
[SMO_CLOCK_AUDIT] TX #24 | ORIGIN: 102 -> TARGET: 102 (EXPLORER) | INTENT: INJECT_VFS_DATA | QUEUE: 2 ед.
[SMO_CLOCK_AUDIT] TX #26 | ORIGIN: 103 -> TARGET: 103 (EXPLORER) | INTENT: INJECT_VFS_DATA | QUEUE: 2 ед.
[SMO_CLOCK_AUDIT] TX #23 | ORIGIN: 102 -> TARGET: 108 (LOGGER) | INTENT: ADD_LOG_ENTRY | QUEUE: 6 ед.
[SMO_CLOCK_AUDIT] TX #37 | ORIGIN: 102 -> TARGET: 14 (SYSTEM_VSCROLLBAR) | INTENT: SYNC_SCROLLBAR_METRICS | QUEUE: 4 ед.
[SMO_CLOCK_AUDIT] TX #3 | ORIGIN: 0 -> TARGET: 0 (ROOT_UNIT) | INTENT: init | QUEUE: 1 ед.
[SMO_CLOCK_AUDIT] TX #1 | ORIGIN: 0 -> TARGET: 9 (RESIZE_UNIT) | INTENT: TRIGGER_RESIZE | QUEUE: 1 ед.
[SMO_CLOCK_AUDIT] TX #2 | ORIGIN: 0 -> TARGET: 11 (LOADER_UNIT) | INTENT: BOOT_LAYOUT_TREE | QUEUE: 1 ед.
[LOAD_SEQUENCE] Найдено прикладных slots для гидратации: 9
[IO_IMPORT_CRASH] ФАТАЛЬНЫЙ СБОЙ ЗАГРУЗКИ СЛОТА 200 | Ошибка: Cannot find module 'C:\slotcmp\III\src\modules\tabsbar\tabsbar_ctl.js' imported from C:\slotcmp\III\src\core\smo\loader_unit.js
[PAC_TRIAD_READY] Успешный IoC-монтаж бизнес-панели | Слот: 101
[PAC_TRIAD_READY] Успешный IoC-монтаж бизнес-панели | Слот: 104
[PAC_TRIAD_READY] Успешный IoC-монтаж бизнес-панели | Слот: 102
[PAC_TRIAD_READY] Успешный IoC-монтаж бизнес-панели | Слот: 103
[PAC_TRIAD_READY] Успешный IoC-монтаж бизнес-панели | Слот: 106
[PAC_TRIAD_READY] Успешный IoC-монтаж бизнес-панели | Слот: 105
[PAC_TRIAD_READY] Успешный IoC-монтаж бизнес-панели | Слот: 108
[PAC_TRIAD_READY] Успешный IoC-монтаж бизнес-панели | Слот: 100
[LOAD_SEQUENCE] Все бизнес-слоты успешно гидратированы в шину.
[SMO_CLOCK_AUDIT] TX #5 | ORIGIN: 11 -> TARGET: 0 (ROOT_UNIT) | INTENT: SYNCHRONIZE_DYNAMIC_SLOT | QUEUE: 9 ед.
[KERNEL_CLOCK] Финализация загрузки модулей. Считывание путей вкладок.
[SMO_CLOCK_AUDIT] TX #17 | ORIGIN: 0 -> TARGET: 9 (RESIZE_UNIT) | INTENT: FORCE_RECALCULATE_LAYOUT | QUEUE: 1 ед.
[SMO_CLOCK_AUDIT] TX #14 | ORIGIN: 0 -> TARGET: 12 (SYSTEM_TAB_MENU) | INTENT: REGISTRATION_TAB_SPACE | QUEUE: 3 ед.
[SMO_CLOCK_AUDIT] TX #18 | ORIGIN: 0 -> TARGET: 14 (SYSTEM_VSCROLLBAR) | INTENT: SYNC_SCROLLBAR_METRICS | QUEUE: 1 ед.
[SMO_CLOCK_AUDIT] TX #31 | ORIGIN: 9 -> TARGET: 9 (RESIZE_UNIT) | INTENT: INJECT_GEO_MAP | QUEUE: 2 ед.
[16:32:02 Msk] [СМО_LAYOUT] Геометрия TUI пересчитана воркером: W=208 знакомест | H=48 строк
[16:32:02 Msk] [СМО_LAYOUT] Геометрия TUI пересчитана воркером: W=208 знакомест | H=48 строк
[SMO_CLOCK_AUDIT] TX #24 | ORIGIN: 102 -> TARGET: 102 (EXPLORER) | INTENT: INJECT_VFS_DATA | QUEUE: 2 ед.
[SMO_CLOCK_AUDIT] TX #26 | ORIGIN: 103 -> TARGET: 103 (EXPLORER) | INTENT: INJECT_VFS_DATA | QUEUE: 2 ед.
[SMO_CLOCK_AUDIT] TX #23 | ORIGIN: 102 -> TARGET: 108 (LOGGER) | INTENT: ADD_LOG_ENTRY | QUEUE: 6 ед.
[SMO_CLOCK_AUDIT] TX #37 | ORIGIN: 102 -> TARGET: 14 (SYSTEM_VSCROLLBAR) | INTENT: SYNC_SCROLLBAR_METRICS | QUEUE: 4 ед.
[SMO_CLOCK_AUDIT] TX #3 | ORIGIN: 0 -> TARGET: 0 (ROOT_UNIT) | INTENT: init | QUEUE: 1 ед.
[SMO_CLOCK_AUDIT] TX #1 | ORIGIN: 0 -> TARGET: 9 (RESIZE_UNIT) | INTENT: TRIGGER_RESIZE | QUEUE: 1 ед.
[SMO_CLOCK_AUDIT] TX #2 | ORIGIN: 0 -> TARGET: 11 (LOADER_UNIT) | INTENT: BOOT_LAYOUT_TREE | QUEUE: 1 ед.
[LOAD_SEQUENCE] Найдено прикладных slots для гидратации: 9
[IO_IMPORT_CRASH] ФАТАЛЬНЫЙ СБОЙ ЗАГРУЗКИ СЛОТА 200 | Ошибка: Cannot find module 'C:\slotcmp\III\src\modules\tabsbar\tabsbar_ctl.js' imported from C:\slotcmp\III\src\core\smo\loader_unit.js
[IO_IMPORT_CRASH] ФАТАЛЬНЫЙ СБОЙ ЗАГРУЗКИ СЛОТА 108 | Ошибка: Cannot find module 'C:\slotcmp\III\src\core\smo\bus' imported from C:\slotcmp\III\src\modules\logger\logger_ctl.js
[PAC_TRIAD_READY] Успешный IoC-монтаж бизнес-панели | Слот: 101
[PAC_TRIAD_READY] Успешный IoC-монтаж бизнес-панели | Слот: 104
[PAC_TRIAD_READY] Успешный IoC-монтаж бизнес-панели | Слот: 102
[PAC_TRIAD_READY] Успешный IoC-монтаж бизнес-панели | Слот: 103
[PAC_TRIAD_READY] Успешный IoC-монтаж бизнес-панели | Слот: 106
[PAC_TRIAD_READY] Успешный IoC-монтаж бизнес-панели | Слот: 105
[PAC_TRIAD_READY] Успешный IoC-монтаж бизнес-панели | Слот: 100
[LOAD_SEQUENCE] Все бизнес-слоты успешно гидратированы в шину.
[SMO_CLOCK_AUDIT] TX #5 | ORIGIN: 11 -> TARGET: 0 (ROOT_UNIT) | INTENT: SYNCHRONIZE_DYNAMIC_SLOT | QUEUE: 8 ед.
[KERNEL_CLOCK] Финализация загрузки модулей. Считывание путей вкладок.
[SMO_CLOCK_AUDIT] TX #16 | ORIGIN: 0 -> TARGET: 9 (RESIZE_UNIT) | INTENT: FORCE_RECALCULATE_LAYOUT | QUEUE: 1 ед.
[SMO_CLOCK_AUDIT] TX #13 | ORIGIN: 0 -> TARGET: 12 (SYSTEM_TAB_MENU) | INTENT: REGISTRATION_TAB_SPACE | QUEUE: 3 ед.
[SMO_CLOCK_AUDIT] TX #17 | ORIGIN: 0 -> TARGET: 14 (SYSTEM_VSCROLLBAR) | INTENT: SYNC_SCROLLBAR_METRICS | QUEUE: 1 ед.
[SMO_CLOCK_AUDIT] TX #30 | ORIGIN: 9 -> TARGET: 9 (RESIZE_UNIT) | INTENT: INJECT_GEO_MAP | QUEUE: 2 ед.
[16:35:28 Msk] [СМО_LAYOUT] Геометрия TUI пересчитана воркером: W=208 знакомест | H=48 строк
[16:35:28 Msk] [СМО_LAYOUT] Геометрия TUI пересчитана воркером: W=208 знакомест | H=48 строк
[SMO_CLOCK_AUDIT] TX #23 | ORIGIN: 102 -> TARGET: 102 (EXPLORER) | INTENT: INJECT_VFS_DATA | QUEUE: 2 ед.
[SMO_CLOCK_AUDIT] TX #25 | ORIGIN: 103 -> TARGET: 103 (EXPLORER) | INTENT: INJECT_VFS_DATA | QUEUE: 2 ед.
[SMO_CLOCK_AUDIT] TX #36 | ORIGIN: 102 -> TARGET: 14 (SYSTEM_VSCROLLBAR) | INTENT: SYNC_SCROLLBAR_METRICS | QUEUE: 4 ед.
[SMO_CLOCK_AUDIT] TX #3 | ORIGIN: 0 -> TARGET: 0 (ROOT_UNIT) | INTENT: init | QUEUE: 1 ед.
[SMO_CLOCK_AUDIT] TX #1 | ORIGIN: 0 -> TARGET: 9 (RESIZE_UNIT) | INTENT: TRIGGER_RESIZE | QUEUE: 1 ед.
[SMO_CLOCK_AUDIT] TX #2 | ORIGIN: 0 -> TARGET: 11 (LOADER_UNIT) | INTENT: BOOT_LAYOUT_TREE | QUEUE: 1 ед.
[LOAD_SEQUENCE] Найдено прикладных slots для гидратации: 9
[IO_IMPORT_CRASH] ФАТАЛЬНЫЙ СБОЙ ЗАГРУЗКИ СЛОТА 200 | Ошибка: Cannot find module 'C:\slotcmp\III\src\modules\tabsbar\tabsbar_ctl.js' imported from C:\slotcmp\III\src\core\smo\loader_unit.js
[IO_IMPORT_CRASH] ФАТАЛЬНЫЙ СБОЙ ЗАГРУЗКИ СЛОТА 108 | Ошибка: Cannot find module 'C:\slotcmp\III\src\core\smo\bus' imported from C:\slotcmp\III\src\modules\logger\logger_ctl.js
[PAC_TRIAD_READY] Успешный IoC-монтаж бизнес-панели | Слот: 101
[PAC_TRIAD_READY] Успешный IoC-монтаж бизнес-панели | Слот: 104
[PAC_TRIAD_READY] Успешный IoC-монтаж бизнес-панели | Слот: 102
[PAC_TRIAD_READY] Успешный IoC-монтаж бизнес-панели | Слот: 103
[PAC_TRIAD_READY] Успешный IoC-монтаж бизнес-панели | Слот: 106
[PAC_TRIAD_READY] Успешный IoC-монтаж бизнес-панели | Слот: 105
[PAC_TRIAD_READY] Успешный IoC-монтаж бизнес-панели | Слот: 100
[LOAD_SEQUENCE] Все бизнес-слоты успешно гидратированы в шину.
[SMO_CLOCK_AUDIT] TX #5 | ORIGIN: 11 -> TARGET: 0 (ROOT_UNIT) | INTENT: SYNCHRONIZE_DYNAMIC_SLOT | QUEUE: 8 ед.
[KERNEL_CLOCK] Финализация загрузки модулей. Считывание путей вкладок.
[SMO_CLOCK_AUDIT] TX #16 | ORIGIN: 0 -> TARGET: 9 (RESIZE_UNIT) | INTENT: FORCE_RECALCULATE_LAYOUT | QUEUE: 1 ед.
[SMO_CLOCK_AUDIT] TX #13 | ORIGIN: 0 -> TARGET: 12 (SYSTEM_TAB_MENU) | INTENT: REGISTRATION_TAB_SPACE | QUEUE: 3 ед.
[SMO_CLOCK_AUDIT] TX #17 | ORIGIN: 0 -> TARGET: 14 (SYSTEM_VSCROLLBAR) | INTENT: SYNC_SCROLLBAR_METRICS | QUEUE: 1 ед.
[SMO_CLOCK_AUDIT] TX #30 | ORIGIN: 9 -> TARGET: 9 (RESIZE_UNIT) | INTENT: INJECT_GEO_MAP | QUEUE: 2 ед.
[16:36:06 Msk] [СМО_LAYOUT] Геометрия TUI пересчитана воркером: W=208 знакомест | H=48 строк
[16:36:06 Msk] [СМО_LAYOUT] Геометрия TUI пересчитана воркером: W=208 знакомест | H=48 строк
[SMO_CLOCK_AUDIT] TX #23 | ORIGIN: 102 -> TARGET: 102 (EXPLORER) | INTENT: INJECT_VFS_DATA | QUEUE: 2 ед.
[SMO_CLOCK_AUDIT] TX #25 | ORIGIN: 103 -> TARGET: 103 (EXPLORER) | INTENT: INJECT_VFS_DATA | QUEUE: 2 ед.
[SMO_CLOCK_AUDIT] TX #36 | ORIGIN: 102 -> TARGET: 14 (SYSTEM_VSCROLLBAR) | INTENT: SYNC_SCROLLBAR_METRICS | QUEUE: 4 ед.
[SMO_CLOCK_AUDIT] TX #3 | ORIGIN: 0 -> TARGET: 0 (ROOT_UNIT) | INTENT: init | QUEUE: 1 ед.
[SMO_CLOCK_AUDIT] TX #1 | ORIGIN: 0 -> TARGET: 9 (RESIZE_UNIT) | INTENT: TRIGGER_RESIZE | QUEUE: 1 ед.
[SMO_CLOCK_AUDIT] TX #2 | ORIGIN: 0 -> TARGET: 11 (LOADER_UNIT) | INTENT: BOOT_LAYOUT_TREE | QUEUE: 1 ед.
[LOAD_SEQUENCE] Найдено прикладных slots для гидратации: 9
[IO_IMPORT_CRASH] ФАТАЛЬНЫЙ СБОЙ ЗАГРУЗКИ СЛОТА 200 | Ошибка: Cannot find module 'C:\slotcmp\III\src\modules\tabsbar\tabsbar_ctl.js' imported from C:\slotcmp\III\src\core\smo\loader_unit.js
[PAC_TRIAD_READY] Успешный IoC-монтаж бизнес-панели | Слот: 101
[PAC_TRIAD_READY] Успешный IoC-монтаж бизнес-панели | Слот: 104
[PAC_TRIAD_READY] Успешный IoC-монтаж бизнес-панели | Слот: 102
[PAC_TRIAD_READY] Успешный IoC-монтаж бизнес-панели | Слот: 103
[PAC_TRIAD_READY] Успешный IoC-монтаж бизнес-панели | Слот: 106
[PAC_TRIAD_READY] Успешный IoC-монтаж бизнес-панели | Слот: 105
[PAC_TRIAD_READY] Успешный IoC-монтаж бизнес-панели | Слот: 108
[PAC_TRIAD_READY] Успешный IoC-монтаж бизнес-панели | Слот: 100
[LOAD_SEQUENCE] Все бизнес-слоты успешно гидратированы в шину.
[SMO_CLOCK_AUDIT] TX #5 | ORIGIN: 11 -> TARGET: 0 (ROOT_UNIT) | INTENT: SYNCHRONIZE_DYNAMIC_SLOT | QUEUE: 9 ед.
[KERNEL_CLOCK] Финализация загрузки модулей. Считывание путей вкладок.
[SMO_CLOCK_AUDIT] TX #17 | ORIGIN: 0 -> TARGET: 9 (RESIZE_UNIT) | INTENT: FORCE_RECALCULATE_LAYOUT | QUEUE: 1 ед.
[SMO_CLOCK_AUDIT] TX #14 | ORIGIN: 0 -> TARGET: 12 (SYSTEM_TAB_MENU) | INTENT: REGISTRATION_TAB_SPACE | QUEUE: 3 ед.
[SMO_CLOCK_AUDIT] TX #18 | ORIGIN: 0 -> TARGET: 14 (SYSTEM_VSCROLLBAR) | INTENT: SYNC_SCROLLBAR_METRICS | QUEUE: 1 ед.
[SMO_CLOCK_AUDIT] TX #31 | ORIGIN: 9 -> TARGET: 9 (RESIZE_UNIT) | INTENT: INJECT_GEO_MAP | QUEUE: 2 ед.
[16:37:35 Msk] [СМО_LAYOUT] Геометрия TUI пересчитана воркером: W=208 знакомест | H=48 строк
[16:37:35 Msk] [СМО_LAYOUT] Геометрия TUI пересчитана воркером: W=208 знакомест | H=48 строк
[SMO_CLOCK_AUDIT] TX #24 | ORIGIN: 102 -> TARGET: 102 (EXPLORER) | INTENT: INJECT_VFS_DATA | QUEUE: 2 ед.
[SMO_CLOCK_AUDIT] TX #26 | ORIGIN: 103 -> TARGET: 103 (EXPLORER) | INTENT: INJECT_VFS_DATA | QUEUE: 2 ед.
[SMO_CLOCK_AUDIT] TX #23 | ORIGIN: 102 -> TARGET: 108 (LOGGER) | INTENT: ADD_LOG_ENTRY | QUEUE: 6 ед.
[SMO_CLOCK_AUDIT] TX #37 | ORIGIN: 102 -> TARGET: 14 (SYSTEM_VSCROLLBAR) | INTENT: SYNC_SCROLLBAR_METRICS | QUEUE: 4 ед.
[SMO_CLOCK_AUDIT] TX #3 | ORIGIN: 0 -> TARGET: 0 (ROOT_UNIT) | INTENT: init | QUEUE: 1 ед.
[SMO_CLOCK_AUDIT] TX #1 | ORIGIN: 0 -> TARGET: 9 (RESIZE_UNIT) | INTENT: TRIGGER_RESIZE | QUEUE: 1 ед.
[SMO_CLOCK_AUDIT] TX #2 | ORIGIN: 0 -> TARGET: 11 (LOADER_UNIT) | INTENT: BOOT_LAYOUT_TREE | QUEUE: 1 ед.
[LOAD_SEQUENCE] Найдено прикладных slots для гидратации: 9
[IO_IMPORT_CRASH] ФАТАЛЬНЫЙ СБОЙ ЗАГРУЗКИ СЛОТА 200 | Ошибка: Cannot find module 'C:\slotcmp\III\src\modules\tabsbar\tabsbar_ctl.js' imported from C:\slotcmp\III\src\core\smo\loader_unit.js
[PAC_TRIAD_READY] Успешный IoC-монтаж бизнес-панели | Слот: 101
[PAC_TRIAD_READY] Успешный IoC-монтаж бизнес-панели | Слот: 104
[PAC_TRIAD_READY] Успешный IoC-монтаж бизнес-панели | Слот: 102
[PAC_TRIAD_READY] Успешный IoC-монтаж бизнес-панели | Слот: 103
[PAC_TRIAD_READY] Успешный IoC-монтаж бизнес-панели | Слот: 106
[PAC_TRIAD_READY] Успешный IoC-монтаж бизнес-панели | Слот: 105
[PAC_TRIAD_READY] Успешный IoC-монтаж бизнес-панели | Слот: 108
[PAC_TRIAD_READY] Успешный IoC-монтаж бизнес-панели | Слот: 100
[LOAD_SEQUENCE] Все бизнес-слоты успешно гидратированы в шину.
[SMO_CLOCK_AUDIT] TX #5 | ORIGIN: 11 -> TARGET: 0 (ROOT_UNIT) | INTENT: SYNCHRONIZE_DYNAMIC_SLOT | QUEUE: 9 ед.
[KERNEL_CLOCK] Финализация загрузки модулей. Считывание путей вкладок.
[SMO_CLOCK_AUDIT] TX #17 | ORIGIN: 0 -> TARGET: 9 (RESIZE_UNIT) | INTENT: FORCE_RECALCULATE_LAYOUT | QUEUE: 1 ед.
[SMO_CLOCK_AUDIT] TX #14 | ORIGIN: 0 -> TARGET: 12 (SYSTEM_TAB_MENU) | INTENT: REGISTRATION_TAB_SPACE | QUEUE: 3 ед.
[SMO_CLOCK_AUDIT] TX #18 | ORIGIN: 0 -> TARGET: 14 (SYSTEM_VSCROLLBAR) | INTENT: SYNC_SCROLLBAR_METRICS | QUEUE: 1 ед.
[SMO_CLOCK_AUDIT] TX #31 | ORIGIN: 9 -> TARGET: 9 (RESIZE_UNIT) | INTENT: INJECT_GEO_MAP | QUEUE: 2 ед.
[16:37:57 Msk] [СМО_LAYOUT] Геометрия TUI пересчитана воркером: W=208 знакомест | H=48 строк
[16:37:57 Msk] [СМО_LAYOUT] Геометрия TUI пересчитана воркером: W=208 знакомест | H=48 строк
[SMO_CLOCK_AUDIT] TX #24 | ORIGIN: 102 -> TARGET: 102 (EXPLORER) | INTENT: INJECT_VFS_DATA | QUEUE: 2 ед.
[SMO_CLOCK_AUDIT] TX #26 | ORIGIN: 103 -> TARGET: 103 (EXPLORER) | INTENT: INJECT_VFS_DATA | QUEUE: 2 ед.
[SMO_CLOCK_AUDIT] TX #23 | ORIGIN: 102 -> TARGET: 108 (LOGGER) | INTENT: ADD_LOG_ENTRY | QUEUE: 6 ед.
[SMO_CLOCK_AUDIT] TX #37 | ORIGIN: 102 -> TARGET: 14 (SYSTEM_VSCROLLBAR) | INTENT: SYNC_SCROLLBAR_METRICS | QUEUE: 4 ед.
[SMO_CLOCK_AUDIT] TX #3 | ORIGIN: 0 -> TARGET: 0 (ROOT_UNIT) | INTENT: init | QUEUE: 1 ед.
[SMO_CLOCK_AUDIT] TX #1 | ORIGIN: 0 -> TARGET: 9 (RESIZE_UNIT) | INTENT: TRIGGER_RESIZE | QUEUE: 1 ед.
[SMO_CLOCK_AUDIT] TX #2 | ORIGIN: 0 -> TARGET: 11 (LOADER_UNIT) | INTENT: BOOT_LAYOUT_TREE | QUEUE: 1 ед.
[LOAD_SEQUENCE] Найдено прикладных slots для гидратации: 9
[IO_IMPORT_CRASH] ФАТАЛЬНЫЙ СБОЙ ЗАГРУЗКИ СЛОТА 200 | Ошибка: Cannot find module 'C:\slotcmp\III\src\modules\tabsbar\tabsbar_ctl.js' imported from C:\slotcmp\III\src\core\smo\loader_unit.js
[PAC_TRIAD_READY] Успешный IoC-монтаж бизнес-панели | Слот: 101
[PAC_TRIAD_READY] Успешный IoC-монтаж бизнес-панели | Слот: 104
[PAC_TRIAD_READY] Успешный IoC-монтаж бизнес-панели | Слот: 102
[PAC_TRIAD_READY] Успешный IoC-монтаж бизнес-панели | Слот: 103
[PAC_TRIAD_READY] Успешный IoC-монтаж бизнес-панели | Слот: 106
[PAC_TRIAD_READY] Успешный IoC-монтаж бизнес-панели | Слот: 105
[PAC_TRIAD_READY] Успешный IoC-монтаж бизнес-панели | Слот: 108
[PAC_TRIAD_READY] Успешный IoC-монтаж бизнес-панели | Слот: 100
[LOAD_SEQUENCE] Все бизнес-слоты успешно гидратированы в шину.
[SMO_CLOCK_AUDIT] TX #5 | ORIGIN: 11 -> TARGET: 0 (ROOT_UNIT) | INTENT: SYNCHRONIZE_DYNAMIC_SLOT | QUEUE: 9 ед.
[KERNEL_CLOCK] Финализация загрузки модулей. Считывание путей вкладок.
[SMO_CLOCK_AUDIT] TX #17 | ORIGIN: 0 -> TARGET: 9 (RESIZE_UNIT) | INTENT: FORCE_RECALCULATE_LAYOUT | QUEUE: 1 ед.
[SMO_CLOCK_AUDIT] TX #14 | ORIGIN: 0 -> TARGET: 12 (SYSTEM_TAB_MENU) | INTENT: REGISTRATION_TAB_SPACE | QUEUE: 3 ед.
[SMO_CLOCK_AUDIT] TX #18 | ORIGIN: 0 -> TARGET: 14 (SYSTEM_VSCROLLBAR) | INTENT: SYNC_SCROLLBAR_METRICS | QUEUE: 1 ед.
[SMO_CLOCK_AUDIT] TX #23 | ORIGIN: 9 -> TARGET: 9 (RESIZE_UNIT) | INTENT: INJECT_GEO_MAP | QUEUE: 2 ед.
[16:39:54 Msk] [СМО_LAYOUT] Геометрия TUI пересчитана воркером: W=208 знакомест | H=48 строк
[16:39:54 Msk] [СМО_LAYOUT] Геометрия TUI пересчитана воркером: W=208 знакомест | H=48 строк
[SMO_CLOCK_AUDIT] TX #26 | ORIGIN: 102 -> TARGET: 102 (EXPLORER) | INTENT: INJECT_VFS_DATA | QUEUE: 2 ед.
[SMO_CLOCK_AUDIT] TX #28 | ORIGIN: 103 -> TARGET: 103 (EXPLORER) | INTENT: INJECT_VFS_DATA | QUEUE: 2 ед.
[SMO_CLOCK_AUDIT] TX #25 | ORIGIN: 102 -> TARGET: 108 (LOGGER) | INTENT: ADD_LOG_ENTRY | QUEUE: 6 ед.
[SMO_CLOCK_AUDIT] TX #37 | ORIGIN: 102 -> TARGET: 14 (SYSTEM_VSCROLLBAR) | INTENT: SYNC_SCROLLBAR_METRICS | QUEUE: 4 ед.
[SMO_CLOCK_AUDIT] TX #3 | ORIGIN: 0 -> TARGET: 0 (ROOT_UNIT) | INTENT: init | QUEUE: 1 ед.
[SMO_CLOCK_AUDIT] TX #1 | ORIGIN: 0 -> TARGET: 9 (RESIZE_UNIT) | INTENT: TRIGGER_RESIZE | QUEUE: 1 ед.
[SMO_CLOCK_AUDIT] TX #2 | ORIGIN: 0 -> TARGET: 11 (LOADER_UNIT) | INTENT: BOOT_LAYOUT_TREE | QUEUE: 1 ед.
[LOAD_SEQUENCE] Найдено прикладных slots для гидратации: 9
[IO_IMPORT_CRASH] ФАТАЛЬНЫЙ СБОЙ ЗАГРУЗКИ СЛОТА 200 | Ошибка: Cannot find module 'C:\slotcmp\III\src\modules\tabsbar\tabsbar_ctl.js' imported from C:\slotcmp\III\src\core\smo\loader_unit.js
[PAC_TRIAD_READY] Успешный IoC-монтаж бизнес-панели | Слот: 101
[PAC_TRIAD_READY] Успешный IoC-монтаж бизнес-панели | Слот: 104
[PAC_TRIAD_READY] Успешный IoC-монтаж бизнес-панели | Слот: 102
[PAC_TRIAD_READY] Успешный IoC-монтаж бизнес-панели | Слот: 103
[PAC_TRIAD_READY] Успешный IoC-монтаж бизнес-панели | Слот: 106
[PAC_TRIAD_READY] Успешный IoC-монтаж бизнес-панели | Слот: 105
[PAC_TRIAD_READY] Успешный IoC-монтаж бизнес-панели | Слот: 108
[PAC_TRIAD_READY] Успешный IoC-монтаж бизнес-панели | Слот: 100
[LOAD_SEQUENCE] Все бизнес-слоты успешно гидратированы в шину.
[SMO_CLOCK_AUDIT] TX #5 | ORIGIN: 11 -> TARGET: 0 (ROOT_UNIT) | INTENT: SYNCHRONIZE_DYNAMIC_SLOT | QUEUE: 9 ед.
[KERNEL_CLOCK] Финализация загрузки модулей. Считывание путей вкладок.
[SMO_CLOCK_AUDIT] TX #17 | ORIGIN: 0 -> TARGET: 9 (RESIZE_UNIT) | INTENT: FORCE_RECALCULATE_LAYOUT | QUEUE: 1 ед.
[SMO_CLOCK_AUDIT] TX #14 | ORIGIN: 0 -> TARGET: 12 (SYSTEM_TAB_MENU) | INTENT: REGISTRATION_TAB_SPACE | QUEUE: 3 ед.
[SMO_CLOCK_AUDIT] TX #18 | ORIGIN: 0 -> TARGET: 14 (SYSTEM_VSCROLLBAR) | INTENT: SYNC_SCROLLBAR_METRICS | QUEUE: 1 ед.
[SMO_CLOCK_AUDIT] TX #31 | ORIGIN: 9 -> TARGET: 9 (RESIZE_UNIT) | INTENT: INJECT_GEO_MAP | QUEUE: 2 ед.
[16:41:51 Msk] [СМО_LAYOUT] Геометрия TUI пересчитана воркером: W=208 знакомест | H=48 строк
[16:41:51 Msk] [СМО_LAYOUT] Геометрия TUI пересчитана воркером: W=208 знакомест | H=48 строк
[SMO_CLOCK_AUDIT] TX #24 | ORIGIN: 102 -> TARGET: 102 (EXPLORER) | INTENT: INJECT_VFS_DATA | QUEUE: 2 ед.
[SMO_CLOCK_AUDIT] TX #26 | ORIGIN: 103 -> TARGET: 103 (EXPLORER) | INTENT: INJECT_VFS_DATA | QUEUE: 2 ед.
[SMO_CLOCK_AUDIT] TX #23 | ORIGIN: 102 -> TARGET: 108 (LOGGER) | INTENT: ADD_LOG_ENTRY | QUEUE: 6 ед.
[SMO_CLOCK_AUDIT] TX #37 | ORIGIN: 102 -> TARGET: 14 (SYSTEM_VSCROLLBAR) | INTENT: SYNC_SCROLLBAR_METRICS | QUEUE: 4 ед.
[SMO_CLOCK_AUDIT] TX #3 | ORIGIN: 0 -> TARGET: 0 (ROOT_UNIT) | INTENT: init | QUEUE: 1 ед.
[SMO_CLOCK_AUDIT] TX #1 | ORIGIN: 0 -> TARGET: 9 (RESIZE_UNIT) | INTENT: TRIGGER_RESIZE | QUEUE: 1 ед.
[SMO_CLOCK_AUDIT] TX #2 | ORIGIN: 0 -> TARGET: 11 (LOADER_UNIT) | INTENT: BOOT_LAYOUT_TREE | QUEUE: 1 ед.
[LOAD_SEQUENCE] Найдено прикладных slots для гидратации: 9
[IO_IMPORT_CRASH] ФАТАЛЬНЫЙ СБОЙ ЗАГРУЗКИ СЛОТА 200 | Ошибка: Cannot find module 'C:\slotcmp\III\src\modules\tabsbar\tabsbar_ctl.js' imported from C:\slotcmp\III\src\core\smo\loader_unit.js
[PAC_TRIAD_READY] Успешный IoC-монтаж бизнес-панели | Слот: 101
[PAC_TRIAD_READY] Успешный IoC-монтаж бизнес-панели | Слот: 104
[PAC_TRIAD_READY] Успешный IoC-монтаж бизнес-панели | Слот: 102
[PAC_TRIAD_READY] Успешный IoC-монтаж бизнес-панели | Слот: 103
[PAC_TRIAD_READY] Успешный IoC-монтаж бизнес-панели | Слот: 106
[PAC_TRIAD_READY] Успешный IoC-монтаж бизнес-панели | Слот: 105
[PAC_TRIAD_READY] Успешный IoC-монтаж бизнес-панели | Слот: 108
[PAC_TRIAD_READY] Успешный IoC-монтаж бизнес-панели | Слот: 100
[LOAD_SEQUENCE] Все бизнес-слоты успешно гидратированы в шину.
[SMO_CLOCK_AUDIT] TX #5 | ORIGIN: 11 -> TARGET: 0 (ROOT_UNIT) | INTENT: SYNCHRONIZE_DYNAMIC_SLOT | QUEUE: 9 ед.
[KERNEL_CLOCK] Финализация загрузки модулей. Считывание путей вкладок.
[SMO_CLOCK_AUDIT] TX #17 | ORIGIN: 0 -> TARGET: 9 (RESIZE_UNIT) | INTENT: FORCE_RECALCULATE_LAYOUT | QUEUE: 1 ед.
[SMO_CLOCK_AUDIT] TX #14 | ORIGIN: 0 -> TARGET: 12 (SYSTEM_TAB_MENU) | INTENT: REGISTRATION_TAB_SPACE | QUEUE: 3 ед.
[SMO_CLOCK_AUDIT] TX #18 | ORIGIN: 0 -> TARGET: 14 (SYSTEM_VSCROLLBAR) | INTENT: SYNC_SCROLLBAR_METRICS | QUEUE: 1 ед.
[SMO_CLOCK_AUDIT] TX #31 | ORIGIN: 9 -> TARGET: 9 (RESIZE_UNIT) | INTENT: INJECT_GEO_MAP | QUEUE: 2 ед.
[16:47:36 Msk] [СМО_LAYOUT] Геометрия TUI пересчитана воркером: W=208 знакомест | H=48 строк
[16:47:36 Msk] [СМО_LAYOUT] Геометрия TUI пересчитана воркером: W=208 знакомест | H=48 строк
[SMO_CLOCK_AUDIT] TX #24 | ORIGIN: 102 -> TARGET: 102 (EXPLORER) | INTENT: INJECT_VFS_DATA | QUEUE: 2 ед.
[SMO_CLOCK_AUDIT] TX #26 | ORIGIN: 103 -> TARGET: 103 (EXPLORER) | INTENT: INJECT_VFS_DATA | QUEUE: 2 ед.
[SMO_CLOCK_AUDIT] TX #23 | ORIGIN: 102 -> TARGET: 108 (LOGGER) | INTENT: ADD_LOG_ENTRY | QUEUE: 6 ед.
[SMO_CLOCK_AUDIT] TX #37 | ORIGIN: 102 -> TARGET: 14 (SYSTEM_VSCROLLBAR) | INTENT: SYNC_SCROLLBAR_METRICS | QUEUE: 4 ед.
[SMO_CLOCK_AUDIT] TX #3 | ORIGIN: 0 -> TARGET: 0 (ROOT_UNIT) | INTENT: init | QUEUE: 1 ед.
[SMO_CLOCK_AUDIT] TX #1 | ORIGIN: 0 -> TARGET: 9 (RESIZE_UNIT) | INTENT: TRIGGER_RESIZE | QUEUE: 1 ед.
[SMO_CLOCK_AUDIT] TX #2 | ORIGIN: 0 -> TARGET: 11 (LOADER_UNIT) | INTENT: BOOT_LAYOUT_TREE | QUEUE: 1 ед.
[LOAD_SEQUENCE] Найдено прикладных slots для гидратации: 9
[IO_IMPORT_CRASH] ФАТАЛЬНЫЙ СБОЙ ЗАГРУЗКИ СЛОТА 200 | Ошибка: Cannot find module 'C:\slotcmp\III\src\modules\tabsbar\tabsbar_ctl.js' imported from C:\slotcmp\III\src\core\smo\loader_unit.js
[PAC_TRIAD_READY] Успешный IoC-монтаж бизнес-панели | Слот: 101
[PAC_TRIAD_READY] Успешный IoC-монтаж бизнес-панели | Слот: 104
[PAC_TRIAD_READY] Успешный IoC-монтаж бизнес-панели | Слот: 102
[PAC_TRIAD_READY] Успешный IoC-монтаж бизнес-панели | Слот: 103
[PAC_TRIAD_READY] Успешный IoC-монтаж бизнес-панели | Слот: 106
[PAC_TRIAD_READY] Успешный IoC-монтаж бизнес-панели | Слот: 105
[PAC_TRIAD_READY] Успешный IoC-монтаж бизнес-панели | Слот: 108
[PAC_TRIAD_READY] Успешный IoC-монтаж бизнес-панели | Слот: 100
[LOAD_SEQUENCE] Все бизнес-слоты успешно гидратированы в шину.
[SMO_CLOCK_AUDIT] TX #5 | ORIGIN: 11 -> TARGET: 0 (ROOT_UNIT) | INTENT: SYNCHRONIZE_DYNAMIC_SLOT | QUEUE: 9 ед.
[KERNEL_CLOCK] Финализация загрузки модулей. Считывание путей вкладок.
[SMO_CLOCK_AUDIT] TX #17 | ORIGIN: 0 -> TARGET: 9 (RESIZE_UNIT) | INTENT: FORCE_RECALCULATE_LAYOUT | QUEUE: 1 ед.
[SMO_CLOCK_AUDIT] TX #14 | ORIGIN: 0 -> TARGET: 12 (SYSTEM_TAB_MENU) | INTENT: REGISTRATION_TAB_SPACE | QUEUE: 3 ед.
[SMO_CLOCK_AUDIT] TX #18 | ORIGIN: 0 -> TARGET: 14 (SYSTEM_VSCROLLBAR) | INTENT: SYNC_SCROLLBAR_METRICS | QUEUE: 1 ед.
[SMO_CLOCK_AUDIT] TX #31 | ORIGIN: 9 -> TARGET: 9 (RESIZE_UNIT) | INTENT: INJECT_GEO_MAP | QUEUE: 2 ед.
[16:50:01 Msk] [СМО_LAYOUT] Геометрия TUI пересчитана воркером: W=208 знакомест | H=48 строк
[16:50:01 Msk] [СМО_LAYOUT] Геометрия TUI пересчитана воркером: W=208 знакомест | H=48 строк
[SMO_CLOCK_AUDIT] TX #24 | ORIGIN: 102 -> TARGET: 102 (EXPLORER) | INTENT: INJECT_VFS_DATA | QUEUE: 2 ед.
[SMO_CLOCK_AUDIT] TX #26 | ORIGIN: 103 -> TARGET: 103 (EXPLORER) | INTENT: INJECT_VFS_DATA | QUEUE: 2 ед.
[SMO_CLOCK_AUDIT] TX #23 | ORIGIN: 102 -> TARGET: 108 (LOGGER) | INTENT: ADD_LOG_ENTRY | QUEUE: 6 ед.
[SMO_CLOCK_AUDIT] TX #37 | ORIGIN: 102 -> TARGET: 14 (SYSTEM_VSCROLLBAR) | INTENT: SYNC_SCROLLBAR_METRICS | QUEUE: 4 ед.
[SMO_CLOCK_AUDIT] TX #144 | ORIGIN: 10 -> TARGET: 9 (RESIZE_UNIT) | INTENT: RESIZE_SLOT_GEOMETRY | QUEUE: 1 ед.
[SMO_CLOCK_AUDIT] TX #174 | ORIGIN: 10 -> TARGET: 102 (EXPLORER) | INTENT: MOUSE_CLICK | QUEUE: 1 ед.
[SMO_CLOCK_AUDIT] TX #176 | ORIGIN: 10 -> TARGET: 102 (EXPLORER) | INTENT: MOUSE_CLICK | QUEUE: 1 ед.
[SMO_CLOCK_AUDIT] TX #179 | ORIGIN: 102 -> TARGET: 102 (EXPLORER) | INTENT: INJECT_VFS_DATA | QUEUE: 1 ед.
[SMO_CLOCK_AUDIT] TX #178 | ORIGIN: 102 -> TARGET: 108 (LOGGER) | INTENT: ADD_LOG_ENTRY | QUEUE: 1 ед.
[SMO_CLOCK_AUDIT] TX #180 | ORIGIN: 102 -> TARGET: 14 (SYSTEM_VSCROLLBAR) | INTENT: SYNC_SCROLLBAR_METRICS | QUEUE: 1 ед.
[SMO_CLOCK_AUDIT] TX #225 | ORIGIN: 10 -> TARGET: 12 (SYSTEM_TAB_MENU) | INTENT: TAB_CLICKED | QUEUE: 1 ед.
[SMO_CLOCK_AUDIT] TX #226 | ORIGIN: 12 -> TARGET: 102 (EXPLORER) | INTENT: SWITCH_SLOT_TAB | QUEUE: 1 ед.
[SMO_CLOCK_AUDIT] TX #230 | ORIGIN: 102 -> TARGET: 102 (EXPLORER) | INTENT: INJECT_VFS_DATA | QUEUE: 2 ед.
[SMO_CLOCK_AUDIT] TX #229 | ORIGIN: 102 -> TARGET: 108 (LOGGER) | INTENT: ADD_LOG_ENTRY | QUEUE: 2 ед.
[SMO_CLOCK_AUDIT] TX #233 | ORIGIN: 102 -> TARGET: 14 (SYSTEM_VSCROLLBAR) | INTENT: SYNC_SCROLLBAR_METRICS | QUEUE: 2 ед.
[SMO_CLOCK_AUDIT] TX #303 | ORIGIN: 10 -> TARGET: 9 (RESIZE_UNIT) | INTENT: RESIZE_SLOT_GEOMETRY | QUEUE: 1 ед.
[SMO_CLOCK_AUDIT] TX #517 | ORIGIN: 10 -> TARGET: 9 (RESIZE_UNIT) | INTENT: RESIZE_SLOT_GEOMETRY | QUEUE: 1 ед.
[SMO_CLOCK_AUDIT] TX #525 | ORIGIN: 4 -> TARGET: 4 (KEYBOARD_UNIT) | INTENT: EXECUTE_RESOLVED_KEY | QUEUE: 1 ед.
[SMO_CLOCK_AUDIT] TX #526 | ORIGIN: 4 -> TARGET: 105 (COMMAND) | INTENT: KEY_PRESSED | QUEUE: 1 ед.
[SMO_CLOCK_AUDIT] TX #524 | ORIGIN: 4 -> TARGET: 108 (LOGGER) | INTENT: ADD_LOG_ENTRY | QUEUE: 1 ед.
[SMO_CLOCK_AUDIT] TX #530 | ORIGIN: 4 -> TARGET: 4 (KEYBOARD_UNIT) | INTENT: EXECUTE_RESOLVED_KEY | QUEUE: 1 ед.
[SMO_CLOCK_AUDIT] TX #531 | ORIGIN: 4 -> TARGET: 105 (COMMAND) | INTENT: KEY_PRESSED | QUEUE: 1 ед.
[SMO_CLOCK_AUDIT] TX #529 | ORIGIN: 4 -> TARGET: 108 (LOGGER) | INTENT: ADD_LOG_ENTRY | QUEUE: 1 ед.
[SMO_CLOCK_AUDIT] TX #540 | ORIGIN: 4 -> TARGET: 4 (KEYBOARD_UNIT) | INTENT: EXECUTE_RESOLVED_KEY | QUEUE: 1 ед.
[SMO_CLOCK_AUDIT] TX #541 | ORIGIN: 4 -> TARGET: 105 (COMMAND) | INTENT: KEY_PRESSED | QUEUE: 1 ед.
[SMO_CLOCK_AUDIT] TX #539 | ORIGIN: 4 -> TARGET: 108 (LOGGER) | INTENT: ADD_LOG_ENTRY | QUEUE: 1 ед.
[SMO_CLOCK_AUDIT] TX #547 | ORIGIN: 4 -> TARGET: 4 (KEYBOARD_UNIT) | INTENT: EXECUTE_RESOLVED_KEY | QUEUE: 1 ед.
[SMO_CLOCK_AUDIT] TX #548 | ORIGIN: 4 -> TARGET: 105 (COMMAND) | INTENT: KEY_PRESSED | QUEUE: 1 ед.
[SMO_CLOCK_AUDIT] TX #546 | ORIGIN: 4 -> TARGET: 108 (LOGGER) | INTENT: ADD_LOG_ENTRY | QUEUE: 1 ед.
[SMO_CLOCK_AUDIT] TX #554 | ORIGIN: 4 -> TARGET: 4 (KEYBOARD_UNIT) | INTENT: EXECUTE_RESOLVED_KEY | QUEUE: 1 ед.
[SMO_CLOCK_AUDIT] TX #555 | ORIGIN: 4 -> TARGET: 105 (COMMAND) | INTENT: KEY_PRESSED | QUEUE: 1 ед.
[SMO_CLOCK_AUDIT] TX #553 | ORIGIN: 4 -> TARGET: 108 (LOGGER) | INTENT: ADD_LOG_ENTRY | QUEUE: 1 ед.
[SMO_CLOCK_AUDIT] TX #562 | ORIGIN: 4 -> TARGET: 4 (KEYBOARD_UNIT) | INTENT: EXECUTE_RESOLVED_KEY | QUEUE: 1 ед.
[SMO_CLOCK_AUDIT] TX #563 | ORIGIN: 4 -> TARGET: 105 (COMMAND) | INTENT: KEY_PRESSED | QUEUE: 1 ед.
[SMO_CLOCK_AUDIT] TX #561 | ORIGIN: 4 -> TARGET: 108 (LOGGER) | INTENT: ADD_LOG_ENTRY | QUEUE: 1 ед.
[SMO_CLOCK_AUDIT] TX #571 | ORIGIN: 4 -> TARGET: 4 (KEYBOARD_UNIT) | INTENT: EXECUTE_RESOLVED_KEY | QUEUE: 1 ед.
[SMO_CLOCK_AUDIT] TX #572 | ORIGIN: 4 -> TARGET: 105 (COMMAND) | INTENT: KEY_PRESSED | QUEUE: 1 ед.
[SMO_CLOCK_AUDIT] TX #570 | ORIGIN: 4 -> TARGET: 108 (LOGGER) | INTENT: ADD_LOG_ENTRY | QUEUE: 1 ед.
[SMO_CLOCK_AUDIT] TX #599 | ORIGIN: 10 -> TARGET: 9 (RESIZE_UNIT) | INTENT: RESIZE_SLOT_GEOMETRY | QUEUE: 1 ед.
